2026-08-27 10:01:25 WARNING GET /api/orders 400 2312

2026-08-27 10:01:28 INFO GET /api/users 200 1109
2026-08-27 10:01:29 WARNING POST /api/logout 404 758
2026-08-27 10:01:32 INFO GET /api/health 200 314
2026-08-27 10:01:35 INFO DELETE /api/users/706 200 613
2026-08-27 10:01:36 INFO GET /api/orders 200 1079
2026-08-27 10:01:39 INFO GET /api/products 200 610
2026-08-27 10:01:41 INFO GET /api/health 200 1061
2026-08-27 10:01:42 ERROR POST /api/login 500 1413
2026-08-27 10:01:43 WARNING GET /api/users 404 1109
2026-08-27 10:01:44 INFO POST /api/orders 200 44
2026-08-27 10:01:45 INFO GET /api/products 200 1349
2026-08-27 10:01:46 INFO GET /api/products 200 1294
2026-08-27 10:01:47 INFO DELETE /api/users/481 200 860
2026-08-27 10:01:50 INFO POST /api/logout 200 1093
2026-08-27 10:01:51 INFO POST /api/logout 200 755
2026-08-27 10:01:52 WARNING GET /api/users/7 401 1262
2026-08-27 10:01:53 INFO GET /api/users/867 200 372
2026-08-27 10:01:54 INFO POST /api/logout 200 590
2026-08-27 10:01:55 INFO GET /api/health 200 1206
2026-08-27 10:01:56 INFO PUT /api/products/635 200 940
2026-08-27 10:01:57 INFO POST /api/logout 200 1209
2026-08-27 10:01:58 INFO GET /api/health 200 1056
2026-08-27 10:01:59 INFO POST /api/logout 201 1284
2026-08-27 10:02:01 WARNING POST /api/orders 429 2202
2026-08-27 10:02:04 INFO DELETE /api/users/26 200 49
2026-08-27 10:02:06 INFO GET /api/products 200 1233
2026-08-27 10:02:07 INFO POST /api/logout 200 304
2026-08-27 10:02:09 INFO GET /api/users/585 200 446
2026-08-27 10:02:10 ERROR POST /api/login 500 1919
2026-08-27 10:02:11 WARNING GET /api/health 404 1531
2026-08-27 10:02:12 WARNING GET /api/users/693 404 1838
2026-08-27 10:02:14 WARNING GET /api/products 404 1562
2026-08-27 10:02:16 INFO POST /api/orders 200 1227
2026-08-27 10:02:18 INFO PUT /api/products/547 200 82
2026-08-27 10:02:19 INFO GET /api/users/631 200 1374
2026-08-27 10:02:20 INFO GET /api/users/997 201 120
2026-08-27 10:02:21 INFO GET /api/products 200 346
2026-08-27 10:02:24 INFO GET /api/users 200 724
2026-08-27 10:02:25 INFO GET /api/orders 200 435
2026-08-27 10:02:28 INFO GET /api/health 200 1409
2026-08-27 10:02:29 INFO GET /api/orders 200 664
2026-08-27 10:02:30 INFO POST /api/orders 200 1284
2026-08-27 10:02:32 INFO PUT /api/products/812 200 1092
2026-08-27 10:02:35 INFO GET /api/products 200 331
2026-08-27 10:02:36 INFO GET /api/users/875 200 1482
2026-08-27 10:02:38 INFO POST /api/login 200 755
2026-08-27 10:02:39 INFO POST /api/logout 200 1400
2026-08-27 10:02:40 INFO GET /api/users/732 200 1033
2026-08-27 10:02:41 INFO POST /api/login 200 1496
2026-08-27 10:02:42 INFO GET /api/users 200 1443
2026-08-27 10:02:44 INFO POST /api/login 200 1184
2026-08-27 10:02:45 INFO PUT /api/products/390 200 1252
2026-08-27 10:02:46 INFO GET /api/users/931 200 1311
2026-08-27 10:02:49 INFO GET /api/products 200 917
2026-08-27 10:02:50 INFO POST /api/login 200 221
2026-08-27 10:02:51 INFO POST /api/orders 200 42
2026-08-27 10:02:52 WARNING GET /api/users 400 1733
2026-08-27 10:02:53 INFO POST /api/login 200 520
2026-08-27 10:02:56 INFO GET /api/users/863 200 351
2026-08-27 10:02:57 INFO GET /api/health 200 931
2026-08-27 10:02:59 INFO PUT /api/products/90 200 108
2026-08-27 10:03:00 INFO POST /api/login 200 1292
2026-08-27 10:03:01 INFO POST /api/orders 200 516
2026-08-27 10:03:02 INFO GET /api/users 200 531
2026-08-27 10:03:03 INFO GET /api/health 200 964
2026-08-27 10:03:05 INFO GET /api/health 200 177
2026-08-27 10:03:08 ERROR POST /api/orders 503 1400
2026-08-27 10:03:09 INFO POST /api/logout 200 1390
2026-08-27 10:03:11 INFO GET /api/orders 200 756
2026-08-27 10:03:13 INFO POST /api/logout 200 830
2026-08-27 10:03:16 INFO DELETE /api/users/833 200 1281
2026-08-27 10:03:17 INFO POST /api/logout 201 206
2026-08-27 10:03:19 ERROR GET /api/orders 500 2096
2026-08-27 10:03:20 INFO POST /api/logout 200 279
2026-08-27 10:03:21 INFO DELETE /api/users/508 200 536
2026-08-27 10:03:23 INFO GET /api/users/796 200 1114
2026-08-27 10:03:24 INFO DELETE /api/users/177 200 251
2026-08-27 10:03:26 INFO GET /api/health 200 141
2026-08-27 10:03:28 INFO PUT /api/products/727 200 238
2026-08-27 10:03:29 INFO GET /api/products 200 697
2026-08-27 10:03:30 INFO GET /api/health 200 816
2026-08-27 10:03:32 INFO POST /api/orders 200 60
2026-08-27 10:03:35 INFO GET /api/orders 200 985
2026-08-27 10:03:37 INFO DELETE /api/users/856 200 835
2026-08-27 10:03:39 INFO POST /api/orders 200 771
2026-08-27 10:03:40 INFO DELETE /api/users/146 200 391
2026-08-27 10:03:41 INFO GET /api/products 200 288
2026-08-27 10:03:42 INFO POST /api/login 200 1088
2026-08-27 10:03:43 INFO GET /api/users 200 144
2026-08-27 10:03:44 INFO GET /api/users 200 79
2026-08-27 10:03:45 WARNING GET /api/users/161 404 519
2026-08-27 10:03:46 INFO GET /api/users/92 200 339
2026-08-27 10:03:47 INFO POST /api/orders 200 247
2026-08-27 10:03:50 INFO GET /api/health 201 1269
2026-08-27 10:03:51 INFO POST /api/logout 200 547
2026-08-27 10:03:54 WARNING GET /api/orders 429 2061
2026-08-27 10:03:55 INFO GET /api/users/869 200 1213
2026-08-27 10:03:56 INFO GET /api/products 200 235
2026-08-27 10:03:57 INFO DELETE /api/users/434 200 571
2026-08-27 10:03:58 INFO GET /api/health 200 1177
2026-08-27 10:03:59 INFO GET /api/users 200 1325
2026-08-27 10:04:00 INFO GET /api/users 200 1061
2026-08-27 10:04:03 INFO GET /api/products 200 1063
2026-08-27 10:04:05 INFO PUT /api/products/603 200 1350
2026-08-27 10:04:06 WARNING GET /api/users/404 404 2443
2026-08-27 10:04:07 WARNING GET /api/products 400 623
2026-08-27 10:04:08 ERROR PUT /api/products/409 500 2166
2026-08-27 10:04:10 INFO GET /api/products 200 298
2026-08-27 10:04:11 INFO DELETE /api/users/283 200 1067
2026-08-27 10:04:12 INFO POST /api/login 200 1306
2026-08-27 10:04:14 ERROR POST /api/orders 503 1833
2026-08-27 10:04:17 INFO POST /api/orders 200 744
2026-08-27 10:04:19 INFO GET /api/users/509 200 1195
2026-08-27 10:04:20 INFO PUT /api/products/480 200 1384
2026-08-27 10:04:23 WARNING GET /api/orders 429 520
2026-08-27 10:04:26 WARNING DELETE /api/users/574 404 1455
2026-08-27 10:04:28 WARNING POST /api/logout 400 528
2026-08-27 10:04:31 INFO GET /api/products 200 1133
2026-08-27 10:04:33 INFO POST /api/login 200 117
2026-08-27 10:04:34 INFO GET /api/users 200 1156
2026-08-27 10:04:36 INFO GET /api/users 200 149
2026-08-27 10:04:37 INFO DELETE /api/users/634 201 1336
2026-08-27 10:04:38 INFO GET /api/users/51 200 637
2026-08-27 10:04:41 WARNING GET /api/health 404 939
2026-08-27 10:04:42 INFO GET /api/orders 200 310
2026-08-27 10:04:44 INFO GET /api/users 200 236
2026-08-27 10:04:45 INFO GET /api/orders 200 773
2026-08-27 10:04:48 INFO GET /api/orders 200 628
2026-08-27 10:04:49 INFO POST /api/orders 200 186
2026-08-27 10:04:50 INFO POST /api/logout 200 678
2026-08-27 10:04:51 INFO GET /api/products 200 577
2026-08-27 10:04:53 INFO PUT /api/products/853 200 155
2026-08-27 10:04:55 INFO GET /api/orders 200 261
2026-08-27 10:04:57 INFO GET /api/health 200 1004
2026-08-27 10:04:58 INFO GET /api/health 200 825
2026-08-27 10:04:59 WARNING GET /api/health 401 1816
2026-08-27 10:05:00 INFO GET /api/orders 200 728
2026-08-27 10:05:01 WARNING GET /api/products 404 627
2026-08-27 10:05:02 INFO POST /api/logout 200 556
2026-08-27 10:05:03 WARNING GET /api/health 404 1577
2026-08-27 10:05:06 ERROR GET /api/products 500 2305
2026-08-27 10:05:07 INFO GET /api/users/277 200 716
2026-08-27 10:05:09 INFO GET /api/health 200 900
2026-08-27 10:05:12 INFO GET /api/health 200 155
2026-08-27 10:05:13 INFO POST /api/logout 200 1300
2026-08-27 10:05:14 INFO POST /api/login 200 1419
2026-08-27 10:05:15 INFO GET /api/orders 200 1339
2026-08-27 10:05:17 INFO GET /api/health 200 180
2026-08-27 10:05:19 INFO GET /api/products 200 433
2026-08-27 10:05:20 INFO DELETE /api/users/286 200 300
2026-08-27 10:05:21 INFO GET /api/users/516 201 112
2026-08-27 10:05:22 ERROR GET /api/health 500 355
2026-08-27 10:05:23 ERROR GET /api/users/36 503 847
2026-08-27 10:05:24 INFO POST /api/login 200 923
2026-08-27 10:05:25 INFO GET /api/users 200 1193
2026-08-27 10:05:26 INFO DELETE /api/users/26 200 341
2026-08-27 10:05:28 INFO GET /api/orders 200 1498
2026-08-27 10:05:29 INFO DELETE /api/users/685 200 227
2026-08-27 10:05:31 INFO PUT /api/products/846 200 161
2026-08-27 10:05:34 INFO GET /api/health 200 90
2026-08-27 10:05:35 INFO GET /api/products 200 561
2026-08-27 10:05:36 INFO POST /api/logout 200 1070
2026-08-27 10:05:37 INFO GET /api/users 200 1350
2026-08-27 10:05:40 INFO POST /api/login 200 1390
2026-08-27 10:05:42 INFO GET /api/products 200 85
2026-08-27 10:05:43 ERROR GET /api/users/999 500 2039
2026-08-27 10:05:45 INFO GET /api/users 200 433
2026-08-27 10:05:46 INFO POST /api/logout 200 294
2026-08-27 10:05:49 INFO GET /api/health 200 1108
2026-08-27 10:05:52 INFO GET /api/health 200 1485
2026-08-27 10:05:53 INFO POST /api/orders 200 910
2026-08-27 10:05:54 INFO GET /api/users/976 200 384
2026-08-27 10:05:56 INFO GET /api/users/330 200 1010
2026-08-27 10:05:57 INFO POST /api/login 200 948
2026-08-27 10:05:58 INFO GET /api/users/595 200 746
2026-08-27 10:05:59 WARNING DELETE /api/users/695 404 2473
2026-08-27 10:06:00 INFO GET /api/products 200 175
2026-08-27 10:06:02 INFO GET /api/users/10 200 928
2026-08-27 10:06:03 INFO GET /api/products 200 1497
2026-08-27 10:06:04 INFO POST /api/login 200 1421
2026-08-27 10:06:05 INFO POST /api/login 200 877
2026-08-27 10:06:06 WARNING GET /api/orders 400 594
2026-08-27 10:06:09 INFO GET /api/products 200 641
2026-08-27 10:06:10 INFO GET /api/users 200 883
2026-08-27 10:06:11 INFO GET /api/users 200 1350
2026-08-27 10:06:13 WARNING GET /api/products 400 2229
2026-08-27 10:06:14 INFO GET /api/users 200 683
2026-08-27 10:06:15 INFO GET /api/products 200 590
2026-08-27 10:06:16 INFO GET /api/products 200 458
2026-08-27 10:06:17 INFO GET /api/users 200 859
2026-08-27 10:06:18 INFO GET /api/products 200 282
2026-08-27 10:06:19 INFO GET /api/products 201 945
2026-08-27 10:06:20 WARNING GET /api/users 400 1364
2026-08-27 10:06:22 INFO DELETE /api/users/215 200 778
2026-08-27 10:06:24 INFO GET /api/users 200 485
2026-08-27 10:06:26 WARNING GET /api/users/183 400 865
2026-08-27 10:06:27 INFO POST /api/login 200 274
2026-08-27 10:06:28 INFO POST /api/orders 200 644
2026-08-27 10:06:29 INFO GET /api/users 201 974
2026-08-27 10:06:30 INFO POST /api/login 200 207
2026-08-27 10:06:31 WARNING POST /api/login 404 575
2026-08-27 10:06:34 INFO GET /api/products 200 86
2026-08-27 10:06:35 INFO PUT /api/products/856 200 213
2026-08-27 10:06:38 INFO GET /api/health 200 432
2026-08-27 10:06:40 INFO GET /api/products 200 1488
2026-08-27 10:06:41 WARNING DELETE /api/users/295 400 957
2026-08-27 10:06:42 INFO GET /api/orders 200 321
2026-08-27 10:06:44 INFO PUT /api/products/628 200 1494
2026-08-27 10:06:45 INFO POST /api/orders 200 620
2026-08-27 10:06:47 ERROR GET /api/users 500 427
2026-08-27 10:06:48 INFO DELETE /api/users/856 200 606
2026-08-27 10:06:49 ERROR DELETE /api/users/58 500 545
2026-08-27 10:06:52 INFO POST /api/logout 200 801
2026-08-27 10:06:53 INFO POST /api/login 200 411
2026-08-27 10:06:54 INFO GET /api/products 200 1419
2026-08-27 10:06:56 INFO POST /api/orders 200 273
2026-08-27 10:06:57 INFO DELETE /api/users/316 200 1293
2026-08-27 10:06:58 INFO GET /api/orders 200 956
2026-08-27 10:06:59 INFO PUT /api/products/122 200 44
2026-08-27 10:07:01 WARNING GET /api/users/287 400 1328
2026-08-27 10:07:02 ERROR GET /api/orders 500 851
2026-08-27 10:07:03 INFO GET /api/orders 200 272
2026-08-27 10:07:04 INFO GET /api/users 200 276
2026-08-27 10:07:07 INFO GET /api/users 200 561
2026-08-27 10:07:08 INFO GET /api/users/835 201 969
2026-08-27 10:07:09 INFO GET /api/health 200 233
2026-08-27 10:07:11 INFO DELETE /api/users/948 200 64
2026-08-27 10:07:12 ERROR GET /api/users/15 500 1614
2026-08-27 10:07:13 ERROR POST /api/logout 500 2247
2026-08-27 10:07:14 WARNING GET /api/health 400 978
2026-08-27 10:07:15 INFO DELETE /api/users/483 200 1465
2026-08-27 10:07:16 INFO GET /api/users 200 49
2026-08-27 10:07:17 INFO GET /api/health 200 672
2026-08-27 10:07:18 INFO GET /api/users/125 200 77
2026-08-27 10:07:19 INFO GET /api/products 200 1041
2026-08-27 10:07:21 WARNING GET /api/users/937 400 1084
2026-08-27 10:07:22 INFO POST /api/login 200 680
2026-08-27 10:07:23 INFO DELETE /api/users/987 200 831
2026-08-27 10:07:25 ERROR DELETE /api/users/693 503 2447
2026-08-27 10:07:26 INFO POST /api/login 200 846
2026-08-27 10:07:29 WARNING DELETE /api/users/409 429 512
2026-08-27 10:07:31 INFO GET /api/users/685 200 293
2026-08-27 10:07:32 INFO GET /api/users/427 200 1160
2026-08-27 10:07:34 INFO POST /api/orders 200 1148
2026-08-27 10:07:35 INFO DELETE /api/users/386 200 1187
2026-08-27 10:07:36 WARNING DELETE /api/users/178 429 1218
2026-08-27 10:07:38 WARNING POST /api/orders 400 2216
2026-08-27 10:07:39 WARNING POST /api/orders 400 404
2026-08-27 10:07:40 INFO POST /api/login 200 1432
2026-08-27 10:07:42 INFO GET /api/users 200 298
2026-08-27 10:07:43 INFO DELETE /api/users/621 200 274
2026-08-27 10:07:44 INFO POST /api/logout 200 148
2026-08-27 10:07:47 INFO GET /api/users 200 1427
2026-08-27 10:07:50 INFO PUT /api/products/102 200 1165
2026-08-27 10:07:53 WARNING GET /api/health 404 1479
2026-08-27 10:07:55 INFO POST /api/login 200 397
2026-08-27 10:07:57 WARNING GET /api/users/4 400 1919
2026-08-27 10:08:00 INFO POST /api/login 200 1283
2026-08-27 10:08:01 INFO POST /api/orders 200 1167
2026-08-27 10:08:02 WARNING GET /api/orders 401 1645
2026-08-27 10:08:03 INFO GET /api/products 200 1427
2026-08-27 10:08:05 INFO POST /api/orders 200 507
2026-08-27 10:08:06 INFO GET /api/users 200 1067
2026-08-27 10:08:07 INFO GET /api/orders 200 797
2026-08-27 10:08:08 INFO POST /api/orders 200 54
2026-08-27 10:08:10 INFO GET /api/orders 200 1013
2026-08-27 10:08:12 WARNING GET /api/orders 401 409
2026-08-27 10:08:13 INFO GET /api/users 200 1294
2026-08-27 10:08:16 INFO GET /api/orders 200 522
2026-08-27 10:08:17 INFO GET /api/products 200 659
2026-08-27 10:08:20 INFO PUT /api/products/536 200 392
2026-08-27 10:08:21 INFO POST /api/orders 200 876
2026-08-27 10:08:22 WARNING PUT /api/products/811 404 1459
2026-08-27 10:08:23 ERROR POST /api/login 500 1282
2026-08-27 10:08:24 WARNING GET /api/users 401 1407
2026-08-27 10:08:27 INFO GET /api/users/311 200 917
2026-08-27 10:08:30 INFO POST /api/logout 200 405
2026-08-27 10:08:31 WARNING POST /api/login 404 1645
2026-08-27 10:08:33 INFO GET /api/products 200 156
2026-08-27 10:08:36 INFO GET /api/health 200 863
2026-08-27 10:08:37 INFO POST /api/login 200 438
2026-08-27 10:08:38 INFO GET /api/orders 200 154
2026-08-27 10:08:39 INFO GET /api/health 200 901
2026-08-27 10:08:42 INFO POST /api/logout 200 1389
2026-08-27 10:08:44 INFO GET /api/users/850 200 891
2026-08-27 10:08:45 WARNING GET /api/products 400 1270
2026-08-27 10:08:46 WARNING GET /api/orders 401 2410
2026-08-27 10:08:47 INFO POST /api/login 200 889
2026-08-27 10:08:48 INFO POST /api/logout 200 783
2026-08-27 10:08:49 INFO POST /api/login 200 1442
2026-08-27 10:08:50 INFO GET /api/orders 200 1063
2026-08-27 10:08:51 INFO GET /api/users 200 663
2026-08-27 10:08:52 INFO GET /api/users 200 1193
2026-08-27 10:08:53 INFO GET /api/users 200 1313
2026-08-27 10:08:54 WARNING GET /api/users 404 2157
2026-08-27 10:08:55 INFO POST /api/login 200 271
2026-08-27 10:08:56 INFO PUT /api/products/154 200 241
2026-08-27 10:08:59 WARNING GET /api/orders 400 1182
2026-08-27 10:09:00 WARNING GET /api/users 404 841
2026-08-27 10:09:01 ERROR GET /api/users/49 500 2279
2026-08-27 10:09:03 ERROR PUT /api/products/795 500 1949
2026-08-27 10:09:05 WARNING POST /api/login 429 1202
2026-08-27 10:09:07 INFO POST /api/login 201 1298
2026-08-27 10:09:08 INFO PUT /api/products/234 200 963
2026-08-27 10:09:09 INFO POST /api/logout 200 1280
2026-08-27 10:09:12 INFO GET /api/users 200 1188
2026-08-27 10:09:13 ERROR POST /api/logout 503 946
2026-08-27 10:09:14 INFO GET /api/health 200 676
2026-08-27 10:09:17 INFO POST /api/logout 200 1424
2026-08-27 10:09:18 INFO GET /api/users 200 238
2026-08-27 10:09:21 INFO GET /api/orders 200 1426
2026-08-27 10:09:22 INFO PUT /api/products/243 200 403
2026-08-27 10:09:25 INFO PUT /api/products/224 200 1411
2026-08-27 10:09:28 INFO PUT /api/products/135 200 445
2026-08-27 10:09:31 INFO POST /api/login 200 1357
2026-08-27 10:09:32 INFO GET /api/users 200 204
2026-08-27 10:09:35 WARNING POST /api/logout 401 509
2026-08-27 10:09:36 INFO GET /api/users/765 200 1095
2026-08-27 10:09:37 ERROR PUT /api/products/776 503 1151
2026-08-27 10:09:39 WARNING GET /api/health 404 2076
2026-08-27 10:09:40 INFO DELETE /api/users/470 200 510
2026-08-27 10:09:42 ERROR POST /api/logout 500 1928
2026-08-27 10:09:45 WARNING GET /api/health 404 1728
2026-08-27 10:09:46 INFO POST /api/login 200 768
2026-08-27 10:09:48 INFO PUT /api/products/140 200 1125
2026-08-27 10:09:49 INFO GET /api/orders 200 624
2026-08-27 10:09:51 WARNING POST /api/login 404 929
2026-08-27 10:09:52 INFO POST /api/orders 200 1150
2026-08-27 10:09:53 INFO DELETE /api/users/458 200 438
2026-08-27 10:09:54 INFO GET /api/health 200 1310
2026-08-27 10:09:57 INFO DELETE /api/users/663 200 738
2026-08-27 10:09:58 INFO POST /api/logout 200 65
2026-08-27 10:09:59 INFO GET /api/users 200 652
2026-08-27 10:10:01 INFO POST /api/orders 200 342
2026-08-27 10:10:03 INFO GET /api/users 200 1189
2026-08-27 10:10:06 ERROR DELETE /api/users/196 503 1688
2026-08-27 10:10:07 INFO GET /api/products 200 1069
2026-08-27 10:10:08 INFO GET /api/orders 200 473
2026-08-27 10:10:09 WARNING GET /api/users/542 429 2285
2026-08-27 10:10:10 INFO GET /api/orders 200 1281
2026-08-27 10:10:13 INFO PUT /api/products/311 200 901
2026-08-27 10:10:14 INFO GET /api/users 200 285
2026-08-27 10:10:15 INFO GET /api/health 200 1217
2026-08-27 10:10:16 INFO GET /api/users 200 1456
2026-08-27 10:10:18 INFO GET /api/orders 200 573
2026-08-27 10:10:21 INFO DELETE /api/users/735 200 819
2026-08-27 10:10:24 ERROR GET /api/products 500 688
2026-08-27 10:10:25 INFO PUT /api/products/329 200 1083
2026-08-27 10:10:26 INFO GET /api/health 200 574
2026-08-27 10:10:29 INFO GET /api/products 201 658
2026-08-27 10:10:31 INFO GET /api/health 200 539
2026-08-27 10:10:32 ERROR POST /api/orders 503 948
2026-08-27 10:10:34 INFO GET /api/users/641 200 391
2026-08-27 10:10:37 INFO GET /api/users 200 1221
2026-08-27 10:10:38 INFO GET /api/users/436 200 546
2026-08-27 10:10:39 INFO POST /api/orders 200 750
2026-08-27 10:10:42 INFO POST /api/orders 200 203
2026-08-27 10:10:43 INFO GET /api/orders 200 315
2026-08-27 10:10:44 INFO GET /api/users/396 200 389
2026-08-27 10:10:45 ERROR POST /api/login 500 1772
2026-08-27 10:10:48 WARNING GET /api/health 400 1789
2026-08-27 10:10:49 INFO GET /api/products 200 620
2026-08-27 10:10:52 INFO GET /api/products 200 763
2026-08-27 10:10:55 INFO GET /api/orders 200 1215
2026-08-27 10:10:56 INFO GET /api/health 200 862
2026-08-27 10:10:57 ERROR POST /api/logout 500 1646
2026-08-27 10:11:00 INFO DELETE /api/users/102 201 63
2026-08-27 10:11:02 INFO GET /api/health 200 42
2026-08-27 10:11:04 ERROR DELETE /api/users/113 500 528
2026-08-27 10:11:06 INFO DELETE /api/users/364 200 645
2026-08-27 10:11:07 INFO DELETE /api/users/572 200 850
2026-08-27 10:11:08 WARNING POST /api/orders 400 2257
2026-08-27 10:11:09 INFO GET /api/orders 200 72
2026-08-27 10:11:10 INFO GET /api/users 201 167
2026-08-27 10:11:11 WARNING PUT /api/products/195 404 647
2026-08-27 10:11:12 INFO GET /api/health 200 620
2026-08-27 10:11:13 INFO GET /api/health 200 960
2026-08-27 10:11:16 INFO GET /api/products 200 1049
2026-08-27 10:11:19 INFO GET /api/health 200 474
2026-08-27 10:11:21 INFO GET /api/users/224 200 1419
2026-08-27 10:11:22 ERROR GET /api/users 500 1266
2026-08-27 10:11:23 WARNING DELETE /api/users/92 401 1335
2026-08-27 10:11:24 INFO DELETE /api/users/901 200 937
2026-08-27 10:11:27 INFO POST /api/logout 200 1186
2026-08-27 10:11:28 INFO GET /api/users/166 200 982
2026-08-27 10:11:29 INFO POST /api/orders 200 1324
2026-08-27 10:11:32 INFO POST /api/login 200 60
2026-08-27 10:11:33 INFO GET /api/orders 200 65
2026-08-27 10:11:36 INFO GET /api/orders 200 176
2026-08-27 10:11:37 WARNING GET /api/users 400 2052
2026-08-27 10:11:38 INFO GET /api/users 200 935
2026-08-27 10:11:41 INFO GET /api/orders 200 1110
2026-08-27 10:11:42 INFO PUT /api/products/755 200 258
2026-08-27 10:11:43 INFO GET /api/health 200 1120
2026-08-27 10:11:44 INFO GET /api/users/674 200 1397
2026-08-27 10:11:46 ERROR GET /api/products 500 1558
2026-08-27 10:11:47 INFO DELETE /api/users/552 200 1260
2026-08-27 10:11:49 INFO GET /api/users 200 409
2026-08-27 10:11:51 INFO POST /api/orders 200 902
2026-08-27 10:11:52 INFO GET /api/orders 200 420
2026-08-27 10:11:54 WARNING DELETE /api/users/173 429 537
2026-08-27 10:11:56 INFO POST /api/logout 200 549
2026-08-27 10:11:59 INFO POST /api/logout 200 531
2026-08-27 10:12:01 INFO GET /api/health 200 1431
2026-08-27 10:12:02 INFO GET /api/products 200 556
2026-08-27 10:12:04 INFO POST /api/orders 201 594
2026-08-27 10:12:06 WARNING POST /api/logout 400 1198
2026-08-27 10:12:07 WARNING GET /api/health 400 802
2026-08-27 10:12:08 ERROR PUT /api/products/201 500 873
2026-08-27 10:12:10 INFO POST /api/logout 200 373
2026-08-27 10:12:13 INFO GET /api/products 200 260
2026-08-27 10:12:15 INFO POST /api/login 200 1350
2026-08-27 10:12:16 INFO POST /api/login 200 1499
2026-08-27 10:12:17 INFO GET /api/users 200 555
2026-08-27 10:12:18 INFO GET /api/users 200 1426
2026-08-27 10:12:19 INFO DELETE /api/users/50 200 892
2026-08-27 10:12:20 INFO DELETE /api/users/495 201 1065
2026-08-27 10:12:21 WARNING POST /api/orders 400 1803
2026-08-27 10:12:22 WARNING POST /api/login 400 651
2026-08-27 10:12:25 INFO GET /api/users/893 200 439
2026-08-27 10:12:27 INFO GET /api/users 200 1124
2026-08-27 10:12:29 INFO GET /api/products 200 1074
2026-08-27 10:12:30 INFO POST /api/logout 200 1121
2026-08-27 10:12:31 INFO GET /api/health 200 1466
2026-08-27 10:12:32 INFO POST /api/logout 201 76
2026-08-27 10:12:34 INFO GET /api/orders 200 65
2026-08-27 10:12:35 INFO POST /api/logout 200 1320
2026-08-27 10:12:36 INFO GET /api/health 200 1461
2026-08-27 10:12:37 INFO GET /api/users/930 200 424
2026-08-27 10:12:40 ERROR PUT /api/products/6 500 717
2026-08-27 10:12:43 INFO GET /api/orders 200 1469
2026-08-27 10:12:46 INFO PUT /api/products/483 200 450
2026-08-27 10:12:48 INFO POST /api/logout 200 558
2026-08-27 10:12:49 INFO GET /api/users 200 1076
2026-08-27 10:12:51 INFO POST /api/login 200 626
2026-08-27 10:12:54 WARNING GET /api/health 400 599
2026-08-27 10:12:55 INFO POST /api/logout 200 441
2026-08-27 10:12:56 INFO PUT /api/products/34 200 920
2026-08-27 10:12:57 INFO GET /api/orders 200 1286
2026-08-27 10:12:59 INFO PUT /api/products/471 200 695
2026-08-27 10:13:00 INFO GET /api/orders 200 974
2026-08-27 10:13:01 WARNING GET /api/users 400 1432
2026-08-27 10:13:02 INFO GET /api/users/618 200 758
2026-08-27 10:13:04 WARNING PUT /api/products/695 400 1004
2026-08-27 10:13:07 INFO GET /api/orders 200 824
2026-08-27 10:13:08 ERROR GET /api/health 500 601
2026-08-27 10:13:09 INFO GET /api/users 200 662
2026-08-27 10:13:10 INFO DELETE /api/users/92 200 399
2026-08-27 10:13:12 WARNING POST /api/logout 400 2239
2026-08-27 10:13:13 INFO GET /api/users/192 200 553
2026-08-27 10:13:14 INFO GET /api/products 200 951
2026-08-27 10:13:15 INFO PUT /api/products/637 200 1320
2026-08-27 10:13:16 INFO POST /api/login 200 868
2026-08-27 10:13:17 INFO PUT /api/products/647 200 1456
2026-08-27 10:13:19 ERROR GET /api/products 500 2030
2026-08-27 10:13:20 INFO GET /api/users/294 200 879
2026-08-27 10:13:21 INFO GET /api/orders 200 290
2026-08-27 10:13:22 WARNING DELETE /api/users/995 400 1493
2026-08-27 10:13:23 INFO GET /api/health 200 226
2026-08-27 10:13:24 WARNING DELETE /api/users/268 429 2014
2026-08-27 10:13:25 INFO GET /api/health 200 638
2026-08-27 10:13:28 INFO GET /api/users 200 1350
2026-08-27 10:13:31 INFO PUT /api/products/20 200 463
2026-08-27 10:13:34 INFO GET /api/products 200 1168
2026-08-27 10:13:37 INFO GET /api/health 200 622
2026-08-27 10:13:38 INFO POST /api/orders 200 1029
2026-08-27 10:13:39 INFO POST /api/orders 200 1227
2026-08-27 10:13:40 WARNING PUT /api/products/416 404 1811
2026-08-27 10:13:43 INFO PUT /api/products/318 200 906
2026-08-27 10:13:45 INFO DELETE /api/users/720 200 704
2026-08-27 10:13:46 INFO POST /api/orders 200 544
2026-08-27 10:13:47 INFO POST /api/logout 200 732
2026-08-27 10:13:48 WARNING GET /api/orders 400 1738
2026-08-27 10:13:51 INFO GET /api/products 200 855
2026-08-27 10:13:53 INFO POST /api/logout 200 1416
2026-08-27 10:13:55 INFO PUT /api/products/862 200 910
2026-08-27 10:13:56 INFO GET /api/orders 200 891
2026-08-27 10:13:57 WARNING POST /api/logout 401 655
2026-08-27 10:13:58 WARNING GET /api/users 429 2213
2026-08-27 10:14:01 INFO GET /api/users 200 960
2026-08-27 10:14:04 INFO GET /api/users/556 200 742
2026-08-27 10:14:06 ERROR POST /api/logout 500 2315
2026-08-27 10:14:07 INFO POST /api/logout 200 515
2026-08-27 10:14:08 ERROR POST /api/logout 500 2453
2026-08-27 10:14:09 INFO GET /api/health 200 1240
2026-08-27 10:14:11 INFO POST /api/logout 200 745
2026-08-27 10:14:12 INFO POST /api/logout 200 593
2026-08-27 10:14:13 INFO GET /api/users 200 417
2026-08-27 10:14:16 INFO POST /api/login 200 209
2026-08-27 10:14:17 INFO GET /api/orders 200 1055
2026-08-27 10:14:20 INFO DELETE /api/users/271 200 517
2026-08-27 10:14:21 INFO POST /api/orders 200 1329
2026-08-27 10:14:22 WARNING GET /api/users 400 1887
2026-08-27 10:14:25 INFO GET /api/products 200 208
2026-08-27 10:14:28 INFO POST /api/orders 200 1173
2026-08-27 10:14:29 WARNING POST /api/logout 429 881
2026-08-27 10:14:30 INFO GET /api/users 200 816
2026-08-27 10:14:33 INFO POST /api/logout 200 1276
2026-08-27 10:14:34 INFO GET /api/health 200 1023
2026-08-27 10:14:37 INFO GET /api/users 200 1359
2026-08-27 10:14:40 INFO POST /api/logout 200 141
2026-08-27 10:14:41 INFO GET /api/users 200 346
2026-08-27 10:14:42 INFO GET /api/users/262 200 1439
2026-08-27 10:14:43 INFO POST /api/logout 200 1144
2026-08-27 10:14:46 INFO GET /api/users/854 200 125
2026-08-27 10:14:47 INFO POST /api/logout 200 1216
2026-08-27 10:14:48 INFO POST /api/orders 200 1165
2026-08-27 10:14:49 INFO GET /api/orders 200 230
2026-08-27 10:14:50 INFO GET /api/users/30 200 890
2026-08-27 10:14:51 WARNING GET /api/orders 401 1849
2026-08-27 10:14:54 INFO POST /api/login 200 477
2026-08-27 10:14:55 INFO GET /api/orders 200 1249
2026-08-27 10:14:57 INFO POST /api/login 200 1385
2026-08-27 10:14:59 WARNING POST /api/login 404 1683
2026-08-27 10:15:00 INFO GET /api/users 200 994
2026-08-27 10:15:01 INFO GET /api/products 200 968
2026-08-27 10:15:03 ERROR POST /api/orders 500 1067
2026-08-27 10:15:04 INFO GET /api/products 200 368
2026-08-27 10:15:05 INFO PUT /api/products/486 200 319
2026-08-27 10:15:08 INFO PUT /api/products/947 200 1255
2026-08-27 10:15:09 INFO DELETE /api/users/375 200 1404
2026-08-27 10:15:10 INFO DELETE /api/users/776 200 726
2026-08-27 10:15:11 INFO PUT /api/products/72 200 1323
2026-08-27 10:15:14 INFO GET /api/health 200 381
2026-08-27 10:15:15 INFO DELETE /api/users/268 200 1161
2026-08-27 10:15:17 INFO GET /api/users/144 200 1009
2026-08-27 10:15:18 WARNING GET /api/users 400 560
2026-08-27 10:15:21 INFO GET /api/health 200 167
2026-08-27 10:15:22 INFO PUT /api/products/943 200 893
2026-08-27 10:15:25 INFO DELETE /api/users/321 200 972
2026-08-27 10:15:26 INFO POST /api/logout 200 1052
2026-08-27 10:15:29 INFO GET /api/products 200 254
2026-08-27 10:15:31 INFO POST /api/logout 200 139
2026-08-27 10:15:32 INFO GET /api/health 200 213
2026-08-27 10:15:35 INFO POST /api/login 200 1373
2026-08-27 10:15:37 WARNING POST /api/login 400 662
2026-08-27 10:15:38 INFO PUT /api/products/402 200 565
2026-08-27 10:15:41 INFO POST /api/login 200 1303
2026-08-27 10:15:42 INFO GET /api/health 200 1148
2026-08-27 10:15:45 INFO GET /api/users 200 1324
2026-08-27 10:15:46 INFO DELETE /api/users/235 200 615
2026-08-27 10:15:47 INFO GET /api/health 200 1174
2026-08-27 10:15:48 WARNING GET /api/products 401 1492
2026-08-27 10:15:49 INFO POST /api/logout 200 971
2026-08-27 10:15:51 INFO DELETE /api/users/128 200 199
2026-08-27 10:15:52 INFO GET /api/orders 200 1029
2026-08-27 10:15:55 INFO GET /api/health 200 1170
2026-08-27 10:15:58 INFO GET /api/users/388 201 955
2026-08-27 10:15:59 WARNING POST /api/logout 401 403
2026-08-27 10:16:00 WARNING GET /api/orders 400 1774
2026-08-27 10:16:02 WARNING GET /api/orders 400 2454
2026-08-27 10:16:03 INFO POST /api/logout 200 682
2026-08-27 10:16:04 ERROR GET /api/health 500 357
2026-08-27 10:16:05 INFO PUT /api/products/46 200 445
2026-08-27 10:16:07 INFO POST /api/orders 200 955
2026-08-27 10:16:08 INFO GET /api/orders 200 1297
2026-08-27 10:16:09 INFO POST /api/logout 200 256
2026-08-27 10:16:10 WARNING GET /api/products 429 981
2026-08-27 10:16:11 INFO GET /api/orders 200 1290
2026-08-27 10:16:13 INFO GET /api/products 200 1222
2026-08-27 10:16:14 INFO GET /api/health 200 1165
2026-08-27 10:16:15 INFO GET /api/orders 200 497
2026-08-27 10:16:16 INFO POST /api/login 200 646
2026-08-27 10:16:17 INFO GET /api/products 200 1133
2026-08-27 10:16:18 INFO POST /api/logout 200 854
2026-08-27 10:16:20 WARNING POST /api/logout 429 1721
2026-08-27 10:16:21 WARNING GET /api/products 400 2235
2026-08-27 10:16:23 INFO GET /api/health 200 679
2026-08-27 10:16:25 INFO GET /api/orders 200 1475
2026-08-27 10:16:26 INFO GET /api/users/802 200 860
2026-08-27 10:16:28 INFO GET /api/health 200 1226
2026-08-27 10:16:29 INFO POST /api/logout 200 1153
2026-08-27 10:16:30 INFO PUT /api/products/528 200 1081
2026-08-27 10:16:31 INFO PUT /api/products/423 200 856
2026-08-27 10:16:32 WARNING DELETE /api/users/929 400 1364
2026-08-27 10:16:33 INFO POST /api/login 200 481
2026-08-27 10:16:36 WARNING GET /api/orders 401 1061
2026-08-27 10:16:37 INFO POST /api/login 200 827
2026-08-27 10:16:40 INFO GET /api/users 200 217
2026-08-27 10:16:41 WARNING DELETE /api/users/256 404 473
2026-08-27 10:16:43 INFO POST /api/login 200 1164
2026-08-27 10:16:45 INFO GET /api/health 200 640
2026-08-27 10:16:46 INFO DELETE /api/users/804 200 679
2026-08-27 10:16:48 INFO GET /api/orders 200 618
2026-08-27 10:16:51 ERROR GET /api/health 500 1327
2026-08-27 10:16:52 INFO GET /api/products 200 130
2026-08-27 10:16:53 INFO PUT /api/products/513 200 363
2026-08-27 10:16:54 INFO DELETE /api/users/155 201 198
2026-08-27 10:16:56 INFO GET /api/health 200 782
2026-08-27 10:16:59 INFO POST /api/logout 200 498
2026-08-27 10:17:00 INFO GET /api/products 200 794
2026-08-27 10:17:01 INFO DELETE /api/users/851 200 991
2026-08-27 10:17:03 WARNING POST /api/orders 404 704
2026-08-27 10:17:05 ERROR GET /api/users/795 503 1565
2026-08-27 10:17:07 WARNING GET /api/products 404 1455
2026-08-27 10:17:08 INFO POST /api/orders 200 964
2026-08-27 10:17:09 INFO GET /api/orders 200 620
2026-08-27 10:17:10 INFO GET /api/orders 200 1405
2026-08-27 10:17:12 INFO POST /api/orders 201 1122
2026-08-27 10:17:15 INFO POST /api/logout 200 937
2026-08-27 10:17:16 INFO GET /api/products 200 1500
2026-08-27 10:17:19 WARNING POST /api/logout 429 575
2026-08-27 10:17:20 INFO POST /api/login 200 1332
2026-08-27 10:17:21 INFO GET /api/users/299 200 483
2026-08-27 10:17:22 INFO POST /api/orders 200 1422
2026-08-27 10:17:25 INFO GET /api/orders 200 1256
2026-08-27 10:17:27 ERROR PUT /api/products/656 500 2283
2026-08-27 10:17:28 ERROR PUT /api/products/472 500 1407
2026-08-27 10:17:29 INFO PUT /api/products/821 200 1181
2026-08-27 10:17:32 INFO DELETE /api/users/58 200 1405
2026-08-27 10:17:33 INFO PUT /api/products/602 200 1171
2026-08-27 10:17:34 INFO POST /api/login 200 1185
2026-08-27 10:17:37 INFO PUT /api/products/420 200 963
2026-08-27 10:17:38 INFO GET /api/health 200 1054
2026-08-27 10:17:41 WARNING POST /api/orders 400 814
2026-08-27 10:17:42 INFO POST /api/logout 200 932
2026-08-27 10:17:43 INFO POST /api/login 200 249
2026-08-27 10:17:44 INFO POST /api/logout 200 1480
2026-08-27 10:17:46 INFO POST /api/login 200 163
2026-08-27 10:17:49 INFO PUT /api/products/852 200 574
2026-08-27 10:17:50 INFO GET /api/users 200 1463
2026-08-27 10:17:51 WARNING GET /api/users 404 1026
2026-08-27 10:17:54 INFO DELETE /api/users/693 200 534
2026-08-27 10:17:56 WARNING DELETE /api/users/86 401 2282
2026-08-27 10:17:58 INFO GET /api/health 200 683
2026-08-27 10:17:59 WARNING GET /api/orders 401 851
2026-08-27 10:18:01 INFO POST /api/logout 200 1094
2026-08-27 10:18:04 WARNING DELETE /api/users/359 400 532
2026-08-27 10:18:05 ERROR GET /api/health 503 1613
2026-08-27 10:18:06 INFO GET /api/orders 200 967
2026-08-27 10:18:07 WARNING GET /api/products 400 918
2026-08-27 10:18:08 INFO GET /api/products 200 231
2026-08-27 10:18:11 ERROR GET /api/health 500 417
2026-08-27 10:18:14 INFO POST /api/login 200 851
2026-08-27 10:18:15 INFO POST /api/orders 200 155
2026-08-27 10:18:18 INFO PUT /api/products/335 200 1005
2026-08-27 10:18:19 INFO DELETE /api/users/648 200 1369
2026-08-27 10:18:20 INFO POST /api/orders 200 1210
2026-08-27 10:18:23 WARNING GET /api/health 401 637
2026-08-27 10:18:26 INFO DELETE /api/users/966 200 634
2026-08-27 10:18:27 INFO POST /api/logout 200 368
2026-08-27 10:18:29 INFO PUT /api/products/571 200 253
2026-08-27 10:18:32 INFO PUT /api/products/271 200 1359
2026-08-27 10:18:33 INFO POST /api/logout 200 83
2026-08-27 10:18:34 WARNING GET /api/users 400 742
2026-08-27 10:18:35 WARNING POST /api/orders 400 687
2026-08-27 10:18:37 INFO PUT /api/products/15 200 164
2026-08-27 10:18:38 INFO POST /api/logout 200 483
2026-08-27 10:18:41 INFO POST /api/login 200 172
2026-08-27 10:18:42 INFO GET /api/users/901 200 168
2026-08-27 10:18:43 WARNING GET /api/users 404 2319
2026-08-27 10:18:44 ERROR GET /api/products 500 2252
2026-08-27 10:18:45 INFO DELETE /api/users/71 200 1099
2026-08-27 10:18:46 INFO GET /api/users/76 200 681
2026-08-27 10:18:47 WARNING GET /api/orders 400 346
2026-08-27 10:18:48 INFO GET /api/users 200 1314
2026-08-27 10:18:49 INFO PUT /api/products/970 200 1211
2026-08-27 10:18:50 INFO GET /api/orders 200 699
2026-08-27 10:18:53 INFO GET /api/users/170 200 1078
2026-08-27 10:18:54 INFO POST /api/orders 200 598
2026-08-27 10:18:56 INFO POST /api/login 200 1016
2026-08-27 10:18:58 INFO POST /api/logout 200 456
2026-08-27 10:19:01 INFO GET /api/health 200 1393
2026-08-27 10:19:02 INFO GET /api/health 200 175
2026-08-27 10:19:03 INFO PUT /api/products/144 200 872
2026-08-27 10:19:06 INFO GET /api/health 201 540
2026-08-27 10:19:07 INFO DELETE /api/users/123 200 1421
2026-08-27 10:19:08 INFO GET /api/orders 200 1258
2026-08-27 10:19:11 INFO PUT /api/products/602 200 51
2026-08-27 10:19:12 INFO GET /api/products 200 743
2026-08-27 10:19:13 WARNING GET /api/products 400 1396
2026-08-27 10:19:14 INFO GET /api/orders 200 1318
2026-08-27 10:19:15 INFO GET /api/users 200 453
2026-08-27 10:19:17 INFO GET /api/users 200 1378
2026-08-27 10:19:20 WARNING POST /api/logout 429 1729
2026-08-27 10:19:22 WARNING GET /api/health 400 1108
2026-08-27 10:19:23 INFO GET /api/orders 200 786
2026-08-27 10:19:24 INFO GET /api/orders 200 93
2026-08-27 10:19:26 ERROR PUT /api/products/38 500 1549
2026-08-27 10:19:29 INFO POST /api/logout 200 259
2026-08-27 10:19:30 INFO POST /api/login 200 743
2026-08-27 10:19:31 WARNING GET /api/users 400 1130
2026-08-27 10:19:32 INFO DELETE /api/users/415 200 867
2026-08-27 10:19:33 INFO GET /api/users 200 343
2026-08-27 10:19:35 INFO POST /api/logout 200 1019
2026-08-27 10:19:37 INFO GET /api/health 200 947
2026-08-27 10:19:40 ERROR DELETE /api/users/54 500 394
2026-08-27 10:19:41 INFO GET /api/orders 200 123
2026-08-27 10:19:43 INFO DELETE /api/users/329 200 655
2026-08-27 10:19:44 INFO POST /api/login 200 779
2026-08-27 10:19:45 INFO PUT /api/products/275 200 840
2026-08-27 10:19:47 INFO GET /api/products 200 527
2026-08-27 10:19:48 WARNING GET /api/orders 429 844
2026-08-27 10:19:49 INFO PUT /api/products/715 200 329
2026-08-27 10:19:51 INFO GET /api/health 200 1237
2026-08-27 10:19:52 INFO GET /api/users/592 200 189
2026-08-27 10:19:53 INFO GET /api/users/931 200 1031
2026-08-27 10:19:54 INFO POST /api/logout 201 1348
2026-08-27 10:19:57 INFO PUT /api/products/273 200 241
2026-08-27 10:19:59 INFO GET /api/users 200 41
2026-08-27 10:20:00 INFO POST /api/logout 200 732
2026-08-27 10:20:03 WARNING PUT /api/products/144 400 2169
2026-08-27 10:20:04 INFO GET /api/users/116 200 334
2026-08-27 10:20:05 INFO GET /api/orders 200 1200
2026-08-27 10:20:07 WARNING GET /api/users/61 400 965
2026-08-27 10:20:09 WARNING GET /api/users 401 2167
2026-08-27 10:20:11 INFO GET /api/products 200 227
2026-08-27 10:20:12 INFO PUT /api/products/710 200 958
2026-08-27 10:20:14 INFO POST /api/logout 200 212
2026-08-27 10:20:15 INFO DELETE /api/users/685 200 1036
2026-08-27 10:20:16 INFO POST /api/logout 200 1313
2026-08-27 10:20:18 WARNING GET /api/health 400 2025
2026-08-27 10:20:20 INFO GET /api/users 200 798
2026-08-27 10:20:23 INFO GET /api/products 200 483
2026-08-27 10:20:24 INFO DELETE /api/users/24 200 419
2026-08-27 10:20:27 INFO GET /api/products 200 172
2026-08-27 10:20:28 INFO GET /api/users/489 200 825
2026-08-27 10:20:31 INFO GET /api/users 200 680
2026-08-27 10:20:33 INFO GET /api/orders 200 821
2026-08-27 10:20:36 INFO GET /api/users/197 200 966
2026-08-27 10:20:37 INFO GET /api/orders 200 281
2026-08-27 10:20:38 INFO GET /api/health 200 1139
2026-08-27 10:20:39 INFO POST /api/login 200 998
2026-08-27 10:20:41 ERROR POST /api/logout 500 2141
2026-08-27 10:20:42 INFO GET /api/health 200 1421
2026-08-27 10:20:43 INFO GET /api/products 200 936
2026-08-27 10:20:45 WARNING GET /api/users 401 1149
2026-08-27 10:20:46 INFO GET /api/users 200 541
2026-08-27 10:20:47 INFO POST /api/login 200 870
2026-08-27 10:20:48 WARNING GET /api/products 400 746
2026-08-27 10:20:49 INFO POST /api/login 200 317
2026-08-27 10:20:52 INFO POST /api/login 200 861
2026-08-27 10:20:53 WARNING POST /api/login 429 2341
2026-08-27 10:20:54 INFO GET /api/users 200 488
2026-08-27 10:20:57 INFO PUT /api/products/276 200 1351
2026-08-27 10:20:58 INFO GET /api/users/39 200 712
2026-08-27 10:20:59 WARNING GET /api/health 400 1887
2026-08-27 10:21:01 INFO GET /api/products 200 620
2026-08-27 10:21:02 ERROR GET /api/users 500 935
2026-08-27 10:21:03 INFO GET /api/products 200 1263
2026-08-27 10:21:04 WARNING PUT /api/products/38 400 2377
2026-08-27 10:21:05 INFO GET /api/health 200 381
2026-08-27 10:21:06 INFO PUT /api/products/853 200 1364
2026-08-27 10:21:07 INFO GET /api/users 200 205
2026-08-27 10:21:10 INFO POST /api/orders 200 227
2026-08-27 10:21:13 WARNING DELETE /api/users/317 401 419
2026-08-27 10:21:14 INFO GET /api/users 200 242
2026-08-27 10:21:15 INFO POST /api/orders 200 635
2026-08-27 10:21:18 INFO POST /api/login 200 977
2026-08-27 10:21:19 INFO GET /api/users/923 200 1106
2026-08-27 10:21:20 INFO GET /api/users 200 910
2026-08-27 10:21:21 INFO GET /api/orders 200 1261
2026-08-27 10:21:22 INFO GET /api/products 200 580
2026-08-27 10:21:25 INFO GET /api/health 200 1152
2026-08-27 10:21:26 INFO POST /api/login 200 1372
2026-08-27 10:21:29 INFO GET /api/health 200 618
2026-08-27 10:21:32 INFO DELETE /api/users/566 200 690
2026-08-27 10:21:33 INFO PUT /api/products/955 200 862
2026-08-27 10:21:36 INFO GET /api/orders 200 497
2026-08-27 10:21:38 INFO GET /api/health 200 416
2026-08-27 10:21:39 INFO POST /api/login 201 1048
2026-08-27 10:21:40 INFO GET /api/users 200 1085
2026-08-27 10:21:41 INFO GET /api/users/112 200 122
2026-08-27 10:21:43 INFO PUT /api/products/75 200 162
2026-08-27 10:21:44 INFO POST /api/login 200 875
2026-08-27 10:21:46 WARNING GET /api/users 401 1881
2026-08-27 10:21:47 INFO POST /api/logout 200 761
2026-08-27 10:21:48 INFO GET /api/orders 200 989
2026-08-27 10:21:49 INFO GET /api/products 200 250
2026-08-27 10:21:51 INFO POST /api/logout 200 195
2026-08-27 10:21:52 INFO POST /api/login 200 800
2026-08-27 10:21:55 INFO GET /api/users 200 1367
2026-08-27 10:21:58 INFO GET /api/users/8 200 153
2026-08-27 10:21:59 INFO PUT /api/products/733 200 1222
2026-08-27 10:22:01 INFO GET /api/users/717 200 1095
2026-08-27 10:22:02 INFO DELETE /api/users/183 200 315
2026-08-27 10:22:05 INFO PUT /api/products/618 200 826
2026-08-27 10:22:06 WARNING GET /api/products 429 2204
2026-08-27 10:22:07 INFO POST /api/logout 200 639
2026-08-27 10:22:09 INFO POST /api/logout 200 1331
2026-08-27 10:22:10 INFO POST /api/logout 200 220
2026-08-27 10:22:11 INFO POST /api/login 200 1009
2026-08-27 10:22:12 WARNING DELETE /api/users/152 404 360
2026-08-27 10:22:15 INFO POST /api/login 200 529
2026-08-27 10:22:18 INFO GET /api/users 200 498
2026-08-27 10:22:19 INFO GET /api/users 200 788
2026-08-27 10:22:20 INFO GET /api/users 200 58
2026-08-27 10:22:21 INFO DELETE /api/users/927 201 1156
2026-08-27 10:22:22 INFO GET /api/users/132 200 852
2026-08-27 10:22:25 ERROR GET /api/orders 500 1478
2026-08-27 10:22:26 INFO GET /api/users 200 1021
2026-08-27 10:22:27 INFO GET /api/health 200 310
2026-08-27 10:22:29 INFO PUT /api/products/496 200 1209
2026-08-27 10:22:32 INFO GET /api/users 200 1027
2026-08-27 10:22:35 INFO GET /api/users 200 79
2026-08-27 10:22:36 INFO GET /api/health 200 1187
2026-08-27 10:22:38 INFO GET /api/products 200 848
2026-08-27 10:22:39 WARNING POST /api/login 429 1492
2026-08-27 10:22:41 INFO GET /api/products 200 44
2026-08-27 10:22:42 WARNING GET /api/orders 429 1186
2026-08-27 10:22:43 ERROR POST /api/logout 500 2167
2026-08-27 10:22:44 INFO DELETE /api/users/617 200 727
2026-08-27 10:22:47 INFO DELETE /api/users/992 200 1433
2026-08-27 10:22:48 INFO GET /api/users 200 56
2026-08-27 10:22:50 INFO GET /api/products 200 961
2026-08-27 10:22:51 INFO POST /api/login 200 728
2026-08-27 10:22:52 INFO PUT /api/products/404 200 570
2026-08-27 10:22:53 INFO POST /api/logout 200 1438
2026-08-27 10:22:55 INFO PUT /api/products/810 200 1453
2026-08-27 10:22:57 WARNING POST /api/logout 400 1464
2026-08-27 10:22:58 INFO GET /api/health 200 938
2026-08-27 10:23:01 WARNING DELETE /api/users/733 401 1841
2026-08-27 10:23:04 INFO POST /api/logout 200 73
2026-08-27 10:23:07 INFO PUT /api/products/331 200 462
2026-08-27 10:23:09 INFO DELETE /api/users/418 200 223
2026-08-27 10:23:11 INFO GET /api/orders 200 1309
2026-08-27 10:23:12 INFO POST /api/login 200 813
2026-08-27 10:23:13 WARNING GET /api/orders 401 2227
2026-08-27 10:23:14 INFO GET /api/users 200 1122
2026-08-27 10:23:15 INFO POST /api/logout 200 718
2026-08-27 10:23:16 WARNING GET /api/users 400 1536
2026-08-27 10:23:17 INFO PUT /api/products/186 200 1093
2026-08-27 10:23:20 INFO POST /api/logout 200 629
2026-08-27 10:23:21 INFO POST /api/orders 200 653
2026-08-27 10:23:22 INFO GET /api/orders 200 1094
2026-08-27 10:23:23 ERROR PUT /api/products/540 500 827
2026-08-27 10:23:24 WARNING GET /api/health 404 1447
2026-08-27 10:23:27 INFO POST /api/orders 201 572
2026-08-27 10:23:30 INFO PUT /api/products/910 200 721
2026-08-27 10:23:31 INFO POST /api/orders 200 1438
2026-08-27 10:23:32 INFO POST /api/orders 200 441
2026-08-27 10:23:33 ERROR POST /api/orders 500 810
2026-08-27 10:23:34 INFO GET /api/products 200 690
2026-08-27 10:23:36 INFO GET /api/users/869 200 1472
2026-08-27 10:23:39 INFO GET /api/products 200 829
2026-08-27 10:23:40 INFO POST /api/login 200 677
2026-08-27 10:23:41 INFO POST /api/login 200 213
2026-08-27 10:23:44 INFO POST /api/logout 200 1351
2026-08-27 10:23:47 INFO POST /api/login 200 246
2026-08-27 10:23:48 INFO GET /api/orders 200 202
2026-08-27 10:23:49 INFO POST /api/logout 200 1322
2026-08-27 10:23:51 INFO POST /api/orders 200 1301
2026-08-27 10:23:54 INFO GET /api/users 200 248
2026-08-27 10:23:57 INFO GET /api/users/875 200 882
2026-08-27 10:23:58 INFO DELETE /api/users/96 200 1383
2026-08-27 10:24:00 INFO GET /api/health 200 1109
2026-08-27 10:24:03 INFO GET /api/orders 200 640
2026-08-27 10:24:04 INFO POST /api/logout 200 1303
2026-08-27 10:24:05 ERROR GET /api/health 500 2365
2026-08-27 10:24:08 WARNING GET /api/users/792 404 830
2026-08-27 10:24:09 INFO GET /api/health 200 42
2026-08-27 10:24:10 INFO GET /api/products 200 690
2026-08-27 10:24:11 INFO DELETE /api/users/660 200 301
2026-08-27 10:24:13 WARNING POST /api/logout 400 1323
2026-08-27 10:24:16 ERROR POST /api/orders 500 661
2026-08-27 10:24:18 INFO GET /api/orders 200 1201
2026-08-27 10:24:19 INFO POST /api/orders 200 1200
2026-08-27 10:24:22 INFO POST /api/logout 200 1075
2026-08-27 10:24:23 INFO GET /api/users/425 200 136
2026-08-27 10:24:26 INFO POST /api/logout 200 247
2026-08-27 10:24:28 INFO GET /api/orders 200 410
2026-08-27 10:24:29 WARNING PUT /api/products/907 401 1882
2026-08-27 10:24:31 INFO GET /api/products 200 275
2026-08-27 10:24:32 INFO GET /api/users/495 200 1375
2026-08-27 10:24:34 INFO GET /api/products 200 47
2026-08-27 10:24:35 INFO GET /api/orders 200 291
2026-08-27 10:24:36 INFO PUT /api/products/379 200 1186
2026-08-27 10:24:37 INFO POST /api/orders 200 1172
2026-08-27 10:24:38 INFO PUT /api/products/478 200 77
2026-08-27 10:24:39 INFO DELETE /api/users/155 200 752
2026-08-27 10:24:41 INFO GET /api/orders 200 400
2026-08-27 10:24:42 WARNING POST /api/orders 400 829
2026-08-27 10:24:45 ERROR PUT /api/products/680 503 2229
2026-08-27 10:24:48 INFO GET /api/health 200 378
2026-08-27 10:24:49 WARNING POST /api/orders 400 1044
2026-08-27 10:24:52 INFO GET /api/orders 200 1149
2026-08-27 10:24:53 INFO POST /api/login 200 1407
2026-08-27 10:24:54 INFO GET /api/users 200 159
2026-08-27 10:24:56 INFO GET /api/orders 200 311
2026-08-27 10:24:57 INFO POST /api/login 200 228
2026-08-27 10:24:59 INFO POST /api/logout 200 1177
2026-08-27 10:25:01 WARNING GET /api/users 404 863
2026-08-27 10:25:02 INFO POST /api/login 200 1150
2026-08-27 10:25:03 INFO PUT /api/products/366 200 434
2026-08-27 10:25:04 INFO GET /api/users 200 1043
2026-08-27 10:25:06 INFO DELETE /api/users/792 200 933
2026-08-27 10:25:07 INFO POST /api/logout 200 1231
2026-08-27 10:25:08 INFO POST /api/orders 201 358
2026-08-27 10:25:11 INFO GET /api/products 200 440
2026-08-27 10:25:12 INFO PUT /api/products/618 200 1164
2026-08-27 10:25:14 INFO DELETE /api/users/891 200 118
2026-08-27 10:25:16 INFO GET /api/health 200 537
2026-08-27 10:25:17 INFO DELETE /api/users/634 200 621
2026-08-27 10:25:20 INFO POST /api/logout 200 168
2026-08-27 10:25:23 WARNING GET /api/orders 401 1061
2026-08-27 10:25:24 INFO DELETE /api/users/376 200 171
2026-08-27 10:25:25 WARNING DELETE /api/users/404 401 1579
2026-08-27 10:25:28 INFO GET /api/products 200 618
2026-08-27 10:25:29 INFO GET /api/orders 200 633
2026-08-27 10:25:32 INFO GET /api/health 200 491
2026-08-27 10:25:35 INFO POST /api/orders 200 1330
2026-08-27 10:25:37 WARNING PUT /api/products/833 429 1581
2026-08-27 10:25:38 INFO POST /api/logout 200 102
2026-08-27 10:25:39 INFO POST /api/logout 200 503
2026-08-27 10:25:42 INFO GET /api/health 200 1104
2026-08-27 10:25:45 WARNING GET /api/products 400 848
2026-08-27 10:25:46 INFO PUT /api/products/673 200 424
2026-08-27 10:25:47 INFO DELETE /api/users/371 200 139
2026-08-27 10:25:48 INFO GET /api/health 200 1411
2026-08-27 10:25:51 INFO PUT /api/products/308 200 568
2026-08-27 10:25:54 INFO POST /api/login 200 279
2026-08-27 10:25:55 INFO GET /api/users 201 1407
2026-08-27 10:25:56 ERROR PUT /api/products/571 503 2106
2026-08-27 10:25:59 INFO POST /api/orders 200 599
2026-08-27 10:26:00 INFO GET /api/users/628 200 788
2026-08-27 10:26:02 ERROR GET /api/orders 500 2270
2026-08-27 10:26:03 INFO GET /api/health 200 1314
2026-08-27 10:26:04 INFO POST /api/logout 200 613
2026-08-27 10:26:07 INFO GET /api/orders 200 724
2026-08-27 10:26:08 INFO PUT /api/products/268 200 874
2026-08-27 10:26:09 INFO GET /api/orders 200 1207
2026-08-27 10:26:10 INFO POST /api/login 200 634
2026-08-27 10:26:11 INFO GET /api/products 200 542
2026-08-27 10:26:12 INFO GET /api/health 200 965
2026-08-27 10:26:13 INFO GET /api/users 200 625
2026-08-27 10:26:16 INFO DELETE /api/users/168 201 1106
2026-08-27 10:26:17 INFO GET /api/health 200 383
2026-08-27 10:26:19 INFO POST /api/login 200 705
2026-08-27 10:26:20 INFO POST /api/orders 200 462
2026-08-27 10:26:21 INFO PUT /api/products/863 200 371
2026-08-27 10:26:24 INFO POST /api/orders 200 148
2026-08-27 10:26:27 WARNING GET /api/health 400 589
2026-08-27 10:26:28 INFO GET /api/orders 200 701
2026-08-27 10:26:31 INFO GET /api/products 200 992
2026-08-27 10:26:32 INFO GET /api/health 200 1439
2026-08-27 10:26:34 INFO GET /api/users/43 200 483
2026-08-27 10:26:35 INFO DELETE /api/users/934 200 193
2026-08-27 10:26:37 INFO GET /api/orders 200 301
2026-08-27 10:26:38 INFO GET /api/health 200 1046
2026-08-27 10:26:40 INFO GET /api/orders 200 206
2026-08-27 10:26:42 ERROR POST /api/orders 500 2489
2026-08-27 10:26:45 INFO GET /api/health 200 473
2026-08-27 10:26:46 INFO PUT /api/products/427 200 1465
2026-08-27 10:26:49 INFO GET /api/products 200 215
2026-08-27 10:26:50 INFO POST /api/orders 200 510
2026-08-27 10:26:51 INFO POST /api/login 200 1359
2026-08-27 10:26:52 INFO GET /api/users/839 200 813
2026-08-27 10:26:55 INFO POST /api/orders 200 1445
2026-08-27 10:26:57 INFO PUT /api/products/402 200 662
2026-08-27 10:26:58 INFO GET /api/health 200 397
2026-08-27 10:26:59 ERROR DELETE /api/users/827 500 1727
2026-08-27 10:27:02 WARNING GET /api/orders 401 995
2026-08-27 10:27:03 INFO POST /api/logout 200 158
2026-08-27 10:27:04 WARNING PUT /api/products/732 404 2425
2026-08-27 10:27:07 INFO GET /api/health 200 1287
2026-08-27 10:27:08 WARNING POST /api/login 404 1196
2026-08-27 10:27:09 INFO GET /api/orders 200 1082
2026-08-27 10:27:10 INFO POST /api/login 200 230
2026-08-27 10:27:11 WARNING POST /api/login 429 1845
2026-08-27 10:27:12 INFO GET /api/users 200 357
2026-08-27 10:27:13 INFO GET /api/health 200 675
2026-08-27 10:27:16 ERROR POST /api/login 503 1450
2026-08-27 10:27:18 INFO GET /api/health 201 534
2026-08-27 10:27:21 INFO POST /api/orders 200 1288
2026-08-27 10:27:24 WARNING GET /api/products 404 905
2026-08-27 10:27:25 INFO GET /api/users 200 788
2026-08-27 10:27:26 INFO PUT /api/products/305 200 642
2026-08-27 10:27:27 INFO POST /api/login 200 1432
2026-08-27 10:27:30 INFO PUT /api/products/739 200 597
2026-08-27 10:27:31 INFO POST /api/login 200 808
2026-08-27 10:27:32 INFO POST /api/login 200 887
2026-08-27 10:27:33 ERROR POST /api/orders 500 1086
2026-08-27 10:27:36 INFO POST /api/logout 200 805
2026-08-27 10:27:37 INFO GET /api/products 200 1467
2026-08-27 10:27:40 INFO GET /api/users 200 125
2026-08-27 10:27:43 INFO GET /api/users 200 839
2026-08-27 10:27:45 INFO POST /api/logout 200 676
2026-08-27 10:27:46 INFO GET /api/users/481 200 927
2026-08-27 10:27:49 INFO POST /api/login 200 1124
2026-08-27 10:27:51 INFO GET /api/health 200 485
2026-08-27 10:27:52 INFO DELETE /api/users/665 201 434
2026-08-27 10:27:55 WARNING POST /api/login 400 649
2026-08-27 10:27:58 INFO GET /api/products 200 1297
2026-08-27 10:28:01 WARNING GET /api/users/549 400 961
2026-08-27 10:28:03 INFO GET /api/orders 200 251
2026-08-27 10:28:04 INFO DELETE /api/users/900 200 737
2026-08-27 10:28:06 WARNING GET /api/orders 401 2318
2026-08-27 10:28:09 INFO GET /api/users 200 1479
2026-08-27 10:28:10 INFO GET /api/users 200 47
2026-08-27 10:28:12 INFO GET /api/users 200 828
2026-08-27 10:28:13 INFO GET /api/users 200 266
2026-08-27 10:28:14 INFO GET /api/products 200 1281
2026-08-27 10:28:17 INFO GET /api/health 200 1396
2026-08-27 10:28:18 INFO GET /api/users/115 200 1426
2026-08-27 10:28:19 INFO GET /api/health 200 696
2026-08-27 10:28:20 WARNING GET /api/products 400 477
2026-08-27 10:28:21 INFO GET /api/orders 200 787
2026-08-27 10:28:22 INFO GET /api/users 200 173
2026-08-27 10:28:24 INFO POST /api/logout 200 696
2026-08-27 10:28:25 WARNING GET /api/products 400 1932
2026-08-27 10:28:26 INFO GET /api/users 200 1171
2026-08-27 10:28:27 INFO GET /api/health 200 600
2026-08-27 10:28:28 INFO PUT /api/products/137 200 275
2026-08-27 10:28:30 INFO DELETE /api/users/326 200 1060
2026-08-27 10:28:31 INFO PUT /api/products/840 200 1135
2026-08-27 10:28:32 INFO GET /api/users/72 200 1138
2026-08-27 10:28:33 WARNING GET /api/users/850 400 502
2026-08-27 10:28:34 INFO GET /api/products 200 1451
2026-08-27 10:28:35 INFO POST /api/login 200 1223
2026-08-27 10:28:36 INFO POST /api/orders 200 1366
2026-08-27 10:28:37 WARNING PUT /api/products/776 400 2118
2026-08-27 10:28:38 INFO GET /api/users 200 1362
2026-08-27 10:28:39 INFO DELETE /api/users/592 200 1239
2026-08-27 10:28:40 INFO POST /api/login 200 347
2026-08-27 10:28:41 ERROR PUT /api/products/506 500 2156
2026-08-27 10:28:43 INFO PUT /api/products/672 200 332
2026-08-27 10:28:44 INFO PUT /api/products/966 200 1187
2026-08-27 10:28:45 WARNING GET /api/health 429 2234
2026-08-27 10:28:47 INFO GET /api/users/474 200 1429
2026-08-27 10:28:48 INFO GET /api/orders 200 1451
2026-08-27 10:28:50 INFO POST /api/orders 200 388
2026-08-27 10:28:53 INFO PUT /api/products/22 200 1276
2026-08-27 10:28:54 INFO POST /api/logout 200 1386
2026-08-27 10:28:55 INFO DELETE /api/users/16 200 251
2026-08-27 10:28:58 WARNING GET /api/products 429 2421
2026-08-27 10:28:59 INFO GET /api/users 200 844
2026-08-27 10:29:00 INFO GET /api/users 200 1400
2026-08-27 10:29:01 WARNING GET /api/users 404 2457
2026-08-27 10:29:03 INFO POST /api/login 200 1191
2026-08-27 10:29:04 INFO GET /api/products 200 1148
2026-08-27 10:29:07 INFO GET /api/users/281 200 1185
2026-08-27 10:29:08 INFO POST /api/orders 200 953
2026-08-27 10:29:09 INFO POST /api/login 200 191
2026-08-27 10:29:10 INFO POST /api/logout 200 1329
2026-08-27 10:29:11 WARNING GET /api/health 429 1059
2026-08-27 10:29:14 WARNING GET /api/orders 400 582
2026-08-27 10:29:15 ERROR GET /api/orders 503 386
2026-08-27 10:29:17 INFO GET /api/orders 200 259
2026-08-27 10:29:18 INFO POST /api/orders 200 1244
2026-08-27 10:29:20 ERROR GET /api/products 500 1469
2026-08-27 10:29:21 ERROR POST /api/login 500 1412
2026-08-27 10:29:22 INFO PUT /api/products/932 200 875
2026-08-27 10:29:23 WARNING PUT /api/products/963 400 1465
2026-08-27 10:29:25 WARNING DELETE /api/users/984 404 2158
2026-08-27 10:29:27 INFO DELETE /api/users/103 200 816
2026-08-27 10:29:28 INFO GET /api/users 200 103
2026-08-27 10:29:29 INFO GET /api/users/616 200 656
2026-08-27 10:29:32 WARNING POST /api/logout 400 2436
2026-08-27 10:29:34 ERROR GET /api/orders 500 1977
2026-08-27 10:29:37 INFO GET /api/users/951 200 231
2026-08-27 10:29:38 WARNING GET /api/users/134 429 754
2026-08-27 10:29:39 INFO PUT /api/products/653 200 802
2026-08-27 10:29:40 INFO POST /api/login 200 242
2026-08-27 10:29:41 INFO DELETE /api/users/467 200 1093
2026-08-27 10:29:42 INFO DELETE /api/users/360 200 1481
2026-08-27 10:29:44 INFO POST /api/orders 200 426
2026-08-27 10:29:45 INFO GET /api/users 200 897
2026-08-27 10:29:47 INFO DELETE /api/users/47 200 1181
2026-08-27 10:29:50 WARNING POST /api/login 400 471
2026-08-27 10:29:51 WARNING GET /api/products 429 1272
2026-08-27 10:29:52 INFO GET /api/users/150 200 929
2026-08-27 10:29:53 ERROR GET /api/health 503 1246
2026-08-27 10:29:55 INFO POST /api/logout 200 1331
2026-08-27 10:29:56 INFO GET /api/users/263 200 748
2026-08-27 10:29:58 INFO DELETE /api/users/614 200 1252
2026-08-27 10:30:00 INFO POST /api/orders 200 1379
2026-08-27 10:30:01 INFO GET /api/orders 200 1153
2026-08-27 10:30:02 INFO GET /api/products 200 1455
2026-08-27 10:30:03 INFO GET /api/products 200 770
2026-08-27 10:30:04 INFO POST /api/orders 200 484
2026-08-27 10:30:05 INFO DELETE /api/users/609 200 567
2026-08-27 10:30:08 INFO GET /api/users/388 200 916
2026-08-27 10:30:10 INFO POST /api/login 200 1418
2026-08-27 10:30:12 INFO GET /api/users/886 200 982
2026-08-27 10:30:13 INFO POST /api/logout 200 927
2026-08-27 10:30:14 INFO GET /api/products 200 1129
2026-08-27 10:30:15 INFO GET /api/health 200 182
2026-08-27 10:30:16 INFO DELETE /api/users/890 200 49
2026-08-27 10:30:17 INFO GET /api/health 200 988
2026-08-27 10:30:20 INFO GET /api/orders 200 1207
2026-08-27 10:30:21 INFO PUT /api/products/947 200 307
2026-08-27 10:30:22 INFO GET /api/users/352 200 651
2026-08-27 10:30:24 INFO POST /api/orders 200 1311
2026-08-27 10:30:25 ERROR DELETE /api/users/160 500 2466
2026-08-27 10:30:26 INFO DELETE /api/users/793 200 183
2026-08-27 10:30:29 INFO PUT /api/products/943 201 509
2026-08-27 10:30:30 INFO POST /api/login 200 1077
2026-08-27 10:30:31 INFO GET /api/users 200 582
2026-08-27 10:30:33 WARNING GET /api/products 401 2400
2026-08-27 10:30:35 INFO GET /api/products 200 591
2026-08-27 10:30:36 INFO GET /api/products 200 749
2026-08-27 10:30:37 INFO PUT /api/products/300 200 270
2026-08-27 10:30:39 WARNING GET /api/users/828 404 1096
2026-08-27 10:30:40 INFO GET /api/products 200 1079
2026-08-27 10:30:43 WARNING GET /api/products 401 2164
2026-08-27 10:30:45 ERROR GET /api/users/668 503 1310
2026-08-27 10:30:47 INFO GET /api/products 200 1013
2026-08-27 10:30:48 INFO PUT /api/products/329 200 616
2026-08-27 10:30:50 ERROR POST /api/logout 503 2480
2026-08-27 10:30:51 INFO GET /api/health 200 1036
2026-08-27 10:30:52 INFO POST /api/login 200 1030
2026-08-27 10:30:53 INFO GET /api/users 200 657
2026-08-27 10:30:55 INFO GET /api/products 200 293
2026-08-27 10:30:57 INFO PUT /api/products/998 200 1154
2026-08-27 10:30:58 WARNING POST /api/login 401 794
2026-08-27 10:30:59 INFO POST /api/login 201 279
2026-08-27 10:31:00 INFO POST /api/orders 200 1316
2026-08-27 10:31:01 INFO POST /api/login 200 698
2026-08-27 10:31:04 INFO GET /api/users/102 200 309
2026-08-27 10:31:05 INFO DELETE /api/users/51 200 360
2026-08-27 10:31:07 INFO GET /api/products 200 863
2026-08-27 10:31:10 INFO DELETE /api/users/505 200 151
2026-08-27 10:31:12 INFO GET /api/orders 200 567
2026-08-27 10:31:15 INFO GET /api/products 200 692
2026-08-27 10:31:18 ERROR GET /api/products 503 1928
2026-08-27 10:31:19 INFO GET /api/health 200 417
2026-08-27 10:31:22 INFO GET /api/users 200 581
2026-08-27 10:31:25 INFO GET /api/users 201 1276
2026-08-27 10:31:28 INFO GET /api/products 200 545
2026-08-27 10:31:30 INFO POST /api/login 200 1105
2026-08-27 10:31:33 INFO GET /api/users 200 991
2026-08-27 10:31:34 INFO GET /api/users/802 200 680
2026-08-27 10:31:36 INFO DELETE /api/users/211 200 544
2026-08-27 10:31:39 INFO POST /api/orders 200 767
2026-08-27 10:31:42 INFO DELETE /api/users/329 200 1005
2026-08-27 10:31:43 ERROR POST /api/orders 500 1830
2026-08-27 10:31:45 INFO GET /api/products 200 1302
2026-08-27 10:31:46 INFO PUT /api/products/217 200 276
2026-08-27 10:31:47 INFO POST /api/logout 200 1165
2026-08-27 10:31:49 INFO DELETE /api/users/312 200 763
2026-08-27 10:31:50 ERROR GET /api/orders 500 739
2026-08-27 10:31:51 INFO GET /api/users 200 1406
2026-08-27 10:31:52 INFO DELETE /api/users/529 200 373
2026-08-27 10:31:53 WARNING POST /api/logout 401 1760
2026-08-27 10:31:54 INFO GET /api/health 200 775
2026-08-27 10:31:55 INFO POST /api/orders 200 1460
2026-08-27 10:31:56 INFO GET /api/orders 200 820
2026-08-27 10:31:58 INFO DELETE /api/users/739 200 1278
2026-08-27 10:32:00 INFO PUT /api/products/89 200 550
2026-08-27 10:32:01 INFO GET /api/users 200 452
2026-08-27 10:32:03 INFO GET /api/orders 200 406
2026-08-27 10:32:04 INFO GET /api/orders 200 1012
2026-08-27 10:32:06 INFO POST /api/logout 200 97
2026-08-27 10:32:07 INFO DELETE /api/users/447 200 1318
2026-08-27 10:32:09 INFO GET /api/health 200 502
2026-08-27 10:32:10 INFO DELETE /api/users/398 200 248
2026-08-27 10:32:11 INFO GET /api/users/628 200 506
2026-08-27 10:32:12 INFO PUT /api/products/63 200 412
2026-08-27 10:32:15 INFO GET /api/orders 200 127
2026-08-27 10:32:16 INFO PUT /api/products/467 200 42
2026-08-27 10:32:18 INFO GET /api/orders 200 1426
2026-08-27 10:32:19 INFO PUT /api/products/413 200 541
2026-08-27 10:32:22 INFO GET /api/products 200 974
2026-08-27 10:32:24 INFO GET /api/health 200 1326
2026-08-27 10:32:27 INFO GET /api/users/839 200 1303
2026-08-27 10:32:28 INFO DELETE /api/users/783 200 802
2026-08-27 10:32:29 INFO GET /api/orders 200 623
2026-08-27 10:32:30 INFO POST /api/orders 200 899
2026-08-27 10:32:31 INFO GET /api/orders 200 1255
2026-08-27 10:32:32 INFO GET /api/products 200 156
2026-08-27 10:32:33 INFO POST /api/logout 201 404
2026-08-27 10:32:36 INFO GET /api/users 200 1241
2026-08-27 10:32:37 INFO DELETE /api/users/697 200 729
2026-08-27 10:32:38 INFO GET /api/products 200 717
2026-08-27 10:32:39 INFO DELETE /api/users/205 200 492
2026-08-27 10:32:40 WARNING POST /api/orders 400 616
2026-08-27 10:32:43 WARNING POST /api/login 401 357
2026-08-27 10:32:44 INFO POST /api/orders 200 449
2026-08-27 10:32:45 WARNING PUT /api/products/11 400 2182
2026-08-27 10:32:46 INFO GET /api/orders 200 385
2026-08-27 10:32:47 WARNING GET /api/products 400 476
2026-08-27 10:32:49 WARNING DELETE /api/users/671 400 1785
2026-08-27 10:32:50 INFO POST /api/orders 200 1292
2026-08-27 10:32:53 WARNING PUT /api/products/523 404 1541
2026-08-27 10:32:56 INFO POST /api/orders 200 417
2026-08-27 10:32:57 ERROR POST /api/logout 500 1550
2026-08-27 10:33:00 ERROR GET /api/health 500 938
2026-08-27 10:33:03 ERROR POST /api/login 503 2495
2026-08-27 10:33:04 INFO GET /api/users/199 200 492
2026-08-27 10:33:06 INFO GET /api/users 200 369
2026-08-27 10:33:08 WARNING GET /api/orders 401 1412
2026-08-27 10:33:09 INFO GET /api/health 200 297
2026-08-27 10:33:10 INFO POST /api/login 200 1463
2026-08-27 10:33:11 WARNING PUT /api/products/79 401 608
2026-08-27 10:33:12 INFO GET /api/products 200 1123
2026-08-27 10:33:13 WARNING GET /api/health 401 1077
2026-08-27 10:33:14 INFO GET /api/health 200 108
2026-08-27 10:33:16 WARNING GET /api/orders 400 1159
2026-08-27 10:33:17 INFO GET /api/orders 200 831
2026-08-27 10:33:20 INFO GET /api/orders 200 202
2026-08-27 10:33:23 INFO GET /api/users 200 1385
2026-08-27 10:33:24 ERROR PUT /api/products/342 503 2197
2026-08-27 10:33:27 INFO DELETE /api/users/319 201 645
2026-08-27 10:33:28 INFO GET /api/orders 200 703
2026-08-27 10:33:30 INFO PUT /api/products/715 200 740
2026-08-27 10:33:31 ERROR GET /api/users/378 500 2329
2026-08-27 10:33:34 INFO POST /api/logout 200 192
2026-08-27 10:33:36 INFO GET /api/users 200 1103
2026-08-27 10:33:37 INFO GET /api/users/635 200 945
2026-08-27 10:33:38 INFO POST /api/orders 200 85
2026-08-27 10:33:40 INFO POST /api/login 200 643
2026-08-27 10:33:43 INFO GET /api/users/419 200 1445
2026-08-27 10:33:44 INFO GET /api/users/856 200 296
2026-08-27 10:33:46 INFO POST /api/logout 200 886
2026-08-27 10:33:49 INFO GET /api/health 200 171
2026-08-27 10:33:50 ERROR POST /api/logout 500 812
2026-08-27 10:33:51 INFO GET /api/products 200 1350
2026-08-27 10:33:54 INFO GET /api/users 200 1037
2026-08-27 10:33:55 ERROR GET /api/users 500 540
2026-08-27 10:33:56 INFO POST /api/login 200 1315
2026-08-27 10:33:57 INFO GET /api/health 200 52
2026-08-27 10:33:58 INFO DELETE /api/users/275 200 596
2026-08-27 10:33:59 INFO GET /api/users/862 200 417
2026-08-27 10:34:02 WARNING GET /api/health 404 1801
2026-08-27 10:34:03 ERROR POST /api/orders 503 623
2026-08-27 10:34:06 INFO GET /api/orders 200 345
2026-08-27 10:34:08 INFO GET /api/health 201 355
2026-08-27 10:34:09 WARNING POST /api/orders 429 516
2026-08-27 10:34:10 INFO POST /api/orders 200 736
2026-08-27 10:34:11 INFO GET /api/orders 200 283
2026-08-27 10:34:14 WARNING POST /api/login 404 1374
2026-08-27 10:34:17 WARNING GET /api/products 400 2184
2026-08-27 10:34:19 ERROR GET /api/health 503 1995
2026-08-27 10:34:20 INFO GET /api/health 200 193
2026-08-27 10:34:21 INFO GET /api/orders 200 42
2026-08-27 10:34:22 INFO POST /api/orders 200 312
2026-08-27 10:34:24 WARNING DELETE /api/users/975 404 973
2026-08-27 10:34:27 INFO GET /api/users/754 200 858
2026-08-27 10:34:29 INFO GET /api/products 200 1418
2026-08-27 10:34:32 INFO GET /api/users/418 200 599
2026-08-27 10:34:33 INFO POST /api/login 200 1077
2026-08-27 10:34:36 INFO GET /api/orders 200 1249
2026-08-27 10:34:38 INFO GET /api/users/315 200 761
2026-08-27 10:34:39 INFO GET /api/health 200 1320
2026-08-27 10:34:42 INFO GET /api/users/429 200 868
2026-08-27 10:34:44 INFO GET /api/orders 200 594
2026-08-27 10:34:47 INFO POST /api/login 200 195
2026-08-27 10:34:48 INFO GET /api/users 200 546
2026-08-27 10:34:49 WARNING POST /api/logout 400 2125
2026-08-27 10:34:52 INFO GET /api/health 200 1131
2026-08-27 10:34:53 INFO DELETE /api/users/943 200 1457
2026-08-27 10:34:55 INFO GET /api/orders 200 1006
2026-08-27 10:34:58 INFO POST /api/logout 200 930
2026-08-27 10:34:59 INFO GET /api/users/818 200 1055
2026-08-27 10:35:00 INFO GET /api/users 200 1035
2026-08-27 10:35:01 INFO GET /api/products 200 1187
2026-08-27 10:35:04 INFO GET /api/users 200 945
2026-08-27 10:35:06 INFO GET /api/users/342 200 749
2026-08-27 10:35:07 INFO GET /api/products 200 1490
2026-08-27 10:35:08 INFO GET /api/users/466 200 491
2026-08-27 10:35:11 INFO GET /api/users 200 977
2026-08-27 10:35:13 INFO GET /api/users/28 200 593
2026-08-27 10:35:14 INFO GET /api/products 200 733
2026-08-27 10:35:16 INFO DELETE /api/users/623 200 58
2026-08-27 10:35:19 INFO GET /api/orders 200 923
2026-08-27 10:35:22 INFO POST /api/login 200 491
2026-08-27 10:35:23 INFO PUT /api/products/913 200 396
2026-08-27 10:35:24 INFO PUT /api/products/516 200 195
2026-08-27 10:35:26 INFO GET /api/users/512 200 1282
2026-08-27 10:35:27 WARNING POST /api/login 429 2037
2026-08-27 10:35:28 INFO POST /api/orders 200 839
2026-08-27 10:35:29 WARNING POST /api/orders 401 2060
2026-08-27 10:35:30 INFO GET /api/orders 200 479
2026-08-27 10:35:31 INFO GET /api/users 200 436
2026-08-27 10:35:32 INFO DELETE /api/users/992 200 630
2026-08-27 10:35:35 INFO POST /api/orders 200 999
2026-08-27 10:35:36 ERROR GET /api/orders 500 616
2026-08-27 10:35:39 INFO POST /api/orders 200 1105
2026-08-27 10:35:40 INFO PUT /api/products/74 200 47
2026-08-27 10:35:42 INFO GET /api/users 200 609
2026-08-27 10:35:44 INFO GET /api/health 200 700
2026-08-27 10:35:46 INFO PUT /api/products/134 200 641
2026-08-27 10:35:47 WARNING PUT /api/products/763 404 576
2026-08-27 10:35:48 INFO DELETE /api/users/167 200 786
2026-08-27 10:35:50 INFO PUT /api/products/131 200 290
2026-08-27 10:35:51 WARNING POST /api/orders 429 1827
2026-08-27 10:35:53 WARNING DELETE /api/users/959 400 1049
2026-08-27 10:35:54 INFO GET /api/products 200 238
2026-08-27 10:35:55 INFO GET /api/users/918 200 207
2026-08-27 10:35:57 INFO POST /api/orders 200 275
2026-08-27 10:36:00 INFO POST /api/logout 200 580
2026-08-27 10:36:01 ERROR POST /api/logout 500 1247
2026-08-27 10:36:03 INFO POST /api/orders 200 304
2026-08-27 10:36:04 INFO GET /api/health 200 693
2026-08-27 10:36:05 INFO GET /api/health 200 301
2026-08-27 10:36:07 INFO GET /api/products 200 173
2026-08-27 10:36:08 INFO GET /api/users 200 1184
2026-08-27 10:36:09 INFO GET /api/users/488 200 160
2026-08-27 10:36:10 INFO GET /api/users 200 237
2026-08-27 10:36:11 WARNING POST /api/logout 404 1695
2026-08-27 10:36:13 INFO GET /api/users 200 1338
2026-08-27 10:36:15 INFO GET /api/users/416 200 685
2026-08-27 10:36:17 INFO GET /api/orders 200 403
2026-08-27 10:36:20 INFO DELETE /api/users/546 200 169
2026-08-27 10:36:21 INFO GET /api/health 200 904
2026-08-27 10:36:22 WARNING PUT /api/products/4 400 649
2026-08-27 10:36:24 INFO GET /api/health 200 1137
2026-08-27 10:36:25 INFO DELETE /api/users/447 200 296
2026-08-27 10:36:26 INFO POST /api/login 200 167
2026-08-27 10:36:29 INFO PUT /api/products/787 200 563
2026-08-27 10:36:30 INFO POST /api/orders 200 511
2026-08-27 10:36:31 INFO GET /api/orders 200 674
2026-08-27 10:36:32 INFO POST /api/login 200 1351
2026-08-27 10:36:33 INFO DELETE /api/users/994 200 434
2026-08-27 10:36:34 INFO GET /api/health 200 306
2026-08-27 10:36:37 INFO GET /api/health 200 729
2026-08-27 10:36:38 INFO POST /api/login 200 827
2026-08-27 10:36:39 INFO POST /api/login 200 842
2026-08-27 10:36:42 INFO GET /api/users/992 200 685
2026-08-27 10:36:43 WARNING GET /api/health 400 746
2026-08-27 10:36:46 INFO POST /api/orders 200 1370
2026-08-27 10:36:49 INFO GET /api/health 200 1304
2026-08-27 10:36:50 INFO DELETE /api/users/808 200 815
2026-08-27 10:36:52 INFO GET /api/health 200 1166
2026-08-27 10:36:53 INFO GET /api/health 200 1176
2026-08-27 10:36:55 INFO DELETE /api/users/282 200 476
2026-08-27 10:36:56 WARNING GET /api/health 404 651
2026-08-27 10:36:57 INFO GET /api/health 200 977
2026-08-27 10:36:58 INFO POST /api/logout 200 434
2026-08-27 10:36:59 INFO POST /api/login 200 1265
2026-08-27 10:37:00 WARNING GET /api/users/811 429 1777
2026-08-27 10:37:01 INFO POST /api/login 200 993
2026-08-27 10:37:02 INFO GET /api/orders 200 1179
2026-08-27 10:37:05 INFO GET /api/health 200 1206
2026-08-27 10:37:08 INFO POST /api/login 201 1290
2026-08-27 10:37:10 WARNING GET /api/users/177 400 502
2026-08-27 10:37:11 INFO POST /api/logout 200 434
2026-08-27 10:37:12 INFO POST /api/logout 200 1132
2026-08-27 10:37:13 WARNING GET /api/users/182 401 2419
2026-08-27 10:37:14 INFO GET /api/users/750 200 70
2026-08-27 10:37:15 INFO POST /api/logout 200 1308
2026-08-27 10:37:16 ERROR GET /api/orders 500 528
2026-08-27 10:37:19 INFO POST /api/orders 200 951
2026-08-27 10:37:22 INFO DELETE /api/users/159 200 84
2026-08-27 10:37:23 INFO GET /api/orders 200 992
2026-08-27 10:37:26 INFO GET /api/users 200 1015
2026-08-27 10:37:27 INFO GET /api/users/204 200 1480
2026-08-27 10:37:28 INFO DELETE /api/users/408 200 244
2026-08-27 10:37:29 INFO POST /api/logout 200 300
2026-08-27 10:37:30 INFO PUT /api/products/799 200 1402
2026-08-27 10:37:31 INFO GET /api/products 200 1432
2026-08-27 10:37:32 INFO POST /api/logout 200 882
2026-08-27 10:37:35 WARNING GET /api/health 401 1609
2026-08-27 10:37:38 INFO POST /api/orders 200 990
2026-08-27 10:37:41 INFO GET /api/orders 200 1353
2026-08-27 10:37:42 ERROR GET /api/health 500 1185
2026-08-27 10:37:43 INFO GET /api/orders 200 499
2026-08-27 10:37:46 INFO POST /api/login 200 934
2026-08-27 10:37:48 WARNING GET /api/users/246 429 1675
2026-08-27 10:37:50 INFO DELETE /api/users/316 200 49
2026-08-27 10:37:51 INFO POST /api/login 200 812
2026-08-27 10:37:52 INFO GET /api/health 200 1486
2026-08-27 10:37:53 INFO DELETE /api/users/300 200 385
2026-08-27 10:37:55 INFO POST /api/login 200 1076
2026-08-27 10:37:57 INFO GET /api/users 200 147
2026-08-27 10:37:58 INFO POST /api/login 200 1044
2026-08-27 10:37:59 INFO POST /api/orders 200 481
2026-08-27 10:38:00 INFO POST /api/orders 200 734
2026-08-27 10:38:01 INFO GET /api/orders 200 411
2026-08-27 10:38:03 INFO PUT /api/products/781 200 1389
2026-08-27 10:38:04 ERROR POST /api/login 500 395
2026-08-27 10:38:06 INFO DELETE /api/users/700 200 1316
2026-08-27 10:38:07 WARNING POST /api/orders 429 620
2026-08-27 10:38:08 WARNING GET /api/users/967 401 2152
2026-08-27 10:38:11 INFO GET /api/orders 200 966
2026-08-27 10:38:14 WARNING GET /api/products 429 1999
2026-08-27 10:38:17 INFO POST /api/login 200 639
2026-08-27 10:38:18 ERROR GET /api/health 500 1119
2026-08-27 10:38:19 INFO GET /api/users/283 200 685
2026-08-27 10:38:20 WARNING GET /api/products 429 642
2026-08-27 10:38:21 INFO GET /api/products 200 911
2026-08-27 10:38:23 WARNING GET /api/health 400 1299
2026-08-27 10:38:24 INFO DELETE /api/users/347 200 327
2026-08-27 10:38:27 INFO PUT /api/products/909 200 1406
2026-08-27 10:38:30 WARNING POST /api/orders 429 2115
2026-08-27 10:38:31 INFO POST /api/logout 200 531
2026-08-27 10:38:32 INFO GET /api/products 200 1347
2026-08-27 10:38:33 INFO GET /api/products 200 1498
2026-08-27 10:38:35 ERROR POST /api/logout 503 1495
2026-08-27 10:38:37 INFO POST /api/logout 200 963
2026-08-27 10:38:38 INFO POST /api/login 200 1200
2026-08-27 10:38:40 INFO GET /api/health 200 744
2026-08-27 10:38:42 INFO PUT /api/products/207 200 757
2026-08-27 10:38:43 INFO POST /api/orders 200 189
2026-08-27 10:38:44 INFO PUT /api/products/72 200 1294
2026-08-27 10:38:47 ERROR PUT /api/products/710 500 2031
2026-08-27 10:38:48 INFO POST /api/login 200 1337
2026-08-27 10:38:50 WARNING GET /api/products 401 1612
2026-08-27 10:38:51 INFO POST /api/logout 200 596
2026-08-27 10:38:52 INFO GET /api/users 200 135
2026-08-27 10:38:53 INFO GET /api/products 200 706
2026-08-27 10:38:54 INFO GET /api/products 200 110
2026-08-27 10:38:55 WARNING GET /api/orders 404 764
2026-08-27 10:38:56 INFO POST /api/orders 200 658
2026-08-27 10:38:57 INFO GET /api/products 200 929
2026-08-27 10:39:00 INFO POST /api/orders 200 397
2026-08-27 10:39:01 INFO POST /api/orders 201 288
2026-08-27 10:39:02 INFO POST /api/orders 200 585
2026-08-27 10:39:04 INFO GET /api/orders 200 506
2026-08-27 10:39:05 INFO GET /api/health 200 1179
2026-08-27 10:39:06 INFO GET /api/users 200 396
2026-08-27 10:39:09 INFO DELETE /api/users/291 200 481
2026-08-27 10:39:10 INFO GET /api/users 201 1280
2026-08-27 10:39:13 INFO POST /api/login 200 393
2026-08-27 10:39:16 INFO POST /api/orders 200 1148
2026-08-27 10:39:19 INFO DELETE /api/users/68 200 624
2026-08-27 10:39:20 INFO GET /api/users 200 535
2026-08-27 10:39:21 INFO PUT /api/products/28 200 1079
2026-08-27 10:39:22 WARNING GET /api/users 401 697
2026-08-27 10:39:23 INFO DELETE /api/users/978 200 683
2026-08-27 10:39:24 INFO POST /api/logout 200 122
2026-08-27 10:39:26 INFO GET /api/orders 200 762
2026-08-27 10:39:28 INFO GET /api/products 200 152
2026-08-27 10:39:29 INFO GET /api/orders 200 44
2026-08-27 10:39:30 INFO GET /api/orders 200 846
2026-08-27 10:39:31 INFO GET /api/orders 200 485
2026-08-27 10:39:33 INFO DELETE /api/users/993 200 548
2026-08-27 10:39:36 WARNING GET /api/products 400 472
2026-08-27 10:39:38 INFO GET /api/users/820 200 1019
2026-08-27 10:39:39 INFO GET /api/products 200 1131
2026-08-27 10:39:42 INFO POST /api/orders 200 1027
2026-08-27 10:39:44 INFO POST /api/logout 201 1236
2026-08-27 10:39:45 ERROR DELETE /api/users/292 500 1062
2026-08-27 10:39:46 INFO GET /api/health 200 213
2026-08-27 10:39:49 INFO GET /api/health 200 397
2026-08-27 10:39:50 INFO GET /api/users 200 819
2026-08-27 10:39:51 INFO POST /api/orders 200 1157
2026-08-27 10:39:52 WARNING PUT /api/products/801 404 830
2026-08-27 10:39:55 WARNING PUT /api/products/46 401 2189
2026-08-27 10:39:56 INFO POST /api/logout 200 608
2026-08-27 10:39:57 INFO GET /api/health 200 470
2026-08-27 10:39:59 INFO PUT /api/products/220 200 1261
2026-08-27 10:40:02 INFO GET /api/users/784 200 189
2026-08-27 10:40:03 INFO POST /api/orders 200 1058
2026-08-27 10:40:05 INFO GET /api/users/344 200 88
2026-08-27 10:40:06 INFO GET /api/users 200 870
2026-08-27 10:40:08 INFO GET /api/products 200 802
2026-08-27 10:40:09 INFO GET /api/users 200 1266
2026-08-27 10:40:10 WARNING POST /api/login 400 1653
2026-08-27 10:40:12 INFO GET /api/users 200 120
2026-08-27 10:40:15 INFO POST /api/orders 201 708
2026-08-27 10:40:16 INFO GET /api/users/364 200 1027
2026-08-27 10:40:17 INFO POST /api/orders 200 766
2026-08-27 10:40:18 INFO GET /api/health 200 1331
2026-08-27 10:40:20 INFO POST /api/login 200 1421
2026-08-27 10:40:22 WARNING POST /api/logout 400 1736
2026-08-27 10:40:24 WARNING PUT /api/products/725 429 728
2026-08-27 10:40:25 INFO GET /api/orders 201 1079
2026-08-27 10:40:27 INFO POST /api/login 200 1220
2026-08-27 10:40:30 INFO GET /api/products 200 1468
2026-08-27 10:40:31 INFO PUT /api/products/137 200 609
2026-08-27 10:40:33 INFO POST /api/logout 200 770
2026-08-27 10:40:35 INFO DELETE /api/users/621 200 671
2026-08-27 10:40:37 ERROR POST /api/login 503 1543
2026-08-27 10:40:39 INFO PUT /api/products/227 200 71
2026-08-27 10:40:40 INFO GET /api/users/551 200 1175
2026-08-27 10:40:42 ERROR POST /api/orders 503 1266
2026-08-27 10:40:43 INFO POST /api/logout 200 448
2026-08-27 10:40:46 WARNING DELETE /api/users/716 429 2290
2026-08-27 10:40:48 WARNING GET /api/products 429 1986
2026-08-27 10:40:51 INFO GET /api/products 200 171
2026-08-27 10:40:52 INFO GET /api/users 200 64
2026-08-27 10:40:53 WARNING POST /api/logout 400 2275
2026-08-27 10:40:54 ERROR GET /api/health 500 970
2026-08-27 10:40:57 INFO GET /api/users/954 200 636
2026-08-27 10:40:58 INFO GET /api/orders 200 133
2026-08-27 10:41:01 INFO GET /api/orders 200 1321
2026-08-27 10:41:02 INFO POST /api/logout 200 1106
2026-08-27 10:41:05 INFO POST /api/logout 200 895
2026-08-27 10:41:06 WARNING DELETE /api/users/393 400 778
2026-08-27 10:41:08 INFO GET /api/products 200 1003
2026-08-27 10:41:09 INFO DELETE /api/users/745 200 1090
2026-08-27 10:41:10 INFO GET /api/users 200 1153
2026-08-27 10:41:11 INFO POST /api/logout 200 816
2026-08-27 10:41:12 INFO PUT /api/products/393 200 308
2026-08-27 10:41:14 WARNING GET /api/products 429 1428
2026-08-27 10:41:15 INFO POST /api/logout 200 643
2026-08-27 10:41:17 ERROR GET /api/orders 500 488
2026-08-27 10:41:20 INFO GET /api/health 200 1172
2026-08-27 10:41:21 INFO GET /api/health 200 1320
2026-08-27 10:41:22 INFO GET /api/users/969 200 271
2026-08-27 10:41:25 INFO POST /api/login 200 1243
2026-08-27 10:41:26 INFO POST /api/orders 200 983
2026-08-27 10:41:27 WARNING DELETE /api/users/687 401 2009
2026-08-27 10:41:28 INFO DELETE /api/users/787 200 901
2026-08-27 10:41:29 INFO DELETE /api/users/337 200 1304
2026-08-27 10:41:30 WARNING GET /api/orders 429 1737
2026-08-27 10:41:31 INFO GET /api/health 200 780
2026-08-27 10:41:32 INFO GET /api/products 200 78
2026-08-27 10:41:33 INFO POST /api/orders 200 1306
2026-08-27 10:41:34 INFO POST /api/orders 200 426
2026-08-27 10:41:35 INFO POST /api/orders 200 972
2026-08-27 10:41:36 INFO PUT /api/products/83 200 913
2026-08-27 10:41:38 INFO GET /api/products 200 1302
2026-08-27 10:41:39 INFO GET /api/users 200 1348
2026-08-27 10:41:40 INFO GET /api/users 200 1292
2026-08-27 10:41:41 INFO POST /api/orders 200 1139
2026-08-27 10:41:44 INFO GET /api/users 200 124
2026-08-27 10:41:45 INFO POST /api/login 200 1162
2026-08-27 10:41:48 INFO POST /api/orders 200 1339
2026-08-27 10:41:51 INFO POST /api/login 200 1428
2026-08-27 10:41:53 INFO POST /api/orders 200 503
2026-08-27 10:41:56 INFO POST /api/logout 200 1478
2026-08-27 10:41:57 INFO POST /api/login 200 1236
2026-08-27 10:42:00 INFO GET /api/health 200 255
2026-08-27 10:42:01 WARNING POST /api/logout 400 946
2026-08-27 10:42:02 INFO GET /api/users/737 200 1451
2026-08-27 10:42:04 INFO GET /api/products 200 872
2026-08-27 10:42:05 ERROR POST /api/logout 500 1589
2026-08-27 10:42:06 INFO GET /api/users/413 200 1214
2026-08-27 10:42:09 INFO DELETE /api/users/194 200 880
2026-08-27 10:42:10 ERROR GET /api/orders 500 769
2026-08-27 10:42:11 INFO POST /api/logout 200 202
2026-08-27 10:42:13 INFO GET /api/orders 200 419
2026-08-27 10:42:15 WARNING PUT /api/products/243 429 1547
2026-08-27 10:42:18 WARNING PUT /api/products/269 429 1997
2026-08-27 10:42:19 INFO PUT /api/products/458 200 1009
2026-08-27 10:42:21 INFO GET /api/users 200 1014
2026-08-27 10:42:22 WARNING GET /api/products 401 2476
2026-08-27 10:42:23 WARNING POST /api/logout 401 618
2026-08-27 10:42:24 ERROR POST /api/logout 500 628
2026-08-27 10:42:27 INFO GET /api/orders 200 121
2026-08-27 10:42:28 INFO PUT /api/products/64 200 658
2026-08-27 10:42:30 INFO DELETE /api/users/607 200 767
2026-08-27 10:42:32 INFO GET /api/orders 200 554
2026-08-27 10:42:33 INFO POST /api/login 200 168
2026-08-27 10:42:35 INFO GET /api/health 200 832
2026-08-27 10:42:36 INFO POST /api/login 200 478
2026-08-27 10:42:37 INFO POST /api/orders 200 1268
2026-08-27 10:42:38 INFO DELETE /api/users/435 200 508
2026-08-27 10:42:39 INFO POST /api/logout 200 171
2026-08-27 10:42:40 INFO POST /api/logout 200 1005
2026-08-27 10:42:42 INFO GET /api/products 200 629
2026-08-27 10:42:43 INFO GET /api/users 200 1145
2026-08-27 10:42:44 WARNING GET /api/orders 401 695
2026-08-27 10:42:47 WARNING GET /api/health 400 572
2026-08-27 10:42:48 INFO POST /api/logout 200 1314
2026-08-27 10:42:49 INFO DELETE /api/users/152 200 1022
2026-08-27 10:42:52 INFO GET /api/orders 200 936
2026-08-27 10:42:54 INFO PUT /api/products/344 200 1249
2026-08-27 10:42:57 INFO GET /api/health 200 784
2026-08-27 10:42:58 INFO GET /api/health 200 507
2026-08-27 10:42:59 INFO GET /api/users 200 816
2026-08-27 10:43:00 ERROR GET /api/health 503 1465
2026-08-27 10:43:02 INFO GET /api/orders 200 189
2026-08-27 10:43:03 INFO DELETE /api/users/9 200 265
2026-08-27 10:43:05 INFO GET /api/orders 200 228
2026-08-27 10:43:06 INFO GET /api/users 200 761
2026-08-27 10:43:09 INFO POST /api/logout 200 1284
2026-08-27 10:43:12 ERROR GET /api/orders 503 1169
2026-08-27 10:43:15 INFO POST /api/logout 200 795
2026-08-27 10:43:16 INFO GET /api/users 200 179
2026-08-27 10:43:18 INFO POST /api/logout 200 448
2026-08-27 10:43:20 INFO POST /api/orders 200 1128
2026-08-27 10:43:21 INFO DELETE /api/users/533 201 739
2026-08-27 10:43:24 INFO POST /api/logout 200 611
2026-08-27 10:43:25 INFO GET /api/users 200 485
2026-08-27 10:43:26 INFO POST /api/logout 200 1500
2026-08-27 10:43:29 INFO POST /api/orders 200 768
2026-08-27 10:43:30 INFO GET /api/users/302 200 455
2026-08-27 10:43:31 WARNING PUT /api/products/550 400 828
2026-08-27 10:43:32 INFO GET /api/users/860 200 290
2026-08-27 10:43:33 INFO GET /api/users 200 1070
2026-08-27 10:43:34 INFO POST /api/logout 200 577
2026-08-27 10:43:35 INFO GET /api/orders 200 123
2026-08-27 10:43:36 ERROR GET /api/products 500 2349
2026-08-27 10:43:39 INFO GET /api/users/759 200 801
2026-08-27 10:43:40 INFO GET /api/users/442 200 1143
2026-08-27 10:43:41 ERROR POST /api/logout 503 1447
2026-08-27 10:43:42 INFO DELETE /api/users/9 200 555
2026-08-27 10:43:43 INFO GET /api/users/147 200 981
2026-08-27 10:43:44 INFO POST /api/login 200 356
2026-08-27 10:43:46 INFO POST /api/login 200 120
2026-08-27 10:43:47 INFO GET /api/products 200 351
2026-08-27 10:43:50 INFO GET /api/health 200 697
2026-08-27 10:43:52 INFO POST /api/login 200 876
2026-08-27 10:43:53 INFO GET /api/products 200 60
2026-08-27 10:43:54 INFO GET /api/users 200 246
2026-08-27 10:43:55 INFO GET /api/health 200 292
2026-08-27 10:43:58 INFO DELETE /api/users/231 200 1191
2026-08-27 10:44:00 INFO POST /api/login 200 877
2026-08-27 10:44:01 INFO GET /api/orders 200 1171
2026-08-27 10:44:02 ERROR DELETE /api/users/120 500 2103
2026-08-27 10:44:05 INFO GET /api/products 200 917
2026-08-27 10:44:07 INFO PUT /api/products/216 200 1054
2026-08-27 10:44:08 ERROR GET /api/users 503 2009
2026-08-27 10:44:11 INFO POST /api/logout 200 693
2026-08-27 10:44:14 INFO GET /api/users/490 200 710
2026-08-27 10:44:15 INFO PUT /api/products/96 200 658
2026-08-27 10:44:16 INFO GET /api/orders 200 595
2026-08-27 10:44:17 INFO POST /api/orders 200 847
2026-08-27 10:44:19 INFO POST /api/login 200 215
2026-08-27 10:44:20 INFO GET /api/users 200 1256
2026-08-27 10:44:23 WARNING POST /api/logout 429 794
2026-08-27 10:44:24 WARNING GET /api/users 429 1839
2026-08-27 10:44:25 INFO GET /api/products 201 443
2026-08-27 10:44:26 INFO GET /api/products 200 764
2026-08-27 10:44:27 INFO PUT /api/products/73 201 1053
2026-08-27 10:44:30 INFO POST /api/logout 200 1005
2026-08-27 10:44:31 INFO GET /api/products 200 1481
2026-08-27 10:44:34 INFO PUT /api/products/27 200 436
2026-08-27 10:44:35 INFO GET /api/users/824 200 629
2026-08-27 10:44:36 INFO POST /api/orders 200 583
2026-08-27 10:44:37 INFO GET /api/health 200 1237
2026-08-27 10:44:38 INFO GET /api/users 200 825
2026-08-27 10:44:39 INFO PUT /api/products/897 200 1345
2026-08-27 10:44:42 INFO GET /api/orders 200 499
2026-08-27 10:44:43 INFO POST /api/login 200 869
2026-08-27 10:44:45 INFO POST /api/orders 200 451
2026-08-27 10:44:46 INFO GET /api/users 200 150
2026-08-27 10:44:47 WARNING GET /api/users/463 400 352
2026-08-27 10:44:49 ERROR GET /api/users 500 1489
2026-08-27 10:44:52 INFO POST /api/login 200 1095
2026-08-27 10:44:54 INFO GET /api/users 201 1329
2026-08-27 10:44:55 INFO POST /api/login 200 41
2026-08-27 10:44:56 INFO GET /api/orders 200 1307
2026-08-27 10:44:59 INFO GET /api/users/859 200 623
2026-08-27 10:45:00 INFO PUT /api/products/807 200 789
2026-08-27 10:45:01 INFO GET /api/users/203 200 131
2026-08-27 10:45:02 INFO GET /api/health 200 1369
2026-08-27 10:45:03 WARNING POST /api/orders 429 948
2026-08-27 10:45:05 INFO GET /api/products 200 506
2026-08-27 10:45:06 INFO POST /api/login 200 519
2026-08-27 10:45:07 INFO GET /api/health 200 412
2026-08-27 10:45:08 INFO DELETE /api/users/650 200 131
2026-08-27 10:45:11 INFO GET /api/health 201 981
2026-08-27 10:45:12 INFO GET /api/users 200 590
2026-08-27 10:45:14 INFO GET /api/health 200 1024
2026-08-27 10:45:15 INFO PUT /api/products/539 200 1333
2026-08-27 10:45:17 INFO GET /api/users/87 200 357
2026-08-27 10:45:20 INFO POST /api/login 200 426
2026-08-27 10:45:21 INFO GET /api/health 200 1050
2026-08-27 10:45:22 INFO GET /api/health 200 874
2026-08-27 10:45:24 INFO GET /api/orders 200 1397
2026-08-27 10:45:27 ERROR POST /api/orders 500 2346
2026-08-27 10:45:30 INFO GET /api/health 200 990
2026-08-27 10:45:31 WARNING GET /api/products 429 1733
2026-08-27 10:45:34 INFO GET /api/health 200 1451
2026-08-27 10:45:35 INFO POST /api/login 200 266
2026-08-27 10:45:36 INFO GET /api/orders 200 360
2026-08-27 10:45:38 INFO POST /api/login 200 1433
2026-08-27 10:45:40 INFO GET /api/products 200 640
2026-08-27 10:45:42 ERROR POST /api/logout 500 2466
2026-08-27 10:45:43 INFO GET /api/products 200 1251
2026-08-27 10:45:46 INFO GET /api/users/209 200 540
2026-08-27 10:45:47 INFO DELETE /api/users/970 200 1139
2026-08-27 10:45:48 INFO GET /api/orders 200 1406
2026-08-27 10:45:49 INFO POST /api/logout 200 779
2026-08-27 10:45:50 INFO PUT /api/products/835 200 1378
2026-08-27 10:45:51 INFO POST /api/logout 200 584
2026-08-27 10:45:52 INFO POST /api/logout 200 862
2026-08-27 10:45:55 INFO DELETE /api/users/630 200 466
2026-08-27 10:45:57 INFO GET /api/users 200 886
2026-08-27 10:45:58 WARNING PUT /api/products/73 429 1330
2026-08-27 10:45:59 INFO GET /api/users/12 200 1238
2026-08-27 10:46:00 INFO POST /api/login 201 730
2026-08-27 10:46:01 INFO POST /api/orders 200 1315
2026-08-27 10:46:02 WARNING PUT /api/products/209 429 1113
2026-08-27 10:46:05 INFO GET /api/users/171 200 239
2026-08-27 10:46:07 INFO DELETE /api/users/67 200 1003
2026-08-27 10:46:08 INFO GET /api/users 200 637
2026-08-27 10:46:10 INFO POST /api/logout 200 539
2026-08-27 10:46:12 WARNING GET /api/users 429 954
2026-08-27 10:46:15 INFO GET /api/orders 200 82
2026-08-27 10:46:16 INFO PUT /api/products/678 200 649
2026-08-27 10:46:17 INFO GET /api/products 200 882
2026-08-27 10:46:19 INFO DELETE /api/users/540 200 229
2026-08-27 10:46:20 INFO GET /api/users/461 200 1322
2026-08-27 10:46:22 INFO POST /api/logout 200 757
2026-08-27 10:46:23 WARNING POST /api/orders 429 858
2026-08-27 10:46:24 INFO GET /api/orders 200 210
2026-08-27 10:46:26 INFO POST /api/logout 200 1178
2026-08-27 10:46:27 INFO DELETE /api/users/962 200 1204
2026-08-27 10:46:30 INFO POST /api/logout 200 619
2026-08-27 10:46:31 INFO GET /api/users 200 453
2026-08-27 10:46:32 WARNING POST /api/logout 429 1510
2026-08-27 10:46:34 INFO POST /api/logout 200 1312
2026-08-27 10:46:35 INFO GET /api/products 200 88
2026-08-27 10:46:36 INFO GET /api/health 200 897
2026-08-27 10:46:37 INFO GET /api/products 200 1278
2026-08-27 10:46:38 WARNING GET /api/orders 429 1870
2026-08-27 10:46:39 INFO DELETE /api/users/75 200 803
2026-08-27 10:46:40 INFO POST /api/login 200 116
2026-08-27 10:46:43 INFO GET /api/products 200 1334
2026-08-27 10:46:44 INFO POST /api/orders 200 1065
2026-08-27 10:46:45 INFO POST /api/orders 200 467
2026-08-27 10:46:46 WARNING GET /api/products 400 539
2026-08-27 10:46:48 INFO GET /api/users/851 200 983
2026-08-27 10:46:49 ERROR GET /api/orders 503 1833
2026-08-27 10:46:52 INFO GET /api/users 200 1255
2026-08-27 10:46:55 INFO PUT /api/products/87 200 1414
2026-08-27 10:46:58 INFO GET /api/orders 200 521
2026-08-27 10:46:59 WARNING GET /api/orders 404 1193
2026-08-27 10:47:00 INFO POST /api/login 200 225
2026-08-27 10:47:03 INFO GET /api/products 200 1450
2026-08-27 10:47:04 WARNING GET /api/orders 400 678
2026-08-27 10:47:05 INFO PUT /api/products/640 200 447
2026-08-27 10:47:06 ERROR GET /api/users/104 500 1597
2026-08-27 10:47:07 INFO GET /api/users 200 1484
2026-08-27 10:47:09 INFO DELETE /api/users/239 200 1235
2026-08-27 10:47:12 INFO GET /api/users 200 1250
2026-08-27 10:47:14 INFO GET /api/health 200 41
2026-08-27 10:47:15 INFO GET /api/users/875 200 595
2026-08-27 10:47:17 INFO GET /api/health 200 1327
2026-08-27 10:47:20 INFO GET /api/users/923 200 300
2026-08-27 10:47:23 INFO GET /api/health 200 137
2026-08-27 10:47:24 WARNING POST /api/orders 404 1216
2026-08-27 10:47:25 INFO POST /api/logout 200 485
2026-08-27 10:47:26 INFO GET /api/users 200 112
2026-08-27 10:47:29 WARNING GET /api/users/563 401 782
2026-08-27 10:47:30 INFO GET /api/products 200 1405
2026-08-27 10:47:31 INFO DELETE /api/users/771 200 237
2026-08-27 10:47:33 ERROR POST /api/orders 500 1590
2026-08-27 10:47:35 INFO GET /api/orders 200 1167
2026-08-27 10:47:36 INFO DELETE /api/users/858 200 1230
2026-08-27 10:47:37 INFO DELETE /api/users/857 200 394
2026-08-27 10:47:38 INFO DELETE /api/users/843 200 435
2026-08-27 10:47:39 WARNING GET /api/orders 404 1870
2026-08-27 10:47:40 INFO PUT /api/products/160 200 1403
2026-08-27 10:47:41 INFO PUT /api/products/65 200 609
2026-08-27 10:47:44 WARNING GET /api/users/135 404 1007
2026-08-27 10:47:45 INFO POST /api/logout 200 469
2026-08-27 10:47:46 INFO GET /api/health 200 1224
2026-08-27 10:47:48 WARNING GET /api/products 429 416
2026-08-27 10:47:49 INFO GET /api/health 200 1030
2026-08-27 10:47:50 WARNING GET /api/orders 429 747
2026-08-27 10:47:52 WARNING GET /api/users 404 2436
2026-08-27 10:47:53 INFO POST /api/logout 200 738
2026-08-27 10:47:55 INFO POST /api/orders 200 76
2026-08-27 10:47:56 INFO GET /api/health 200 149
2026-08-27 10:47:58 WARNING PUT /api/products/869 404 2213
2026-08-27 10:47:59 WARNING GET /api/health 429 1277
2026-08-27 10:48:00 INFO GET /api/users 200 993
2026-08-27 10:48:03 INFO GET /api/products 200 412
2026-08-27 10:48:04 WARNING GET /api/products 400 364
2026-08-27 10:48:05 INFO POST /api/logout 200 1401
2026-08-27 10:48:06 INFO POST /api/orders 200 712
2026-08-27 10:48:07 INFO DELETE /api/users/214 200 120
2026-08-27 10:48:08 WARNING POST /api/orders 404 322
2026-08-27 10:48:11 INFO DELETE /api/users/489 200 1208
2026-08-27 10:48:12 INFO PUT /api/products/444 200 1081
2026-08-27 10:48:13 INFO POST /api/login 200 102
2026-08-27 10:48:15 ERROR GET /api/users 500 1018
2026-08-27 10:48:18 INFO GET /api/products 200 456
2026-08-27 10:48:19 INFO GET /api/products 200 1030
2026-08-27 10:48:22 INFO GET /api/users 200 753
2026-08-27 10:48:23 ERROR POST /api/login 503 1688
2026-08-27 10:48:24 INFO POST /api/login 200 314
2026-08-27 10:48:26 ERROR GET /api/products 500 1901
2026-08-27 10:48:27 ERROR GET /api/users 500 1107
2026-08-27 10:48:28 INFO GET /api/products 200 1145
2026-08-27 10:48:29 INFO POST /api/orders 200 464
2026-08-27 10:48:31 INFO POST /api/orders 200 1456
2026-08-27 10:48:34 INFO PUT /api/products/767 200 57
2026-08-27 10:48:35 INFO POST /api/login 200 510
2026-08-27 10:48:38 WARNING GET /api/health 404 1390
2026-08-27 10:48:39 INFO GET /api/products 200 609
2026-08-27 10:48:42 INFO GET /api/users 200 767
2026-08-27 10:48:43 INFO POST /api/orders 200 606
2026-08-27 10:48:46 INFO POST /api/orders 200 921
2026-08-27 10:48:47 INFO GET /api/products 200 889
2026-08-27 10:48:48 INFO GET /api/health 200 159
2026-08-27 10:48:49 INFO POST /api/login 200 54
2026-08-27 10:48:50 WARNING POST /api/login 429 2278
2026-08-27 10:48:53 WARNING GET /api/orders 429 1722
2026-08-27 10:48:55 INFO DELETE /api/users/463 200 281
2026-08-27 10:48:56 INFO GET /api/health 200 784
2026-08-27 10:48:57 INFO GET /api/health 200 356
2026-08-27 10:48:59 INFO POST /api/logout 200 139
2026-08-27 10:49:02 ERROR DELETE /api/users/387 503 1067
2026-08-27 10:49:03 WARNING GET /api/orders 400 2294
2026-08-27 10:49:04 INFO POST /api/orders 200 799
2026-08-27 10:49:05 INFO GET /api/users/516 200 1086
2026-08-27 10:49:08 WARNING GET /api/products 401 2408
2026-08-27 10:49:09 INFO POST /api/login 200 512
2026-08-27 10:49:10 WARNING PUT /api/products/65 404 656
2026-08-27 10:49:11 INFO PUT /api/products/163 200 1093
2026-08-27 10:49:12 WARNING PUT /api/products/923 404 560
2026-08-27 10:49:13 INFO GET /api/orders 200 288
2026-08-27 10:49:14 INFO POST /api/login 200 263
2026-08-27 10:49:15 INFO PUT /api/products/482 200 909
2026-08-27 10:49:17 ERROR GET /api/products 500 2495
2026-08-27 10:49:20 INFO POST /api/login 200 1306
2026-08-27 10:49:22 WARNING PUT /api/products/638 400 1214
2026-08-27 10:49:23 INFO PUT /api/products/914 200 838
2026-08-27 10:49:25 INFO GET /api/products 200 344
2026-08-27 10:49:27 WARNING DELETE /api/users/261 404 418
2026-08-27 10:49:28 WARNING DELETE /api/users/295 400 1965
2026-08-27 10:49:31 INFO GET /api/orders 200 1011
2026-08-27 10:49:34 INFO GET /api/users 200 337
2026-08-27 10:49:37 WARNING DELETE /api/users/775 401 1519
2026-08-27 10:49:38 INFO GET /api/health 200 1048
2026-08-27 10:49:40 INFO GET /api/products 200 1149
2026-08-27 10:49:41 WARNING GET /api/orders 400 1395
2026-08-27 10:49:44 INFO GET /api/users 200 642
2026-08-27 10:49:47 INFO GET /api/users 200 242
2026-08-27 10:49:48 INFO GET /api/orders 200 245
2026-08-27 10:49:50 INFO GET /api/products 200 1186
2026-08-27 10:49:51 INFO GET /api/orders 200 332
2026-08-27 10:49:52 INFO DELETE /api/users/143 200 874
2026-08-27 10:49:53 INFO GET /api/users 200 1206
2026-08-27 10:49:54 WARNING GET /api/products 400 1942
2026-08-27 10:49:55 INFO GET /api/orders 200 1049
2026-08-27 10:49:58 INFO GET /api/users/73 200 1310
2026-08-27 10:50:01 INFO DELETE /api/users/382 200 804
2026-08-27 10:50:02 WARNING GET /api/products 404 2162
2026-08-27 10:50:05 INFO GET /api/products 200 809
2026-08-27 10:50:06 INFO GET /api/products 200 164
2026-08-27 10:50:07 INFO GET /api/orders 200 647
2026-08-27 10:50:10 INFO DELETE /api/users/305 200 1062
2026-08-27 10:50:12 INFO GET /api/orders 200 857
2026-08-27 10:50:13 INFO GET /api/orders 200 1256
2026-08-27 10:50:14 WARNING GET /api/users 401 1746
2026-08-27 10:50:15 INFO POST /api/logout 200 579
2026-08-27 10:50:17 INFO GET /api/users 200 1043
2026-08-27 10:50:19 INFO POST /api/logout 200 327
2026-08-27 10:50:21 INFO POST /api/login 200 178
2026-08-27 10:50:23 WARNING GET /api/users 404 835
2026-08-27 10:50:24 WARNING GET /api/users/36 400 1830
2026-08-27 10:50:26 INFO GET /api/users 200 1346
2026-08-27 10:50:28 WARNING DELETE /api/users/795 404 2214
2026-08-27 10:50:29 INFO GET /api/orders 200 657
2026-08-27 10:50:30 INFO GET /api/products 200 1261
2026-08-27 10:50:31 WARNING DELETE /api/users/517 429 591
2026-08-27 10:50:32 INFO DELETE /api/users/175 200 1178
2026-08-27 10:50:33 WARNING GET /api/health 404 1374
2026-08-27 10:50:34 INFO GET /api/health 200 1316
2026-08-27 10:50:35 INFO GET /api/orders 200 948
2026-08-27 10:50:36 INFO POST /api/login 200 549
2026-08-27 10:50:37 INFO GET /api/users 200 979
2026-08-27 10:50:38 INFO POST /api/login 200 828
2026-08-27 10:50:40 INFO POST /api/login 200 583
2026-08-27 10:50:41 INFO GET /api/orders 200 222
2026-08-27 10:50:44 INFO GET /api/users/881 200 374
2026-08-27 10:50:46 INFO GET /api/health 200 541
2026-08-27 10:50:47 INFO PUT /api/products/158 200 552
2026-08-27 10:50:49 INFO POST /api/login 200 119
2026-08-27 10:50:50 INFO GET /api/products 200 1275
2026-08-27 10:50:53 INFO POST /api/logout 200 1157
2026-08-27 10:50:54 ERROR POST /api/orders 500 2076
2026-08-27 10:50:55 INFO DELETE /api/users/105 200 1469
2026-08-27 10:50:56 INFO POST /api/logout 200 1192
2026-08-27 10:50:57 INFO GET /api/orders 200 1456
2026-08-27 10:50:59 INFO GET /api/health 200 181
2026-08-27 10:51:00 INFO POST /api/orders 200 470
2026-08-27 10:51:01 ERROR POST /api/login 500 877
2026-08-27 10:51:02 INFO POST /api/orders 200 1285
2026-08-27 10:51:03 INFO GET /api/users/501 200 168
2026-08-27 10:51:06 WARNING PUT /api/products/181 400 2401
2026-08-27 10:51:09 WARNING PUT /api/products/292 429 2389
2026-08-27 10:51:12 INFO GET /api/users/402 200 1304
2026-08-27 10:51:13 INFO DELETE /api/users/465 200 1235
2026-08-27 10:51:14 INFO GET /api/users 200 523
2026-08-27 10:51:16 INFO GET /api/products 200 1369
2026-08-27 10:51:18 INFO GET /api/health 200 561
2026-08-27 10:51:19 INFO GET /api/orders 200 720
2026-08-27 10:51:21 INFO POST /api/orders 200 973
2026-08-27 10:51:22 INFO POST /api/logout 200 1231
2026-08-27 10:51:23 INFO DELETE /api/users/495 200 216
2026-08-27 10:51:25 ERROR DELETE /api/users/468 503 737
2026-08-27 10:51:26 INFO GET /api/products 200 1171
2026-08-27 10:51:27 INFO POST /api/orders 200 347
2026-08-27 10:51:28 WARNING PUT /api/products/807 404 1045
2026-08-27 10:51:31 INFO GET /api/users/511 200 384
2026-08-27 10:51:32 WARNING DELETE /api/users/331 404 429
2026-08-27 10:51:33 INFO GET /api/orders 200 935
2026-08-27 10:51:34 INFO GET /api/health 200 985
2026-08-27 10:51:35 INFO POST /api/orders 200 124
2026-08-27 10:51:38 INFO DELETE /api/users/561 200 655
2026-08-27 10:51:39 ERROR PUT /api/products/307 503 1696
2026-08-27 10:51:40 INFO POST /api/logout 200 467
2026-08-27 10:51:41 INFO POST /api/logout 200 1499
2026-08-27 10:51:44 INFO GET /api/users/670 200 143
2026-08-27 10:51:45 INFO DELETE /api/users/295 200 1178
2026-08-27 10:51:46 INFO PUT /api/products/477 200 1264
2026-08-27 10:51:49 INFO POST /api/orders 200 744
2026-08-27 10:51:52 WARNING PUT /api/products/934 401 760
2026-08-27 10:51:53 INFO GET /api/products 200 429
2026-08-27 10:51:56 INFO GET /api/orders 200 978
2026-08-27 10:51:57 INFO POST /api/orders 200 628
2026-08-27 10:51:58 WARNING PUT /api/products/686 400 1268
2026-08-27 10:52:01 INFO DELETE /api/users/102 200 706
2026-08-27 10:52:02 INFO GET /api/products 200 434
2026-08-27 10:52:05 WARNING GET /api/products 400 1700
2026-08-27 10:52:07 INFO GET /api/orders 200 1352
2026-08-27 10:52:10 INFO PUT /api/products/923 200 897
2026-08-27 10:52:11 INFO POST /api/logout 200 1483
2026-08-27 10:52:13 INFO GET /api/users/801 200 674
2026-08-27 10:52:14 INFO POST /api/logout 200 324
2026-08-27 10:52:15 WARNING GET /api/users/333 401 2078
2026-08-27 10:52:17 WARNING GET /api/orders 429 549
2026-08-27 10:52:19 INFO POST /api/login 200 415
2026-08-27 10:52:20 INFO GET /api/users/791 200 1113
2026-08-27 10:52:21 INFO POST /api/orders 200 173
2026-08-27 10:52:22 INFO DELETE /api/users/473 200 416
2026-08-27 10:52:23 INFO GET /api/health 200 1442
2026-08-27 10:52:24 INFO GET /api/products 200 55
2026-08-27 10:52:25 INFO GET /api/users/134 200 703
2026-08-27 10:52:26 INFO DELETE /api/users/194 200 357
2026-08-27 10:52:28 INFO POST /api/orders 200 801
2026-08-27 10:52:31 INFO GET /api/orders 200 553
2026-08-27 10:52:33 INFO GET /api/products 200 58
2026-08-27 10:52:36 INFO GET /api/users/73 200 436
2026-08-27 10:52:37 INFO GET /api/users/518 200 975
2026-08-27 10:52:39 INFO POST /api/orders 200 68
2026-08-27 10:52:41 INFO DELETE /api/users/360 200 309
2026-08-27 10:52:42 WARNING POST /api/login 401 1814
2026-08-27 10:52:45 INFO POST /api/orders 200 572
2026-08-27 10:52:46 WARNING POST /api/orders 400 2002
2026-08-27 10:52:47 ERROR POST /api/logout 503 1407
2026-08-27 10:52:48 INFO GET /api/products 200 839
2026-08-27 10:52:49 INFO POST /api/logout 200 682
2026-08-27 10:52:52 INFO POST /api/login 200 279
2026-08-27 10:52:54 INFO GET /api/products 200 748
2026-08-27 10:52:55 ERROR GET /api/health 503 1941
2026-08-27 10:52:58 INFO PUT /api/products/40 200 847
2026-08-27 10:52:59 INFO GET /api/users/108 200 1274
2026-08-27 10:53:00 INFO POST /api/logout 200 558
2026-08-27 10:53:02 INFO GET /api/health 200 41
2026-08-27 10:53:04 INFO POST /api/login 200 360
2026-08-27 10:53:07 WARNING GET /api/users 400 1428
2026-08-27 10:53:08 INFO PUT /api/products/380 200 1050
2026-08-27 10:53:09 WARNING GET /api/users/266 404 1575
2026-08-27 10:53:12 INFO GET /api/orders 200 1279
2026-08-27 10:53:15 WARNING GET /api/products 429 2365
2026-08-27 10:53:16 INFO PUT /api/products/172 200 245
2026-08-27 10:53:18 INFO POST /api/logout 200 835
2026-08-27 10:53:21 INFO GET /api/products 201 1336
2026-08-27 10:53:23 INFO GET /api/users/868 200 1471
2026-08-27 10:53:26 INFO GET /api/users/777 200 1349
2026-08-27 10:53:27 WARNING GET /api/orders 404 310
2026-08-27 10:53:30 INFO GET /api/health 200 1103
2026-08-27 10:53:31 INFO DELETE /api/users/530 200 1409
2026-08-27 10:53:32 INFO DELETE /api/users/119 200 1330
2026-08-27 10:53:35 INFO GET /api/products 200 158
2026-08-27 10:53:36 INFO POST /api/login 200 492
2026-08-27 10:53:37 INFO GET /api/health 200 911
2026-08-27 10:53:38 INFO GET /api/orders 200 90
2026-08-27 10:53:39 INFO GET /api/users 200 803
2026-08-27 10:53:40 WARNING PUT /api/products/286 404 772
2026-08-27 10:53:43 INFO GET /api/health 200 109
2026-08-27 10:53:44 INFO POST /api/login 200 1019
2026-08-27 10:53:45 INFO GET /api/users/867 200 611
2026-08-27 10:53:47 INFO GET /api/products 200 1426
2026-08-27 10:53:49 INFO GET /api/orders 200 1346
2026-08-27 10:53:50 ERROR GET /api/users 500 2334
2026-08-27 10:53:52 WARNING POST /api/orders 429 830
2026-08-27 10:53:53 INFO POST /api/logout 200 72
2026-08-27 10:53:55 INFO GET /api/orders 200 1153
2026-08-27 10:53:56 INFO GET /api/products 200 392
2026-08-27 10:53:59 INFO POST /api/login 200 1238
2026-08-27 10:54:01 INFO PUT /api/products/534 200 136
2026-08-27 10:54:02 INFO GET /api/users 200 463
2026-08-27 10:54:04 INFO POST /api/login 200 1406
2026-08-27 10:54:06 INFO PUT /api/products/438 200 1413
2026-08-27 10:54:07 INFO POST /api/login 200 448
2026-08-27 10:54:08 INFO GET /api/products 200 589
2026-08-27 10:54:11 INFO PUT /api/products/484 200 976
2026-08-27 10:54:12 INFO POST /api/logout 200 1153
2026-08-27 10:54:14 INFO GET /api/orders 200 1211
2026-08-27 10:54:15 WARNING GET /api/health 401 1097
2026-08-27 10:54:17 INFO POST /api/login 200 1353
2026-08-27 10:54:18 INFO GET /api/orders 200 293
2026-08-27 10:54:19 INFO GET /api/users/234 200 600
2026-08-27 10:54:20 INFO POST /api/login 200 685
2026-08-27 10:54:23 ERROR DELETE /api/users/739 500 2019
2026-08-27 10:54:24 WARNING GET /api/orders 401 1386
2026-08-27 10:54:26 INFO PUT /api/products/668 200 231
2026-08-27 10:54:27 INFO POST /api/logout 200 807
2026-08-27 10:54:29 WARNING DELETE /api/users/64 400 1065
2026-08-27 10:54:30 INFO GET /api/users/921 200 813
2026-08-27 10:54:31 INFO POST /api/orders 200 472
2026-08-27 10:54:32 INFO GET /api/products 200 411
2026-08-27 10:54:33 INFO GET /api/users 200 280
2026-08-27 10:54:35 ERROR GET /api/users 500 853
2026-08-27 10:54:36 INFO GET /api/orders 200 1077
2026-08-27 10:54:38 INFO GET /api/users 200 1343
2026-08-27 10:54:41 INFO GET /api/health 200 816
2026-08-27 10:54:43 WARNING GET /api/orders 401 879
2026-08-27 10:54:45 INFO GET /api/health 200 316
2026-08-27 10:54:46 INFO GET /api/users/643 200 240
2026-08-27 10:54:47 INFO GET /api/orders 200 372
2026-08-27 10:54:48 INFO GET /api/health 200 1475
2026-08-27 10:54:49 INFO POST /api/orders 200 685
2026-08-27 10:54:50 INFO GET /api/users 200 627
2026-08-27 10:54:53 INFO GET /api/users/834 200 979
2026-08-27 10:54:56 INFO PUT /api/products/598 200 223
2026-08-27 10:54:59 INFO POST /api/orders 200 138
2026-08-27 10:55:00 ERROR POST /api/login 503 1291
2026-08-27 10:55:03 INFO GET /api/orders 200 389
2026-08-27 10:55:06 WARNING DELETE /api/users/955 401 1352
2026-08-27 10:55:07 WARNING POST /api/orders 429 1577
2026-08-27 10:55:09 INFO POST /api/logout 200 772
2026-08-27 10:55:10 INFO POST /api/login 200 1108
2026-08-27 10:55:11 ERROR GET /api/health 500 461
2026-08-27 10:55:14 INFO GET /api/users 200 1160
2026-08-27 10:55:17 WARNING GET /api/users 429 1390
2026-08-27 10:55:18 INFO POST /api/logout 200 868
2026-08-27 10:55:20 INFO DELETE /api/users/898 200 861
2026-08-27 10:55:21 INFO GET /api/users/250 200 175
2026-08-27 10:55:22 WARNING GET /api/users/192 404 2161
2026-08-27 10:55:24 INFO GET /api/users/828 200 1007
2026-08-27 10:55:25 INFO GET /api/products 200 76
2026-08-27 10:55:26 INFO PUT /api/products/202 200 743
2026-08-27 10:55:27 INFO POST /api/orders 200 962
2026-08-27 10:55:28 ERROR POST /api/login 500 1747
2026-08-27 10:55:31 INFO GET /api/users/545 200 578
2026-08-27 10:55:32 INFO GET /api/products 200 1231
2026-08-27 10:55:33 INFO POST /api/orders 200 64
2026-08-27 10:55:34 INFO DELETE /api/users/189 200 1063
2026-08-27 10:55:35 INFO GET /api/products 200 979
2026-08-27 10:55:37 INFO GET /api/health 200 458
2026-08-27 10:55:38 INFO GET /api/users 200 44
2026-08-27 10:55:39 INFO POST /api/orders 200 626
2026-08-27 10:55:40 INFO GET /api/products 201 1190
2026-08-27 10:55:43 INFO GET /api/users 200 236
2026-08-27 10:55:44 INFO DELETE /api/users/282 200 1325
2026-08-27 10:55:45 INFO POST /api/logout 200 1396
2026-08-27 10:55:47 ERROR PUT /api/products/892 503 1458
2026-08-27 10:55:48 WARNING DELETE /api/users/549 404 1042
2026-08-27 10:55:51 INFO GET /api/products 200 301
2026-08-27 10:55:52 WARNING GET /api/users 401 459
2026-08-27 10:55:53 INFO GET /api/orders 200 737
2026-08-27 10:55:56 WARNING PUT /api/products/387 401 1029
2026-08-27 10:55:59 ERROR DELETE /api/users/934 500 1389
2026-08-27 10:56:01 INFO POST /api/login 200 594
2026-08-27 10:56:03 INFO POST /api/logout 200 1304
2026-08-27 10:56:06 INFO POST /api/logout 200 1278
2026-08-27 10:56:07 INFO PUT /api/products/94 200 965
2026-08-27 10:56:08 WARNING POST /api/orders 404 2437
2026-08-27 10:56:09 INFO GET /api/orders 200 1245
2026-08-27 10:56:11 INFO GET /api/users/666 200 741
2026-08-27 10:56:12 ERROR GET /api/users/191 500 1769
2026-08-27 10:56:13 ERROR PUT /api/products/752 503 807
2026-08-27 10:56:16 INFO POST /api/login 200 520
2026-08-27 10:56:17 INFO POST /api/login 200 350
2026-08-27 10:56:19 INFO POST /api/login 200 1423
2026-08-27 10:56:20 INFO GET /api/products 200 993
2026-08-27 10:56:21 INFO DELETE /api/users/966 200 970
2026-08-27 10:56:22 WARNING DELETE /api/users/775 429 2101
2026-08-27 10:56:24 WARNING PUT /api/products/530 400 1805
2026-08-27 10:56:26 INFO GET /api/users/708 200 1418
2026-08-27 10:56:29 INFO GET /api/health 200 151
2026-08-27 10:56:30 INFO GET /api/users 200 1339
2026-08-27 10:56:32 INFO DELETE /api/users/510 200 1270
2026-08-27 10:56:33 INFO POST /api/logout 200 537
2026-08-27 10:56:36 INFO POST /api/logout 200 1117
2026-08-27 10:56:37 INFO POST /api/login 200 537
2026-08-27 10:56:38 INFO PUT /api/products/734 200 849
2026-08-27 10:56:39 INFO POST /api/logout 200 587
2026-08-27 10:56:42 INFO GET /api/users 200 779
2026-08-27 10:56:43 INFO GET /api/orders 200 756
2026-08-27 10:56:46 INFO POST /api/orders 200 938
2026-08-27 10:56:47 INFO DELETE /api/users/638 200 1355
2026-08-27 10:56:48 WARNING DELETE /api/users/420 401 1905
2026-08-27 10:56:51 WARNING POST /api/orders 404 2426
2026-08-27 10:56:52 INFO PUT /api/products/718 200 748
2026-08-27 10:56:53 INFO POST /api/logout 200 91
2026-08-27 10:56:56 INFO POST /api/login 200 1094
2026-08-27 10:56:58 INFO GET /api/orders 200 1405
2026-08-27 10:56:59 WARNING POST /api/login 429 1939
2026-08-27 10:57:00 INFO GET /api/users/990 200 135
2026-08-27 10:57:01 INFO GET /api/health 200 1016
2026-08-27 10:57:02 INFO GET /api/orders 200 1475
2026-08-27 10:57:04 INFO DELETE /api/users/960 201 163
2026-08-27 10:57:05 INFO GET /api/orders 201 602
2026-08-27 10:57:06 INFO GET /api/health 200 817
2026-08-27 10:57:08 INFO GET /api/products 200 1462
2026-08-27 10:57:09 INFO GET /api/users/321 200 398
2026-08-27 10:57:11 ERROR POST /api/orders 500 1626
2026-08-27 10:57:12 INFO GET /api/users 200 94
2026-08-27 10:57:14 INFO GET /api/users/92 200 1189
2026-08-27 10:57:15 WARNING GET /api/users/881 404 757
2026-08-27 10:57:16 INFO GET /api/orders 200 541
2026-08-27 10:57:17 WARNING GET /api/users 429 777
2026-08-27 10:57:18 WARNING GET /api/products 401 1496
2026-08-27 10:57:20 INFO GET /api/users/31 200 821
2026-08-27 10:57:23 INFO GET /api/orders 200 776
2026-08-27 10:57:24 INFO POST /api/orders 200 1299
2026-08-27 10:57:26 INFO PUT /api/products/937 200 387
2026-08-27 10:57:27 INFO GET /api/users 200 901
2026-08-27 10:57:28 INFO GET /api/users/412 200 541
2026-08-27 10:57:31 INFO GET /api/products 200 1252
2026-08-27 10:57:32 INFO POST /api/logout 200 445
2026-08-27 10:57:34 INFO POST /api/orders 200 612
2026-08-27 10:57:35 ERROR POST /api/logout 500 904
2026-08-27 10:57:38 INFO POST /api/logout 200 188
2026-08-27 10:57:39 INFO GET /api/users 200 616
2026-08-27 10:57:40 ERROR GET /api/health 500 308
2026-08-27 10:57:43 WARNING GET /api/users/549 404 2395
2026-08-27 10:57:44 INFO PUT /api/products/210 200 1422
2026-08-27 10:57:46 INFO PUT /api/products/943 200 197
2026-08-27 10:57:49 INFO GET /api/orders 200 928
2026-08-27 10:57:51 WARNING POST /api/login 404 2326
2026-08-27 10:57:52 WARNING POST /api/login 400 1603
2026-08-27 10:57:53 INFO GET /api/orders 200 281
2026-08-27 10:57:54 WARNING GET /api/orders 404 1596
2026-08-27 10:57:57 INFO PUT /api/products/646 200 1268
2026-08-27 10:58:00 INFO POST /api/logout 200 1500
2026-08-27 10:58:01 INFO POST /api/login 200 95
2026-08-27 10:58:03 INFO GET /api/users 200 799
2026-08-27 10:58:04 INFO GET /api/products 200 659
2026-08-27 10:58:05 INFO DELETE /api/users/656 200 77
2026-08-27 10:58:06 INFO GET /api/users/474 200 1030
2026-08-27 10:58:07 INFO PUT /api/products/192 200 1484
2026-08-27 10:58:08 INFO POST /api/orders 200 1432
2026-08-27 10:58:09 INFO GET /api/users 200 710
2026-08-27 10:58:10 INFO POST /api/orders 200 639
2026-08-27 10:58:12 INFO GET /api/orders 200 936
2026-08-27 10:58:13 INFO POST /api/logout 200 833
2026-08-27 10:58:15 INFO GET /api/users 200 793
2026-08-27 10:58:17 INFO DELETE /api/users/680 200 257
2026-08-27 10:58:18 WARNING POST /api/orders 400 1781
2026-08-27 10:58:21 INFO GET /api/products 200 1403
2026-08-27 10:58:22 WARNING POST /api/logout 401 1057
2026-08-27 10:58:24 INFO POST /api/login 200 295
2026-08-27 10:58:27 INFO PUT /api/products/770 200 278
2026-08-27 10:58:29 INFO PUT /api/products/299 200 608
2026-08-27 10:58:30 WARNING GET /api/products 429 1232
2026-08-27 10:58:31 WARNING DELETE /api/users/639 404 1175
2026-08-27 10:58:32 INFO GET /api/orders 200 1170
2026-08-27 10:58:33 INFO GET /api/users/440 200 189
2026-08-27 10:58:35 INFO POST /api/orders 200 909
2026-08-27 10:58:36 INFO POST /api/login 200 505
2026-08-27 10:58:38 INFO GET /api/products 200 646
2026-08-27 10:58:39 INFO GET /api/users/930 200 1159
2026-08-27 10:58:40 INFO GET /api/health 200 1116
2026-08-27 10:58:41 ERROR POST /api/orders 500 2462
2026-08-27 10:58:42 WARNING GET /api/users 404 1938
2026-08-27 10:58:45 INFO GET /api/orders 200 1410
2026-08-27 10:58:47 INFO DELETE /api/users/490 200 1170
2026-08-27 10:58:48 INFO PUT /api/products/800 200 565
2026-08-27 10:58:50 INFO POST /api/logout 200 796
2026-08-27 10:58:52 INFO DELETE /api/users/824 200 701
2026-08-27 10:58:53 INFO DELETE /api/users/293 200 77
2026-08-27 10:58:54 INFO DELETE /api/users/701 200 683
2026-08-27 10:58:55 WARNING GET /api/products 404 683
2026-08-27 10:58:56 INFO POST /api/login 200 513
2026-08-27 10:58:57 ERROR GET /api/users/764 503 1322
2026-08-27 10:58:59 INFO GET /api/users/121 200 1376
2026-08-27 10:59:00 INFO GET /api/products 200 1365
2026-08-27 10:59:02 INFO DELETE /api/users/24 200 196
2026-08-27 10:59:03 INFO POST /api/orders 200 1209
2026-08-27 10:59:04 ERROR GET /api/users/303 500 1886
2026-08-27 10:59:05 INFO GET /api/orders 200 883
2026-08-27 10:59:06 INFO GET /api/health 200 553
2026-08-27 10:59:07 WARNING GET /api/products 429 1056
2026-08-27 10:59:09 WARNING DELETE /api/users/988 400 570
2026-08-27 10:59:12 INFO POST /api/login 201 791
2026-08-27 10:59:15 INFO GET /api/users/826 200 828
2026-08-27 10:59:16 INFO DELETE /api/users/489 200 1368
2026-08-27 10:59:18 INFO POST /api/logout 200 1353
2026-08-27 10:59:19 INFO POST /api/orders 200 613
2026-08-27 10:59:22 INFO GET /api/health 200 1242
2026-08-27 10:59:24 WARNING POST /api/orders 429 1760
2026-08-27 10:59:25 INFO PUT /api/products/833 200 95
2026-08-27 10:59:28 WARNING PUT /api/products/926 401 1376
2026-08-27 10:59:30 WARNING GET /api/orders 404 976
2026-08-27 10:59:31 INFO GET /api/users/940 200 349
2026-08-27 10:59:32 INFO DELETE /api/users/46 200 423
2026-08-27 10:59:35 INFO POST /api/logout 200 903
2026-08-27 10:59:36 WARNING POST /api/logout 404 406
2026-08-27 10:59:37 INFO GET /api/health 200 121
2026-08-27 10:59:38 INFO GET /api/orders 200 605
2026-08-27 10:59:39 INFO POST /api/orders 200 356
2026-08-27 10:59:41 INFO DELETE /api/users/382 200 841
2026-08-27 10:59:44 INFO POST /api/orders 200 1468
2026-08-27 10:59:45 INFO GET /api/users/869 200 967
2026-08-27 10:59:46 WARNING GET /api/health 429 1309
2026-08-27 10:59:47 ERROR GET /api/health 503 798
2026-08-27 10:59:50 INFO GET /api/products 201 806
2026-08-27 10:59:52 INFO GET /api/health 200 1076
2026-08-27 10:59:53 INFO GET /api/orders 200 1076
2026-08-27 10:59:55 INFO GET /api/health 200 559
2026-08-27 10:59:58 INFO GET /api/users/876 200 1445
2026-08-27 11:00:01 WARNING POST /api/logout 400 1841
2026-08-27 11:00:02 INFO POST /api/orders 200 1150
2026-08-27 11:00:03 INFO DELETE /api/users/683 200 782
2026-08-27 11:00:06 INFO GET /api/users/534 200 993
2026-08-27 11:00:08 INFO POST /api/logout 200 53
2026-08-27 11:00:09 INFO POST /api/login 200 1489
2026-08-27 11:00:10 ERROR GET /api/health 503 460
2026-08-27 11:00:11 INFO GET /api/products 200 462
2026-08-27 11:00:13 INFO GET /api/users/216 200 243
2026-08-27 11:00:15 INFO POST /api/orders 200 323
2026-08-27 11:00:16 INFO POST /api/orders 200 317
2026-08-27 11:00:17 INFO PUT /api/products/558 200 131
2026-08-27 11:00:18 WARNING POST /api/logout 429 1441
2026-08-27 11:00:19 WARNING DELETE /api/users/928 401 694
2026-08-27 11:00:20 INFO GET /api/orders 200 1301
2026-08-27 11:00:21 INFO GET /api/health 200 1146
2026-08-27 11:00:22 INFO POST /api/login 200 841
2026-08-27 11:00:24 WARNING GET /api/orders 404 603
2026-08-27 11:00:27 ERROR POST /api/login 500 809
2026-08-27 11:00:28 INFO GET /api/health 200 1006
2026-08-27 11:00:30 INFO POST /api/orders 200 1101
2026-08-27 11:00:31 INFO POST /api/orders 200 1248
2026-08-27 11:00:32 INFO POST /api/login 200 439
2026-08-27 11:00:35 INFO PUT /api/products/47 200 997
2026-08-27 11:00:36 INFO POST /api/orders 200 48
2026-08-27 11:00:37 INFO GET /api/users 200 460
2026-08-27 11:00:38 INFO GET /api/users 200 656
2026-08-27 11:00:41 WARNING POST /api/login 400 857
2026-08-27 11:00:43 INFO GET /api/orders 200 417
2026-08-27 11:00:44 INFO GET /api/products 200 1403
2026-08-27 11:00:45 INFO POST /api/logout 200 525
2026-08-27 11:00:46 INFO POST /api/login 200 175
2026-08-27 11:00:49 INFO GET /api/orders 200 634
2026-08-27 11:00:51 WARNING DELETE /api/users/693 400 1958
2026-08-27 11:00:52 INFO POST /api/orders 200 858
2026-08-27 11:00:55 INFO GET /api/users 200 1307
2026-08-27 11:00:58 INFO GET /api/orders 200 414
2026-08-27 11:01:01 INFO POST /api/logout 200 231
2026-08-27 11:01:03 INFO DELETE /api/users/931 200 886
2026-08-27 11:01:04 INFO POST /api/login 200 1133
2026-08-27 11:01:05 INFO GET /api/health 200 1084
2026-08-27 11:01:06 WARNING POST /api/login 400 1390
2026-08-27 11:01:07 INFO POST /api/orders 200 968
2026-08-27 11:01:08 INFO POST /api/logout 200 800
2026-08-27 11:01:11 WARNING GET /api/products 404 319
2026-08-27 11:01:13 INFO POST /api/orders 200 919
2026-08-27 11:01:16 INFO POST /api/orders 200 1493
2026-08-27 11:01:17 INFO POST /api/login 201 858
2026-08-27 11:01:18 INFO POST /api/orders 200 557
2026-08-27 11:01:19 INFO GET /api/products 200 747
2026-08-27 11:01:21 INFO DELETE /api/users/838 200 863
2026-08-27 11:01:22 INFO GET /api/products 200 791
2026-08-27 11:01:23 ERROR POST /api/login 503 2084
2026-08-27 11:01:24 INFO POST /api/logout 200 726
2026-08-27 11:01:27 INFO PUT /api/products/479 200 112
2026-08-27 11:01:28 INFO POST /api/login 200 908
2026-08-27 11:01:30 INFO GET /api/health 200 762
2026-08-27 11:01:31 ERROR POST /api/logout 500 1966
2026-08-27 11:01:32 WARNING POST /api/orders 400 823
2026-08-27 11:01:35 INFO PUT /api/products/780 200 969
2026-08-27 11:01:36 INFO POST /api/orders 200 273
2026-08-27 11:01:38 INFO POST /api/orders 200 1107
2026-08-27 11:01:39 WARNING GET /api/users 429 848
2026-08-27 11:01:41 INFO POST /api/orders 200 879
2026-08-27 11:01:42 INFO GET /api/users/106 200 341
2026-08-27 11:01:43 INFO GET /api/users/526 200 513
2026-08-27 11:01:46 WARNING DELETE /api/users/520 429 2454
2026-08-27 11:01:47 INFO POST /api/login 200 127
2026-08-27 11:01:48 INFO GET /api/users/522 200 496
2026-08-27 11:01:51 INFO PUT /api/products/175 200 528
2026-08-27 11:01:53 INFO GET /api/users 200 729
2026-08-27 11:01:54 INFO GET /api/products 200 680
2026-08-27 11:01:55 WARNING POST /api/logout 400 829
2026-08-27 11:01:58 INFO GET /api/users 200 1142
2026-08-27 11:02:01 WARNING POST /api/login 400 2165
2026-08-27 11:02:03 INFO GET /api/health 200 206
2026-08-27 11:02:04 INFO GET /api/health 200 1160
2026-08-27 11:02:05 INFO POST /api/logout 200 377
2026-08-27 11:02:06 INFO DELETE /api/users/803 200 1170
2026-08-27 11:02:07 INFO POST /api/login 200 150
2026-08-27 11:02:08 ERROR GET /api/users/521 503 2340
2026-08-27 11:02:09 INFO GET /api/users/167 200 335
2026-08-27 11:02:12 INFO GET /api/users 201 67
2026-08-27 11:02:14 INFO POST /api/orders 200 1209
2026-08-27 11:02:17 INFO PUT /api/products/646 200 962
2026-08-27 11:02:19 INFO GET /api/health 200 810
2026-08-27 11:02:20 INFO POST /api/login 200 1127
2026-08-27 11:02:21 INFO GET /api/products 200 838
2026-08-27 11:02:23 INFO GET /api/users/461 200 1328
2026-08-27 11:02:24 INFO GET /api/products 200 890
2026-08-27 11:02:25 INFO GET /api/health 200 466
2026-08-27 11:02:26 INFO GET /api/users/709 200 930
2026-08-27 11:02:29 INFO POST /api/logout 200 949
2026-08-27 11:02:32 INFO GET /api/users/614 200 1485
2026-08-27 11:02:34 INFO GET /api/users/169 200 166
2026-08-27 11:02:35 INFO GET /api/users/745 200 577
2026-08-27 11:02:37 INFO GET /api/users 200 1456
2026-08-27 11:02:38 INFO POST /api/orders 200 1053
2026-08-27 11:02:39 INFO POST /api/orders 201 383
2026-08-27 11:02:40 INFO POST /api/orders 200 280
2026-08-27 11:02:42 WARNING GET /api/users/295 400 2091
2026-08-27 11:02:43 INFO POST /api/logout 200 387
2026-08-27 11:02:45 WARNING POST /api/orders 429 558
2026-08-27 11:02:47 INFO GET /api/health 200 1320
2026-08-27 11:02:50 INFO PUT /api/products/216 200 367
2026-08-27 11:02:53 WARNING GET /api/products 404 1314
2026-08-27 11:02:56 WARNING POST /api/orders 401 1541
2026-08-27 11:02:59 INFO GET /api/users 200 765
2026-08-27 11:03:00 INFO DELETE /api/users/616 200 248
2026-08-27 11:03:02 ERROR GET /api/users 500 506
2026-08-27 11:03:03 INFO GET /api/health 200 1031
2026-08-27 11:03:04 WARNING GET /api/health 400 1192
2026-08-27 11:03:06 INFO GET /api/users/488 200 879
2026-08-27 11:03:08 INFO GET /api/products 200 730
2026-08-27 11:03:10 INFO GET /api/users 200 1227
2026-08-27 11:03:11 INFO POST /api/orders 200 66
2026-08-27 11:03:12 INFO POST /api/orders 200 176
2026-08-27 11:03:13 INFO POST /api/logout 200 681
2026-08-27 11:03:14 INFO POST /api/logout 200 601
2026-08-27 11:03:17 INFO POST /api/orders 201 1172
2026-08-27 11:03:18 WARNING GET /api/orders 400 720
2026-08-27 11:03:19 INFO GET /api/products 200 1312
2026-08-27 11:03:21 INFO GET /api/products 200 193
2026-08-27 11:03:22 INFO DELETE /api/users/893 200 443
2026-08-27 11:03:23 INFO PUT /api/products/117 201 975
2026-08-27 11:03:24 INFO POST /api/login 200 386
2026-08-27 11:03:25 ERROR GET /api/orders 500 1474
2026-08-27 11:03:27 ERROR POST /api/orders 500 638
2026-08-27 11:03:30 INFO GET /api/users/607 200 923
2026-08-27 11:03:31 INFO POST /api/login 200 900
2026-08-27 11:03:32 WARNING GET /api/health 401 658
2026-08-27 11:03:33 INFO GET /api/users/570 200 896
2026-08-27 11:03:34 INFO GET /api/orders 200 427
2026-08-27 11:03:35 INFO GET /api/health 200 1007
2026-08-27 11:03:36 INFO POST /api/orders 200 1179
2026-08-27 11:03:38 INFO PUT /api/products/25 200 916
2026-08-27 11:03:40 ERROR POST /api/logout 503 2394
2026-08-27 11:03:43 INFO POST /api/logout 201 766
2026-08-27 11:03:46 INFO DELETE /api/users/31 200 993
2026-08-27 11:03:47 INFO GET /api/products 200 1410
2026-08-27 11:03:50 INFO POST /api/login 200 1041
2026-08-27 11:03:53 INFO GET /api/health 200 1319
2026-08-27 11:03:56 INFO GET /api/health 200 403
2026-08-27 11:03:58 WARNING GET /api/orders 429 450
2026-08-27 11:03:59 ERROR GET /api/health 503 1813
2026-08-27 11:04:00 INFO POST /api/login 200 262
2026-08-27 11:04:01 INFO DELETE /api/users/250 200 1004
2026-08-27 11:04:02 INFO GET /api/users 200 1112
2026-08-27 11:04:03 WARNING POST /api/login 429 560
2026-08-27 11:04:05 INFO DELETE /api/users/948 200 306
2026-08-27 11:04:06 INFO PUT /api/products/183 200 176
2026-08-27 11:04:08 INFO PUT /api/products/834 200 81
2026-08-27 11:04:11 INFO POST /api/logout 200 606
2026-08-27 11:04:12 INFO POST /api/login 200 1204
2026-08-27 11:04:13 INFO GET /api/users 200 253
2026-08-27 11:04:16 INFO POST /api/login 200 1151
2026-08-27 11:04:17 WARNING GET /api/orders 400 393
2026-08-27 11:04:19 INFO GET /api/health 200 752
2026-08-27 11:04:21 INFO GET /api/orders 200 47
2026-08-27 11:04:23 INFO POST /api/logout 200 802
2026-08-27 11:04:24 INFO GET /api/products 200 1080
2026-08-27 11:04:26 WARNING GET /api/orders 400 1870
2026-08-27 11:04:28 ERROR GET /api/orders 500 2444
2026-08-27 11:04:29 WARNING DELETE /api/users/936 400 1579
2026-08-27 11:04:30 INFO GET /api/orders 200 707
2026-08-27 11:04:31 WARNING POST /api/login 429 470
2026-08-27 11:04:32 WARNING GET /api/users/721 429 1449
2026-08-27 11:04:33 INFO GET /api/users/615 200 526
2026-08-27 11:04:34 WARNING GET /api/products 404 676
2026-08-27 11:04:35 INFO DELETE /api/users/236 200 631
2026-08-27 11:04:38 INFO DELETE /api/users/263 200 1333
2026-08-27 11:04:40 INFO DELETE /api/users/471 200 1190
2026-08-27 11:04:43 INFO GET /api/health 200 1305
2026-08-27 11:04:45 INFO POST /api/logout 200 1463
2026-08-27 11:04:46 WARNING POST /api/login 401 369
2026-08-27 11:04:48 WARNING GET /api/products 404 1584
2026-08-27 11:04:49 INFO PUT /api/products/169 200 80
2026-08-27 11:04:52 INFO GET /api/orders 200 1317
2026-08-27 11:04:54 INFO POST /api/login 200 584
2026-08-27 11:04:55 INFO GET /api/users/880 200 323
2026-08-27 11:04:56 INFO POST /api/orders 200 1433
2026-08-27 11:04:58 INFO POST /api/logout 200 40
2026-08-27 11:04:59 WARNING POST /api/orders 400 1539
2026-08-27 11:05:00 INFO DELETE /api/users/783 200 249
2026-08-27 11:05:01 WARNING DELETE /api/users/95 404 424
2026-08-27 11:05:02 INFO GET /api/users 200 1220
2026-08-27 11:05:03 INFO DELETE /api/users/327 200 646
2026-08-27 11:05:04 INFO GET /api/products 200 1343
2026-08-27 11:05:05 WARNING DELETE /api/users/936 400 952
2026-08-27 11:05:06 INFO POST /api/logout 200 946
2026-08-27 11:05:08 INFO GET /api/health 200 1185
2026-08-27 11:05:09 ERROR DELETE /api/users/356 500 2139
2026-08-27 11:05:10 INFO GET /api/users 200 457
2026-08-27 11:05:11 ERROR GET /api/orders 500 1151
2026-08-27 11:05:12 WARNING POST /api/logout 404 1211
2026-08-27 11:05:14 WARNING POST /api/login 400 873
2026-08-27 11:05:15 WARNING POST /api/login 404 856
2026-08-27 11:05:18 INFO GET /api/users 200 1283
2026-08-27 11:05:21 INFO DELETE /api/users/157 200 1174
2026-08-27 11:05:23 INFO GET /api/orders 200 164
2026-08-27 11:05:26 INFO GET /api/orders 200 1253
2026-08-27 11:05:28 INFO POST /api/logout 201 1116
2026-08-27 11:05:29 INFO GET /api/orders 200 1068
2026-08-27 11:05:32 INFO GET /api/orders 200 915
2026-08-27 11:05:33 INFO GET /api/users 200 1069
2026-08-27 11:05:36 INFO GET /api/health 200 390
2026-08-27 11:05:37 INFO GET /api/health 200 961
2026-08-27 11:05:38 INFO GET /api/orders 200 245
2026-08-27 11:05:39 WARNING GET /api/orders 400 1160
2026-08-27 11:05:40 INFO POST /api/login 200 1352
2026-08-27 11:05:41 INFO GET /api/health 200 1422
2026-08-27 11:05:44 INFO PUT /api/products/833 200 399
2026-08-27 11:05:47 ERROR GET /api/users 500 1988
2026-08-27 11:05:49 INFO GET /api/products 200 1150
2026-08-27 11:05:51 INFO GET /api/users/192 200 608
2026-08-27 11:05:52 INFO DELETE /api/users/138 200 874
2026-08-27 11:05:53 INFO POST /api/login 200 659
2026-08-27 11:05:54 INFO POST /api/logout 200 44
2026-08-27 11:05:55 INFO GET /api/orders 200 853
2026-08-27 11:05:56 INFO GET /api/orders 200 752
2026-08-27 11:05:57 INFO POST /api/login 200 394
2026-08-27 11:06:00 INFO POST /api/logout 200 865
2026-08-27 11:06:01 WARNING GET /api/orders 400 575
2026-08-27 11:06:04 INFO PUT /api/products/835 200 1064
2026-08-27 11:06:05 INFO GET /api/users/564 200 1232
2026-08-27 11:06:08 INFO DELETE /api/users/822 200 1439
2026-08-27 11:06:09 INFO GET /api/products 200 1427
2026-08-27 11:06:10 INFO GET /api/products 200 885
2026-08-27 11:06:13 WARNING GET /api/products 429 1601
2026-08-27 11:06:15 INFO GET /api/users 200 1061
2026-08-27 11:06:16 INFO GET /api/products 200 236
2026-08-27 11:06:18 WARNING GET /api/health 404 2135
2026-08-27 11:06:21 INFO GET /api/users 200 609
2026-08-27 11:06:22 INFO GET /api/orders 200 341
2026-08-27 11:06:24 INFO PUT /api/products/132 200 418
2026-08-27 11:06:25 INFO GET /api/users/73 200 175
2026-08-27 11:06:26 INFO GET /api/products 200 1187
2026-08-27 11:06:27 INFO GET /api/products 200 564
2026-08-27 11:06:29 INFO GET /api/users 200 589
2026-08-27 11:06:31 WARNING GET /api/products 401 2014
2026-08-27 11:06:33 INFO POST /api/login 201 1181
2026-08-27 11:06:36 INFO POST /api/logout 200 1380
2026-08-27 11:06:39 INFO GET /api/orders 200 1359
2026-08-27 11:06:42 INFO PUT /api/products/158 200 603
2026-08-27 11:06:45 INFO GET /api/health 201 335
2026-08-27 11:06:47 INFO POST /api/orders 200 1286
2026-08-27 11:06:50 INFO GET /api/health 200 1372
2026-08-27 11:06:52 INFO GET /api/users 200 1067
2026-08-27 11:06:53 INFO GET /api/users/542 200 283
2026-08-27 11:06:54 INFO GET /api/users/960 200 715
2026-08-27 11:06:55 INFO POST /api/orders 200 224
2026-08-27 11:06:57 WARNING DELETE /api/users/578 401 2037
2026-08-27 11:06:58 INFO POST /api/logout 200 1413
2026-08-27 11:07:01 INFO PUT /api/products/718 200 90
2026-08-27 11:07:04 INFO GET /api/users/339 200 686
2026-08-27 11:07:05 WARNING POST /api/orders 400 1559
2026-08-27 11:07:07 INFO GET /api/health 200 698
2026-08-27 11:07:10 WARNING GET /api/products 404 1572
2026-08-27 11:07:11 INFO GET /api/health 200 627
2026-08-27 11:07:14 INFO POST /api/logout 201 381
2026-08-27 11:07:15 ERROR POST /api/logout 500 1998
2026-08-27 11:07:16 INFO POST /api/orders 200 369
2026-08-27 11:07:17 ERROR POST /api/orders 500 1356
2026-08-27 11:07:18 WARNING DELETE /api/users/858 404 418
2026-08-27 11:07:19 ERROR GET /api/orders 503 2042
2026-08-27 11:07:22 INFO POST /api/orders 200 1356
2026-08-27 11:07:23 INFO GET /api/users/692 200 631
2026-08-27 11:07:24 INFO POST /api/logout 200 483
2026-08-27 11:07:25 INFO POST /api/login 200 725
2026-08-27 11:07:28 INFO POST /api/logout 200 323
2026-08-27 11:07:29 INFO POST /api/logout 200 781
2026-08-27 11:07:32 INFO POST /api/login 200 1216
2026-08-27 11:07:34 INFO GET /api/users/354 200 1174
2026-08-27 11:07:35 INFO POST /api/orders 200 1250
2026-08-27 11:07:38 INFO POST /api/login 200 771
2026-08-27 11:07:39 INFO PUT /api/products/749 200 1385
2026-08-27 11:07:42 INFO GET /api/health 200 135
2026-08-27 11:07:45 INFO POST /api/login 200 1078
2026-08-27 11:07:46 INFO DELETE /api/users/841 200 473
2026-08-27 11:07:49 INFO PUT /api/products/91 200 125
2026-08-27 11:07:50 WARNING GET /api/users 429 547
2026-08-27 11:07:51 INFO POST /api/logout 200 101
2026-08-27 11:07:53 WARNING GET /api/users 429 1159
2026-08-27 11:07:54 INFO POST /api/orders 200 617
2026-08-27 11:07:55 INFO PUT /api/products/953 200 534
2026-08-27 11:07:57 WARNING DELETE /api/users/209 429 1456
2026-08-27 11:07:58 WARNING PUT /api/products/41 401 1679
2026-08-27 11:07:59 INFO GET /api/products 200 1323
2026-08-27 11:08:02 INFO GET /api/users 200 813
2026-08-27 11:08:03 INFO GET /api/users/912 200 1405
2026-08-27 11:08:04 INFO DELETE /api/users/661 200 182
2026-08-27 11:08:07 WARNING GET /api/users 429 1612
2026-08-27 11:08:08 INFO PUT /api/products/251 200 980
2026-08-27 11:08:09 INFO GET /api/products 200 747
2026-08-27 11:08:11 INFO POST /api/logout 200 318
2026-08-27 11:08:13 INFO PUT /api/products/649 200 1452
2026-08-27 11:08:16 WARNING GET /api/orders 400 1153
2026-08-27 11:08:17 WARNING DELETE /api/users/938 404 801
2026-08-27 11:08:18 INFO GET /api/users 200 430
2026-08-27 11:08:19 ERROR POST /api/orders 500 1539
2026-08-27 11:08:21 WARNING GET /api/orders 400 1529
2026-08-27 11:08:23 INFO GET /api/products 200 535
2026-08-27 11:08:24 WARNING POST /api/login 401 649
2026-08-27 11:08:25 WARNING POST /api/logout 401 1650
2026-08-27 11:08:28 INFO GET /api/orders 200 408
2026-08-27 11:08:30 INFO POST /api/login 200 1136
2026-08-27 11:08:32 INFO POST /api/orders 200 122
2026-08-27 11:08:33 WARNING GET /api/products 401 454
2026-08-27 11:08:34 INFO PUT /api/products/261 200 378
2026-08-27 11:08:35 INFO GET /api/orders 200 1204
2026-08-27 11:08:36 INFO PUT /api/products/788 200 424
2026-08-27 11:08:37 INFO GET /api/products 200 1497
2026-08-27 11:08:38 INFO GET /api/users/479 200 611
2026-08-27 11:08:39 INFO GET /api/users 200 320
2026-08-27 11:08:41 INFO POST /api/login 200 72
2026-08-27 11:08:43 INFO GET /api/products 200 816
2026-08-27 11:08:44 WARNING PUT /api/products/581 401 547
2026-08-27 11:08:45 INFO GET /api/health 200 666
2026-08-27 11:08:46 WARNING GET /api/health 429 1032
2026-08-27 11:08:49 INFO GET /api/health 200 173
2026-08-27 11:08:50 INFO POST /api/logout 200 1474
2026-08-27 11:08:53 INFO POST /api/login 200 426
2026-08-27 11:08:54 INFO GET /api/orders 200 635
2026-08-27 11:08:56 INFO GET /api/users/624 200 1250
2026-08-27 11:08:59 WARNING DELETE /api/users/532 429 2274
2026-08-27 11:09:00 INFO GET /api/users 200 1146
2026-08-27 11:09:01 INFO GET /api/orders 200 1141
2026-08-27 11:09:04 WARNING GET /api/users 400 679
2026-08-27 11:09:06 INFO POST /api/login 200 678
2026-08-27 11:09:08 INFO POST /api/orders 200 524
2026-08-27 11:09:09 INFO GET /api/orders 200 389
2026-08-27 11:09:10 INFO PUT /api/products/80 200 488
2026-08-27 11:09:13 INFO POST /api/login 200 231
2026-08-27 11:09:14 INFO GET /api/orders 200 1249
2026-08-27 11:09:15 INFO GET /api/orders 200 1468
2026-08-27 11:09:18 INFO POST /api/login 200 1220
2026-08-27 11:09:21 INFO POST /api/logout 200 1260
2026-08-27 11:09:23 INFO GET /api/products 200 1469
2026-08-27 11:09:26 WARNING POST /api/logout 400 404
2026-08-27 11:09:29 INFO PUT /api/products/497 200 764
2026-08-27 11:09:30 WARNING DELETE /api/users/159 404 1963
2026-08-27 11:09:31 INFO GET /api/users 200 789
2026-08-27 11:09:34 INFO PUT /api/products/265 200 1215
2026-08-27 11:09:35 INFO PUT /api/products/665 200 1297
2026-08-27 11:09:37 WARNING POST /api/logout 429 602
2026-08-27 11:09:38 INFO GET /api/users/983 200 1350
2026-08-27 11:09:39 INFO GET /api/users/340 200 596
2026-08-27 11:09:42 INFO POST /api/orders 200 1433
2026-08-27 11:09:43 INFO GET /api/products 200 374
2026-08-27 11:09:44 INFO GET /api/products 200 1307
2026-08-27 11:09:46 INFO GET /api/health 200 1275
2026-08-27 11:09:49 INFO DELETE /api/users/346 200 536
2026-08-27 11:09:51 INFO GET /api/health 200 729
2026-08-27 11:09:53 INFO DELETE /api/users/863 200 883
2026-08-27 11:09:56 INFO GET /api/orders 201 890
2026-08-27 11:09:57 INFO PUT /api/products/198 200 327
2026-08-27 11:10:00 INFO GET /api/products 200 919
2026-08-27 11:10:01 INFO GET /api/users 200 800
2026-08-27 11:10:02 INFO GET /api/orders 200 413
2026-08-27 11:10:05 INFO GET /api/users/826 200 412
2026-08-27 11:10:08 INFO POST /api/login 200 1007
2026-08-27 11:10:09 WARNING GET /api/orders 400 771
2026-08-27 11:10:10 INFO POST /api/logout 200 1034
2026-08-27 11:10:11 WARNING GET /api/users/33 400 1827
2026-08-27 11:10:13 INFO GET /api/users/742 200 875
2026-08-27 11:10:14 WARNING GET /api/users/415 404 363
2026-08-27 11:10:16 INFO GET /api/products 200 1377
2026-08-27 11:10:17 INFO GET /api/health 200 786
2026-08-27 11:10:18 INFO GET /api/orders 200 40
2026-08-27 11:10:20 INFO POST /api/login 200 148
2026-08-27 11:10:21 INFO GET /api/health 200 202
2026-08-27 11:10:22 INFO POST /api/logout 200 1053
2026-08-27 11:10:24 INFO DELETE /api/users/90 200 1414
2026-08-27 11:10:27 ERROR DELETE /api/users/60 500 1704
2026-08-27 11:10:29 WARNING POST /api/login 404 1593
2026-08-27 11:10:31 INFO PUT /api/products/217 200 1146
2026-08-27 11:10:33 INFO GET /api/products 200 1321
2026-08-27 11:10:34 INFO POST /api/login 200 1195
2026-08-27 11:10:35 INFO GET /api/users/188 200 1015
2026-08-27 11:10:36 INFO GET /api/users/757 200 951
2026-08-27 11:10:37 INFO GET /api/users 200 714
2026-08-27 11:10:38 INFO PUT /api/products/218 200 478
2026-08-27 11:10:39 WARNING GET /api/health 429 1588
2026-08-27 11:10:40 INFO GET /api/users 200 1203
2026-08-27 11:10:43 WARNING POST /api/login 404 966
2026-08-27 11:10:44 INFO POST /api/orders 200 75
2026-08-27 11:10:47 INFO GET /api/users 200 347
2026-08-27 11:10:48 INFO GET /api/users 200 1451
2026-08-27 11:10:49 INFO POST /api/login 200 1452
2026-08-27 11:10:52 WARNING GET /api/users/508 400 1149
2026-08-27 11:10:53 INFO GET /api/users 200 838
2026-08-27 11:10:56 WARNING PUT /api/products/978 404 2269
2026-08-27 11:10:57 INFO POST /api/orders 200 346
2026-08-27 11:11:00 INFO GET /api/orders 200 1351
2026-08-27 11:11:01 INFO GET /api/health 201 323
2026-08-27 11:11:02 WARNING GET /api/users/324 400 588
2026-08-27 11:11:03 WARNING GET /api/products 404 2155
2026-08-27 11:11:05 INFO GET /api/users/869 200 1158
2026-08-27 11:11:08 INFO POST /api/login 200 1140
2026-08-27 11:11:09 INFO DELETE /api/users/251 200 471
2026-08-27 11:11:11 INFO PUT /api/products/924 200 1185
2026-08-27 11:11:14 INFO GET /api/health 200 1195
2026-08-27 11:11:15 INFO POST /api/orders 200 634
2026-08-27 11:11:17 INFO POST /api/login 200 57
2026-08-27 11:11:19 INFO POST /api/orders 200 476
2026-08-27 11:11:21 INFO GET /api/orders 200 296
2026-08-27 11:11:22 INFO PUT /api/products/201 200 344
2026-08-27 11:11:24 INFO POST /api/orders 200 429
2026-08-27 11:11:25 ERROR GET /api/users 503 1391
2026-08-27 11:11:26 ERROR PUT /api/products/354 500 786
2026-08-27 11:11:27 INFO GET /api/health 200 683
2026-08-27 11:11:28 WARNING GET /api/users/205 401 2319
2026-08-27 11:11:29 WARNING POST /api/logout 404 788
2026-08-27 11:11:30 INFO GET /api/products 200 925
2026-08-27 11:11:32 INFO POST /api/orders 200 107
2026-08-27 11:11:34 INFO POST /api/login 200 1003
2026-08-27 11:11:35 INFO POST /api/orders 200 736
2026-08-27 11:11:38 INFO POST /api/logout 201 1477
2026-08-27 11:11:41 INFO GET /api/products 200 139
2026-08-27 11:11:43 INFO POST /api/logout 200 717
2026-08-27 11:11:46 INFO PUT /api/products/928 200 1225
2026-08-27 11:11:47 INFO POST /api/login 200 714
2026-08-27 11:11:48 INFO DELETE /api/users/724 200 818
2026-08-27 11:11:49 INFO GET /api/orders 200 1391
2026-08-27 11:11:52 INFO GET /api/health 200 1350
2026-08-27 11:11:53 WARNING GET /api/users/599 400 1964
2026-08-27 11:11:54 WARNING POST /api/logout 400 2141
2026-08-27 11:11:57 WARNING GET /api/orders 404 2465
2026-08-27 11:11:58 INFO POST /api/logout 200 144
2026-08-27 11:12:01 INFO DELETE /api/users/228 200 366
2026-08-27 11:12:02 INFO DELETE /api/users/692 200 919
2026-08-27 11:12:04 INFO POST /api/logout 200 1452
2026-08-27 11:12:06 INFO GET /api/health 200 1383
2026-08-27 11:12:09 INFO GET /api/health 201 614
2026-08-27 11:12:10 INFO DELETE /api/users/59 200 711
2026-08-27 11:12:11 INFO GET /api/users 200 712
2026-08-27 11:12:13 INFO GET /api/users/961 200 437
2026-08-27 11:12:14 INFO GET /api/health 200 370
2026-08-27 11:12:17 INFO POST /api/login 200 1271
2026-08-27 11:12:18 INFO GET /api/health 200 258
2026-08-27 11:12:19 INFO POST /api/login 200 1218
2026-08-27 11:12:20 INFO POST /api/login 200 379
2026-08-27 11:12:21 INFO GET /api/users/205 200 1209
2026-08-27 11:12:22 WARNING GET /api/health 400 1790
2026-08-27 11:12:25 INFO POST /api/logout 200 269
2026-08-27 11:12:26 INFO DELETE /api/users/113 200 167
2026-08-27 11:12:27 INFO GET /api/products 201 499
2026-08-27 11:12:29 INFO GET /api/users 200 1251
2026-08-27 11:12:30 INFO GET /api/users/637 200 1089
2026-08-27 11:12:31 INFO DELETE /api/users/460 200 414
2026-08-27 11:12:32 WARNING PUT /api/products/327 404 1860
2026-08-27 11:12:33 INFO GET /api/products 200 258
2026-08-27 11:12:35 INFO DELETE /api/users/867 200 675
2026-08-27 11:12:36 INFO PUT /api/products/630 200 1120
2026-08-27 11:12:37 INFO DELETE /api/users/62 200 305
2026-08-27 11:12:38 WARNING POST /api/login 429 2202
2026-08-27 11:12:39 INFO GET /api/health 200 479
2026-08-27 11:12:40 WARNING GET /api/users 404 1882
2026-08-27 11:12:41 INFO GET /api/users/9 200 1358
2026-08-27 11:12:44 INFO GET /api/products 200 941
2026-08-27 11:12:46 INFO GET /api/users 200 852
2026-08-27 11:12:48 INFO GET /api/users 200 1189
2026-08-27 11:12:49 ERROR GET /api/users/32 503 1306
2026-08-27 11:12:50 INFO DELETE /api/users/323 200 579
2026-08-27 11:12:51 INFO GET /api/users 200 1036
2026-08-27 11:12:52 INFO GET /api/health 200 1010
2026-08-27 11:12:53 INFO GET /api/users 200 1378
2026-08-27 11:12:55 INFO POST /api/orders 200 1098
2026-08-27 11:12:57 INFO GET /api/products 200 321
2026-08-27 11:12:59 INFO POST /api/login 200 1037
2026-08-27 11:13:01 INFO GET /api/products 200 626
2026-08-27 11:13:02 WARNING GET /api/users 400 1130
2026-08-27 11:13:03 INFO DELETE /api/users/639 200 631
2026-08-27 11:13:05 WARNING GET /api/users 429 836
2026-08-27 11:13:06 INFO GET /api/users 200 262
2026-08-27 11:13:08 INFO GET /api/health 200 181
2026-08-27 11:13:09 INFO POST /api/login 200 1422
2026-08-27 11:13:10 WARNING POST /api/login 429 2347
2026-08-27 11:13:11 WARNING GET /api/users/158 429 310
2026-08-27 11:13:14 WARNING GET /api/users/706 404 324
2026-08-27 11:13:17 INFO PUT /api/products/977 200 509
2026-08-27 11:13:18 INFO DELETE /api/users/514 201 1035
2026-08-27 11:13:19 INFO GET /api/users/71 200 841
2026-08-27 11:13:21 WARNING DELETE /api/users/762 429 1712
2026-08-27 11:13:23 INFO PUT /api/products/263 200 133
2026-08-27 11:13:26 ERROR GET /api/health 500 1434
2026-08-27 11:13:27 INFO GET /api/users/20 200 1252
2026-08-27 11:13:28 INFO POST /api/orders 200 756
2026-08-27 11:13:31 INFO POST /api/orders 200 71
2026-08-27 11:13:32 INFO DELETE /api/users/626 200 303
2026-08-27 11:13:33 INFO PUT /api/products/144 200 1134
2026-08-27 11:13:34 INFO POST /api/login 201 386
2026-08-27 11:13:37 INFO GET /api/health 200 396
2026-08-27 11:13:40 WARNING GET /api/users/887 401 1261
2026-08-27 11:13:42 INFO PUT /api/products/360 200 939
2026-08-27 11:13:43 WARNING PUT /api/products/462 404 2060
2026-08-27 11:13:44 WARNING DELETE /api/users/510 429 1577
2026-08-27 11:13:45 ERROR GET /api/orders 503 401
2026-08-27 11:13:46 INFO GET /api/users/142 200 906
2026-08-27 11:13:47 INFO POST /api/logout 200 1458
2026-08-27 11:13:50 INFO GET /api/users/713 200 1024
2026-08-27 11:13:51 INFO PUT /api/products/647 200 120
2026-08-27 11:13:54 INFO GET /api/users/486 200 973
2026-08-27 11:13:57 INFO POST /api/orders 200 1414
2026-08-27 11:13:58 ERROR POST /api/login 503 1511
2026-08-27 11:14:01 INFO GET /api/users/874 200 571
2026-08-27 11:14:02 INFO POST /api/login 200 386
2026-08-27 11:14:05 INFO GET /api/users 200 846
2026-08-27 11:14:08 INFO POST /api/orders 200 763
2026-08-27 11:14:09 INFO GET /api/products 200 1385
2026-08-27 11:14:12 INFO POST /api/orders 200 329
2026-08-27 11:14:15 INFO GET /api/users 200 1136
2026-08-27 11:14:16 INFO POST /api/login 200 372
2026-08-27 11:14:17 INFO GET /api/users 200 718
2026-08-27 11:14:18 INFO POST /api/orders 200 1275
2026-08-27 11:14:20 INFO PUT /api/products/689 200 596
2026-08-27 11:14:21 INFO GET /api/health 200 310
2026-08-27 11:14:24 INFO POST /api/login 200 557
2026-08-27 11:14:25 INFO GET /api/products 200 1401
2026-08-27 11:14:26 INFO GET /api/users/462 200 928
2026-08-27 11:14:27 INFO POST /api/logout 200 618
2026-08-27 11:14:28 INFO GET /api/orders 200 808
2026-08-27 11:14:29 INFO POST /api/login 200 696
2026-08-27 11:14:30 ERROR GET /api/health 500 1582
2026-08-27 11:14:31 WARNING GET /api/products 404 2139
2026-08-27 11:14:32 INFO GET /api/users/772 200 337
2026-08-27 11:14:33 INFO GET /api/users 200 579
2026-08-27 11:14:34 INFO POST /api/logout 200 608
2026-08-27 11:14:35 INFO POST /api/login 200 1194
2026-08-27 11:14:36 INFO PUT /api/products/366 200 1336
2026-08-27 11:14:39 INFO GET /api/users 200 1346
2026-08-27 11:14:41 INFO DELETE /api/users/304 200 1343
2026-08-27 11:14:42 INFO POST /api/logout 200 864
2026-08-27 11:14:43 INFO GET /api/users/466 200 1046
2026-08-27 11:14:44 INFO GET /api/users 200 328
2026-08-27 11:14:47 INFO GET /api/users/773 200 190
2026-08-27 11:14:49 INFO POST /api/orders 200 759
2026-08-27 11:14:50 INFO POST /api/orders 200 369
2026-08-27 11:14:51 WARNING PUT /api/products/753 429 1777
2026-08-27 11:14:53 INFO PUT /api/products/926 200 83
2026-08-27 11:14:54 INFO GET /api/orders 200 307
2026-08-27 11:14:55 WARNING POST /api/orders 429 1789
2026-08-27 11:14:58 INFO GET /api/health 200 564
2026-08-27 11:15:01 WARNING GET /api/health 429 2003
2026-08-27 11:15:04 INFO GET /api/users/30 200 595
2026-08-27 11:15:05 INFO GET /api/users/363 200 1361
2026-08-27 11:15:06 INFO DELETE /api/users/948 200 766
2026-08-27 11:15:07 INFO GET /api/users 200 896
2026-08-27 11:15:08 INFO POST /api/login 200 175
2026-08-27 11:15:09 INFO POST /api/orders 200 1380
2026-08-27 11:15:10 WARNING DELETE /api/users/41 429 816
2026-08-27 11:15:13 INFO POST /api/orders 200 1364
2026-08-27 11:15:15 INFO DELETE /api/users/661 200 1269
2026-08-27 11:15:16 INFO DELETE /api/users/473 200 1229
2026-08-27 11:15:17 WARNING GET /api/health 429 1889
2026-08-27 11:15:18 INFO PUT /api/products/747 200 1359
2026-08-27 11:15:19 INFO POST /api/logout 200 895
2026-08-27 11:15:21 WARNING GET /api/users/323 429 2104
2026-08-27 11:15:24 INFO GET /api/products 200 687
2026-08-27 11:15:25 INFO POST /api/orders 200 47
2026-08-27 11:15:26 WARNING POST /api/login 429 739
2026-08-27 11:15:28 ERROR POST /api/login 503 784
2026-08-27 11:15:29 INFO DELETE /api/users/357 200 573
2026-08-27 11:15:31 INFO GET /api/health 200 906
2026-08-27 11:15:32 INFO GET /api/users 200 626
2026-08-27 11:15:33 INFO GET /api/orders 200 752
2026-08-27 11:15:34 INFO POST /api/login 200 1462
2026-08-27 11:15:35 INFO PUT /api/products/12 201 726
2026-08-27 11:15:36 INFO PUT /api/products/211 200 1227
2026-08-27 11:15:38 WARNING GET /api/users/661 400 480
2026-08-27 11:15:39 INFO POST /api/login 200 294
2026-08-27 11:15:40 INFO GET /api/health 200 418
2026-08-27 11:15:41 INFO POST /api/logout 200 795
2026-08-27 11:15:44 INFO POST /api/login 200 1414
2026-08-27 11:15:45 INFO DELETE /api/users/215 200 1383
2026-08-27 11:15:47 INFO GET /api/users/943 200 1453
2026-08-27 11:15:48 INFO GET /api/products 200 75
2026-08-27 11:15:50 INFO GET /api/products 200 323
2026-08-27 11:15:53 INFO GET /api/orders 200 257
2026-08-27 11:15:54 INFO PUT /api/products/475 200 100
2026-08-27 11:15:57 INFO POST /api/logout 200 778
2026-08-27 11:16:00 WARNING GET /api/orders 429 1717
2026-08-27 11:16:01 INFO GET /api/users 200 142
2026-08-27 11:16:03 WARNING GET /api/users/724 429 617
2026-08-27 11:16:04 WARNING GET /api/orders 401 1738
2026-08-27 11:16:07 INFO GET /api/products 200 505
2026-08-27 11:16:08 ERROR GET /api/orders 500 403
2026-08-27 11:16:09 INFO GET /api/users 200 836
2026-08-27 11:16:11 INFO DELETE /api/users/805 200 1169
2026-08-27 11:16:13 WARNING GET /api/users/250 400 1435
2026-08-27 11:16:16 INFO POST /api/login 200 1349
2026-08-27 11:16:17 INFO POST /api/orders 200 1471
2026-08-27 11:16:18 WARNING GET /api/users 401 2182
2026-08-27 11:16:19 INFO GET /api/users 200 70
2026-08-27 11:16:21 INFO GET /api/products 200 140
2026-08-27 11:16:22 INFO PUT /api/products/286 200 1214
2026-08-27 11:16:23 WARNING DELETE /api/users/359 429 2178
2026-08-27 11:16:24 WARNING POST /api/login 400 1079
2026-08-27 11:16:25 INFO POST /api/logout 200 1299
2026-08-27 11:16:26 INFO PUT /api/products/957 200 1258
2026-08-27 11:16:27 INFO PUT /api/products/153 200 691
2026-08-27 11:16:28 INFO GET /api/products 200 52
2026-08-27 11:16:29 INFO GET /api/users/87 200 598
2026-08-27 11:16:32 INFO POST /api/orders 200 111
2026-08-27 11:16:33 INFO GET /api/products 200 777
2026-08-27 11:16:34 INFO POST /api/logout 200 347
2026-08-27 11:16:36 INFO DELETE /api/users/610 200 338
2026-08-27 11:16:37 WARNING DELETE /api/users/963 429 1123
2026-08-27 11:16:38 WARNING GET /api/orders 400 1430
2026-08-27 11:16:41 INFO GET /api/users/342 200 1280
2026-08-27 11:16:42 WARNING GET /api/orders 404 613
2026-08-27 11:16:44 INFO GET /api/orders 200 553
2026-08-27 11:16:46 INFO GET /api/users/772 200 1183
2026-08-27 11:16:47 INFO GET /api/users/617 200 451
2026-08-27 11:16:48 INFO POST /api/orders 200 435
2026-08-27 11:16:49 WARNING POST /api/login 404 1675
2026-08-27 11:16:50 ERROR GET /api/users 500 2399
2026-08-27 11:16:51 WARNING POST /api/login 404 2139
2026-08-27 11:16:54 INFO GET /api/users/885 200 1108
2026-08-27 11:16:57 INFO POST /api/orders 200 1352
2026-08-27 11:16:59 WARNING GET /api/products 400 2388
2026-08-27 11:17:02 INFO GET /api/health 200 1073
2026-08-27 11:17:04 INFO POST /api/orders 200 1093
2026-08-27 11:17:07 WARNING GET /api/health 401 2045
2026-08-27 11:17:08 INFO GET /api/health 200 440
2026-08-27 11:17:10 INFO POST /api/logout 200 1149
2026-08-27 11:17:11 INFO GET /api/users 200 263
2026-08-27 11:17:12 INFO GET /api/orders 200 641
2026-08-27 11:17:13 WARNING GET /api/users/490 400 1474
2026-08-27 11:17:14 INFO GET /api/users/537 200 1408
2026-08-27 11:17:15 INFO GET /api/orders 200 331
2026-08-27 11:17:16 INFO DELETE /api/users/118 200 220
2026-08-27 11:17:17 INFO POST /api/orders 200 960
2026-08-27 11:17:19 INFO GET /api/users/918 200 380
2026-08-27 11:17:20 ERROR GET /api/users/73 503 439
2026-08-27 11:17:22 INFO GET /api/users 200 688
2026-08-27 11:17:23 INFO GET /api/users 200 1296
2026-08-27 11:17:24 INFO GET /api/users 200 545
2026-08-27 11:17:27 INFO GET /api/health 200 1086
2026-08-27 11:17:29 INFO POST /api/orders 200 585
2026-08-27 11:17:30 INFO GET /api/orders 200 555
2026-08-27 11:17:33 INFO GET /api/orders 200 1362
2026-08-27 11:17:34 INFO GET /api/products 200 254
2026-08-27 11:17:35 ERROR DELETE /api/users/567 500 1937
2026-08-27 11:17:38 INFO GET /api/users/499 200 691
2026-08-27 11:17:41 INFO POST /api/logout 200 1348
2026-08-27 11:17:44 WARNING GET /api/products 401 2062
2026-08-27 11:17:46 INFO GET /api/orders 200 577
2026-08-27 11:17:47 INFO GET /api/health 200 367
2026-08-27 11:17:50 WARNING PUT /api/products/792 404 1835
2026-08-27 11:17:51 INFO GET /api/users/218 200 495
2026-08-27 11:17:54 INFO GET /api/orders 200 848
2026-08-27 11:17:55 INFO GET /api/users 200 1136
2026-08-27 11:17:56 WARNING POST /api/orders 400 907
2026-08-27 11:17:57 INFO GET /api/users/203 200 1014
2026-08-27 11:17:58 INFO GET /api/users/541 200 603
2026-08-27 11:17:59 INFO GET /api/products 200 638
2026-08-27 11:18:00 INFO GET /api/users 200 1045
2026-08-27 11:18:01 WARNING GET /api/products 404 1969
2026-08-27 11:18:02 INFO POST /api/login 200 132
2026-08-27 11:18:05 INFO GET /api/products 200 1105
2026-08-27 11:18:06 INFO GET /api/health 200 1036
2026-08-27 11:18:07 INFO GET /api/orders 200 1108
2026-08-27 11:18:08 INFO GET /api/health 200 554
2026-08-27 11:18:09 INFO POST /api/login 200 435
2026-08-27 11:18:11 INFO PUT /api/products/647 200 800
2026-08-27 11:18:12 INFO GET /api/health 200 716
2026-08-27 11:18:13 INFO GET /api/health 200 341
2026-08-27 11:18:15 INFO PUT /api/products/785 200 931
2026-08-27 11:18:16 INFO POST /api/orders 200 1302
2026-08-27 11:18:17 INFO POST /api/logout 200 1365
2026-08-27 11:18:20 INFO GET /api/orders 200 1348
2026-08-27 11:18:21 INFO GET /api/health 200 223
2026-08-27 11:18:22 INFO POST /api/logout 200 1438
2026-08-27 11:18:23 WARNING GET /api/users 429 2494
2026-08-27 11:18:24 INFO DELETE /api/users/174 200 1208
2026-08-27 11:18:25 INFO GET /api/products 200 448
2026-08-27 11:18:26 INFO GET /api/products 200 1177
2026-08-27 11:18:27 INFO GET /api/products 200 81
2026-08-27 11:18:29 INFO PUT /api/products/808 200 382
2026-08-27 11:18:32 INFO POST /api/login 200 683
2026-08-27 11:18:33 INFO GET /api/users 200 382
2026-08-27 11:18:36 INFO GET /api/health 201 1262
2026-08-27 11:18:38 ERROR GET /api/users 503 635
2026-08-27 11:18:41 INFO GET /api/users 200 1173
2026-08-27 11:18:42 INFO POST /api/orders 200 568
2026-08-27 11:18:43 INFO GET /api/orders 200 1047
2026-08-27 11:18:45 INFO POST /api/orders 200 593
2026-08-27 11:18:48 INFO GET /api/health 200 1130
2026-08-27 11:18:49 INFO GET /api/health 200 243
2026-08-27 11:18:50 INFO GET /api/health 200 1375
2026-08-27 11:18:52 INFO POST /api/logout 200 846
2026-08-27 11:18:53 INFO GET /api/users/263 200 1440
2026-08-27 11:18:54 INFO PUT /api/products/931 200 1261
2026-08-27 11:18:56 INFO POST /api/orders 200 1303
2026-08-27 11:18:58 WARNING POST /api/logout 429 357
2026-08-27 11:19:01 INFO GET /api/orders 200 1397
2026-08-27 11:19:02 INFO DELETE /api/users/131 200 1310
2026-08-27 11:19:04 INFO DELETE /api/users/236 200 1072
2026-08-27 11:19:05 INFO GET /api/users 200 288
2026-08-27 11:19:07 INFO DELETE /api/users/318 200 1451
2026-08-27 11:19:09 INFO GET /api/users 200 146
2026-08-27 11:19:10 INFO POST /api/logout 200 188
2026-08-27 11:19:12 ERROR POST /api/login 500 437
2026-08-27 11:19:13 INFO GET /api/users 200 860
2026-08-27 11:19:14 INFO POST /api/login 200 1215
2026-08-27 11:19:15 INFO PUT /api/products/311 200 1220
2026-08-27 11:19:17 WARNING POST /api/logout 429 1299
2026-08-27 11:19:18 INFO GET /api/users 200 553
2026-08-27 11:19:21 INFO GET /api/users 200 1146
2026-08-27 11:19:22 INFO GET /api/users/114 200 312
2026-08-27 11:19:23 INFO POST /api/orders 200 131
2026-08-27 11:19:24 INFO GET /api/users 200 667
2026-08-27 11:19:27 INFO POST /api/logout 200 1328
2026-08-27 11:19:28 INFO GET /api/users 200 475
2026-08-27 11:19:30 INFO POST /api/logout 200 1460
2026-08-27 11:19:32 ERROR POST /api/login 503 1533
2026-08-27 11:19:35 INFO GET /api/orders 200 783
2026-08-27 11:19:36 WARNING GET /api/users/321 400 1367
2026-08-27 11:19:38 INFO GET /api/orders 200 1188
2026-08-27 11:19:40 INFO PUT /api/products/365 200 939
2026-08-27 11:19:41 INFO GET /api/users/876 200 830
2026-08-27 11:19:44 INFO POST /api/login 200 1038
2026-08-27 11:19:47 INFO POST /api/logout 200 974
2026-08-27 11:19:48 INFO GET /api/orders 200 1379
2026-08-27 11:19:49 INFO DELETE /api/users/892 200 371
2026-08-27 11:19:52 WARNING DELETE /api/users/1 400 385
2026-08-27 11:19:53 INFO POST /api/orders 200 375
2026-08-27 11:19:54 INFO POST /api/orders 200 962
2026-08-27 11:19:55 INFO GET /api/health 200 1036
2026-08-27 11:19:56 WARNING GET /api/orders 404 358
2026-08-27 11:19:59 INFO GET /api/health 200 293
2026-08-27 11:20:01 INFO GET /api/products 200 63
2026-08-27 11:20:02 INFO GET /api/users/235 200 286
2026-08-27 11:20:05 WARNING GET /api/health 400 1153
2026-08-27 11:20:08 WARNING GET /api/health 401 613
2026-08-27 11:20:09 ERROR PUT /api/products/287 500 1428
2026-08-27 11:20:10 INFO GET /api/products 200 173
2026-08-27 11:20:11 INFO GET /api/users 200 830
2026-08-27 11:20:12 WARNING GET /api/users 400 2391
2026-08-27 11:20:14 INFO GET /api/users/238 201 1496
2026-08-27 11:20:17 WARNING GET /api/users 404 1778
2026-08-27 11:20:18 INFO GET /api/health 200 898
2026-08-27 11:20:19 INFO DELETE /api/users/776 200 234
2026-08-27 11:20:20 INFO PUT /api/products/405 200 248
2026-08-27 11:20:23 INFO PUT /api/products/841 200 1173
2026-08-27 11:20:24 WARNING PUT /api/products/121 404 1418
2026-08-27 11:20:25 ERROR GET /api/products 500 1133
2026-08-27 11:20:26 INFO GET /api/products 200 1451
2026-08-27 11:20:27 INFO GET /api/products 201 965
2026-08-27 11:20:28 INFO GET /api/products 200 486
2026-08-27 11:20:29 INFO GET /api/orders 200 1411
2026-08-27 11:20:32 INFO POST /api/orders 200 82
2026-08-27 11:20:35 INFO GET /api/users/712 200 1432
2026-08-27 11:20:36 INFO PUT /api/products/920 200 248
2026-08-27 11:20:37 WARNING POST /api/login 400 2300
2026-08-27 11:20:40 INFO GET /api/users 200 186
2026-08-27 11:20:41 INFO DELETE /api/users/29 200 265
2026-08-27 11:20:42 INFO POST /api/logout 200 1098
2026-08-27 11:20:43 INFO POST /api/login 200 924
2026-08-27 11:20:44 ERROR GET /api/health 503 341
2026-08-27 11:20:45 INFO PUT /api/products/451 200 134
2026-08-27 11:20:46 INFO DELETE /api/users/87 200 428
2026-08-27 11:20:49 INFO GET /api/health 200 581
2026-08-27 11:20:50 INFO GET /api/products 200 586
2026-08-27 11:20:51 INFO GET /api/orders 200 865
2026-08-27 11:20:52 ERROR GET /api/orders 503 1377
2026-08-27 11:20:54 INFO DELETE /api/users/91 200 441
2026-08-27 11:20:56 INFO GET /api/health 200 471
2026-08-27 11:20:57 INFO POST /api/logout 201 1375
2026-08-27 11:20:58 INFO DELETE /api/users/283 200 678
2026-08-27 11:20:59 INFO GET /api/orders 200 189
2026-08-27 11:21:00 INFO POST /api/orders 200 465
2026-08-27 11:21:01 ERROR GET /api/users 500 986
2026-08-27 11:21:02 INFO PUT /api/products/838 200 1068
2026-08-27 11:21:03 INFO GET /api/users/383 200 367
2026-08-27 11:21:04 ERROR GET /api/health 503 1842
2026-08-27 11:21:05 INFO GET /api/users/197 200 346
2026-08-27 11:21:08 INFO GET /api/products 200 319
2026-08-27 11:21:09 INFO GET /api/health 200 159
2026-08-27 11:21:10 INFO POST /api/logout 200 409
2026-08-27 11:21:13 INFO GET /api/users/95 200 415
2026-08-27 11:21:16 INFO GET /api/orders 200 1222
2026-08-27 11:21:19 INFO GET /api/users 200 710
2026-08-27 11:21:20 INFO PUT /api/products/317 200 1199
2026-08-27 11:21:23 INFO POST /api/login 200 436
2026-08-27 11:21:26 ERROR POST /api/login 500 700
2026-08-27 11:21:27 INFO GET /api/users/820 201 1219
2026-08-27 11:21:28 INFO GET /api/users 200 894
2026-08-27 11:21:29 INFO GET /api/health 200 1446
2026-08-27 11:21:30 INFO PUT /api/products/296 200 1207
2026-08-27 11:21:31 INFO GET /api/users/586 200 984
2026-08-27 11:21:34 INFO PUT /api/products/401 200 1482
2026-08-27 11:21:35 INFO PUT /api/products/614 200 969
2026-08-27 11:21:36 INFO POST /api/login 200 907
2026-08-27 11:21:37 INFO POST /api/login 200 813
2026-08-27 11:21:38 INFO GET /api/health 200 1089
2026-08-27 11:21:39 INFO POST /api/orders 200 751
2026-08-27 11:21:40 INFO GET /api/users 200 429
2026-08-27 11:21:41 INFO GET /api/users 200 623
2026-08-27 11:21:42 INFO PUT /api/products/441 200 712
2026-08-27 11:21:43 INFO GET /api/health 200 1269
2026-08-27 11:21:44 INFO GET /api/products 200 293
2026-08-27 11:21:47 INFO PUT /api/products/966 200 1276
2026-08-27 11:21:49 INFO POST /api/orders 200 181
2026-08-27 11:21:50 INFO POST /api/login 200 266
2026-08-27 11:21:51 INFO DELETE /api/users/995 200 797
2026-08-27 11:21:52 INFO GET /api/health 200 230
2026-08-27 11:21:53 INFO POST /api/login 200 1038
2026-08-27 11:21:54 INFO GET /api/users/63 200 957
2026-08-27 11:21:55 INFO POST /api/logout 200 1455
2026-08-27 11:21:56 INFO GET /api/users 200 246
2026-08-27 11:21:57 INFO GET /api/health 200 726
2026-08-27 11:21:58 INFO POST /api/login 200 1212
2026-08-27 11:21:59 INFO POST /api/orders 200 861
2026-08-27 11:22:00 INFO GET /api/users 200 408
2026-08-27 11:22:02 INFO PUT /api/products/199 200 170
2026-08-27 11:22:03 INFO PUT /api/products/743 200 259
2026-08-27 11:22:04 ERROR DELETE /api/users/605 500 1144
2026-08-27 11:22:06 ERROR PUT /api/products/51 503 479
2026-08-27 11:22:08 ERROR DELETE /api/users/687 500 1701
2026-08-27 11:22:09 INFO GET /api/orders 200 612
2026-08-27 11:22:11 INFO GET /api/orders 200 1451
2026-08-27 11:22:14 INFO DELETE /api/users/788 200 692
2026-08-27 11:22:17 INFO POST /api/logout 200 1213
2026-08-27 11:22:18 INFO GET /api/users/93 200 415
2026-08-27 11:22:19 INFO POST /api/login 200 871
2026-08-27 11:22:20 INFO POST /api/orders 200 1449
2026-08-27 11:22:21 INFO POST /api/logout 200 923
2026-08-27 11:22:22 INFO GET /api/products 200 1432
2026-08-27 11:22:23 INFO GET /api/users 200 1115
2026-08-27 11:22:25 INFO GET /api/health 200 1424
2026-08-27 11:22:26 INFO GET /api/users/988 200 724
2026-08-27 11:22:27 INFO POST /api/orders 200 847
2026-08-27 11:22:29 INFO GET /api/users/838 200 1291
2026-08-27 11:22:32 INFO POST /api/login 200 355
2026-08-27 11:22:34 INFO GET /api/products 200 760
2026-08-27 11:22:36 ERROR GET /api/health 500 1830
2026-08-27 11:22:38 INFO PUT /api/products/892 200 592
2026-08-27 11:22:41 INFO GET /api/users 200 827
2026-08-27 11:22:44 INFO GET /api/health 200 1419
2026-08-27 11:22:45 INFO POST /api/logout 200 723
2026-08-27 11:22:47 INFO POST /api/logout 200 1028
2026-08-27 11:22:48 WARNING POST /api/orders 400 1826
2026-08-27 11:22:49 WARNING POST /api/logout 429 1619
2026-08-27 11:22:50 INFO GET /api/users 200 997
2026-08-27 11:22:52 INFO POST /api/logout 200 1146
2026-08-27 11:22:54 INFO GET /api/products 200 923
2026-08-27 11:22:55 WARNING PUT /api/products/64 404 580
2026-08-27 11:22:56 INFO GET /api/users/319 200 822
2026-08-27 11:22:58 INFO GET /api/users/664 200 239
2026-08-27 11:22:59 INFO DELETE /api/users/938 200 286
2026-08-27 11:23:00 INFO PUT /api/products/174 200 1111
2026-08-27 11:23:02 INFO POST /api/login 200 192
2026-08-27 11:23:04 INFO GET /api/orders 200 965
2026-08-27 11:23:05 INFO GET /api/products 200 557
2026-08-27 11:23:08 INFO GET /api/orders 200 849
2026-08-27 11:23:11 INFO POST /api/logout 200 690
2026-08-27 11:23:12 INFO PUT /api/products/841 200 68
2026-08-27 11:23:15 INFO GET /api/health 200 97
2026-08-27 11:23:17 INFO POST /api/login 200 331
2026-08-27 11:23:19 INFO GET /api/products 200 1198
2026-08-27 11:23:21 INFO POST /api/orders 200 578
2026-08-27 11:23:22 WARNING GET /api/users/125 401 518
2026-08-27 11:23:23 WARNING POST /api/logout 404 1331
2026-08-27 11:23:25 INFO GET /api/users/738 200 561
2026-08-27 11:23:26 INFO GET /api/users/197 200 476
2026-08-27 11:23:29 INFO PUT /api/products/506 200 520
2026-08-27 11:23:31 INFO POST /api/orders 200 1020
2026-08-27 11:23:32 INFO DELETE /api/users/619 200 1313
2026-08-27 11:23:33 INFO POST /api/logout 200 79
2026-08-27 11:23:34 INFO POST /api/login 200 404
2026-08-27 11:23:35 INFO GET /api/users 200 1084
2026-08-27 11:23:38 INFO PUT /api/products/873 200 1096
2026-08-27 11:23:39 INFO GET /api/orders 200 1315
2026-08-27 11:23:42 INFO POST /api/logout 200 509
2026-08-27 11:23:43 INFO GET /api/users 200 1113
2026-08-27 11:23:44 INFO DELETE /api/users/92 200 212
2026-08-27 11:23:45 ERROR GET /api/products 503 305
2026-08-27 11:23:47 WARNING PUT /api/products/998 400 332
2026-08-27 11:23:49 INFO PUT /api/products/100 200 1185
2026-08-27 11:23:50 INFO GET /api/health 200 990
2026-08-27 11:23:51 INFO POST /api/logout 200 912
2026-08-27 11:23:54 INFO DELETE /api/users/748 200 1406
2026-08-27 11:23:57 INFO GET /api/health 200 319
2026-08-27 11:23:58 INFO PUT /api/products/335 200 688
2026-08-27 11:24:01 INFO POST /api/orders 200 86
2026-08-27 11:24:02 WARNING DELETE /api/users/784 404 2360
2026-08-27 11:24:03 WARNING GET /api/users 404 2406
2026-08-27 11:24:04 INFO POST /api/logout 200 578
2026-08-27 11:24:07 INFO POST /api/login 200 489
2026-08-27 11:24:08 INFO PUT /api/products/16 200 178
2026-08-27 11:24:09 INFO POST /api/login 201 803
2026-08-27 11:24:11 WARNING GET /api/orders 429 307
2026-08-27 11:24:14 INFO POST /api/logout 200 764
2026-08-27 11:24:15 INFO POST /api/login 200 373
2026-08-27 11:24:16 INFO PUT /api/products/670 200 1386
2026-08-27 11:24:18 INFO PUT /api/products/102 200 763
2026-08-27 11:24:21 INFO GET /api/users 200 276
2026-08-27 11:24:23 INFO POST /api/orders 200 1118
2026-08-27 11:24:25 INFO GET /api/products 200 1320
2026-08-27 11:24:26 INFO POST /api/logout 200 528
2026-08-27 11:24:27 INFO PUT /api/products/941 200 146
2026-08-27 11:24:28 INFO GET /api/health 200 1324
2026-08-27 11:24:29 INFO GET /api/orders 200 1499
2026-08-27 11:24:30 INFO GET /api/products 200 317
2026-08-27 11:24:31 INFO GET /api/health 200 1158
2026-08-27 11:24:32 INFO DELETE /api/users/736 200 1480
2026-08-27 11:24:34 WARNING POST /api/logout 404 1633
2026-08-27 11:24:35 INFO DELETE /api/users/863 200 1317
2026-08-27 11:24:38 INFO POST /api/logout 200 1499
2026-08-27 11:24:39 INFO PUT /api/products/855 200 1079
2026-08-27 11:24:42 WARNING POST /api/orders 400 1917
2026-08-27 11:24:43 INFO GET /api/orders 200 358
2026-08-27 11:24:46 INFO DELETE /api/users/488 200 690
2026-08-27 11:24:47 ERROR GET /api/users 500 1631
2026-08-27 11:24:49 INFO GET /api/users/173 200 253
2026-08-27 11:24:51 INFO POST /api/logout 200 1114
2026-08-27 11:24:52 INFO DELETE /api/users/361 200 1021
2026-08-27 11:24:55 ERROR POST /api/login 503 1969
2026-08-27 11:24:56 ERROR GET /api/users 500 675
2026-08-27 11:24:57 INFO PUT /api/products/710 200 620
2026-08-27 11:24:59 ERROR PUT /api/products/482 500 1940
2026-08-27 11:25:00 INFO POST /api/login 200 892
2026-08-27 11:25:01 ERROR GET /api/orders 503 1035
2026-08-27 11:25:02 INFO GET /api/health 201 1060
2026-08-27 11:25:03 INFO POST /api/logout 200 170
2026-08-27 11:25:04 INFO GET /api/products 200 1368
2026-08-27 11:25:06 WARNING POST /api/orders 429 815
2026-08-27 11:25:08 WARNING GET /api/users 404 619
2026-08-27 11:25:09 WARNING PUT /api/products/299 404 1210
2026-08-27 11:25:11 INFO GET /api/health 200 585
2026-08-27 11:25:12 INFO GET /api/users/383 200 1450
2026-08-27 11:25:13 INFO GET /api/products 200 484
2026-08-27 11:25:16 INFO PUT /api/products/628 200 1365
2026-08-27 11:25:17 ERROR POST /api/orders 500 2366
2026-08-27 11:25:18 INFO POST /api/login 200 190
2026-08-27 11:25:21 INFO GET /api/products 200 382
2026-08-27 11:25:22 WARNING GET /api/health 400 887
2026-08-27 11:25:23 INFO DELETE /api/users/830 200 839
2026-08-27 11:25:26 INFO GET /api/health 200 497
2026-08-27 11:25:27 INFO PUT /api/products/637 200 90
2026-08-27 11:25:30 INFO POST /api/login 200 1376
2026-08-27 11:25:33 INFO GET /api/users/239 200 989
2026-08-27 11:25:35 INFO GET /api/products 200 104
2026-08-27 11:25:36 INFO DELETE /api/users/58 200 806
2026-08-27 11:25:37 INFO POST /api/logout 201 501
2026-08-27 11:25:38 INFO GET /api/users/185 200 1442
2026-08-27 11:25:40 INFO GET /api/users/188 200 355
2026-08-27 11:25:43 INFO POST /api/orders 200 1140
2026-08-27 11:25:46 INFO GET /api/health 200 151
2026-08-27 11:25:49 INFO POST /api/logout 200 1222
2026-08-27 11:25:50 WARNING POST /api/logout 401 2445
2026-08-27 11:25:52 INFO GET /api/users 200 175
2026-08-27 11:25:53 INFO POST /api/login 201 1479
2026-08-27 11:25:54 WARNING GET /api/products 429 467
2026-08-27 11:25:55 INFO GET /api/users/616 200 879
2026-08-27 11:25:56 INFO POST /api/logout 201 1261
2026-08-27 11:25:59 INFO GET /api/users/408 200 1180
2026-08-27 11:26:02 WARNING DELETE /api/users/284 404 316
2026-08-27 11:26:03 INFO POST /api/orders 200 753
2026-08-27 11:26:04 WARNING POST /api/logout 401 2023
2026-08-27 11:26:07 INFO DELETE /api/users/23 200 1004
2026-08-27 11:26:09 INFO GET /api/users/695 200 606
2026-08-27 11:26:10 INFO DELETE /api/users/496 200 1296
2026-08-27 11:26:12 WARNING GET /api/products 404 1897
2026-08-27 11:26:15 INFO GET /api/health 200 1139
2026-08-27 11:26:17 WARNING GET /api/users/332 400 593
2026-08-27 11:26:19 INFO GET /api/users 200 732
2026-08-27 11:26:20 INFO POST /api/orders 200 1110
2026-08-27 11:26:22 INFO POST /api/logout 200 920
2026-08-27 11:26:25 INFO POST /api/logout 200 545
2026-08-27 11:26:27 INFO GET /api/users 200 134
2026-08-27 11:26:28 INFO POST /api/orders 200 724
2026-08-27 11:26:29 WARNING GET /api/orders 429 1708
2026-08-27 11:26:32 WARNING GET /api/orders 400 964
2026-08-27 11:26:33 INFO POST /api/login 200 938
2026-08-27 11:26:35 INFO POST /api/login 200 564
2026-08-27 11:26:36 INFO GET /api/products 200 652
2026-08-27 11:26:39 WARNING POST /api/orders 429 1576
2026-08-27 11:26:40 INFO GET /api/orders 200 573
2026-08-27 11:26:41 INFO GET /api/users/297 200 565
2026-08-27 11:26:42 INFO GET /api/orders 200 315
2026-08-27 11:26:45 INFO GET /api/orders 200 1437
2026-08-27 11:26:48 WARNING GET /api/orders 401 1576
2026-08-27 11:26:49 INFO POST /api/login 200 519
2026-08-27 11:26:50 INFO GET /api/orders 200 158
2026-08-27 11:26:51 WARNING GET /api/users/945 404 643
2026-08-27 11:26:52 INFO GET /api/health 200 1001
2026-08-27 11:26:54 INFO GET /api/users 200 311
2026-08-27 11:26:56 INFO POST /api/orders 200 145
2026-08-27 11:26:57 ERROR GET /api/health 500 2440
2026-08-27 11:26:58 INFO PUT /api/products/551 201 869
2026-08-27 11:26:59 INFO GET /api/health 200 932
2026-08-27 11:27:00 INFO GET /api/users/347 200 825
2026-08-27 11:27:01 INFO GET /api/users 200 462
2026-08-27 11:27:04 WARNING DELETE /api/users/71 429 2225
2026-08-27 11:27:05 INFO DELETE /api/users/822 200 1465
2026-08-27 11:27:06 INFO GET /api/health 200 984
2026-08-27 11:27:08 INFO DELETE /api/users/883 200 1145
2026-08-27 11:27:10 INFO PUT /api/products/4 200 544
2026-08-27 11:27:11 INFO GET /api/users 200 1106
2026-08-27 11:27:12 INFO GET /api/health 200 1104
2026-08-27 11:27:14 INFO DELETE /api/users/431 200 1209
2026-08-27 11:27:17 WARNING GET /api/products 404 829
2026-08-27 11:27:18 INFO PUT /api/products/994 200 1428
2026-08-27 11:27:19 INFO GET /api/orders 200 822
2026-08-27 11:27:21 INFO GET /api/products 201 1105
2026-08-27 11:27:24 INFO GET /api/users/881 200 1466
2026-08-27 11:27:27 INFO POST /api/logout 200 1372
2026-08-27 11:27:30 WARNING DELETE /api/users/555 429 474
2026-08-27 11:27:31 INFO GET /api/users/770 201 1077
2026-08-27 11:27:34 INFO PUT /api/products/898 200 802
2026-08-27 11:27:36 INFO GET /api/health 200 1093
2026-08-27 11:27:37 INFO GET /api/products 200 810
2026-08-27 11:27:38 WARNING GET /api/health 401 1160
2026-08-27 11:27:41 INFO POST /api/logout 200 1389
2026-08-27 11:27:42 INFO GET /api/users/586 200 706
2026-08-27 11:27:44 ERROR GET /api/orders 503 1880
2026-08-27 11:27:45 WARNING GET /api/health 404 541
2026-08-27 11:27:46 INFO GET /api/products 200 864
2026-08-27 11:27:48 INFO GET /api/orders 200 542
2026-08-27 11:27:49 INFO GET /api/health 200 829
2026-08-27 11:27:50 INFO POST /api/login 200 1069
2026-08-27 11:27:51 INFO GET /api/products 200 678
2026-08-27 11:27:52 WARNING PUT /api/products/660 401 1303
2026-08-27 11:27:53 INFO GET /api/products 200 860
2026-08-27 11:27:54 INFO GET /api/users 200 1252
2026-08-27 11:27:55 INFO GET /api/products 200 1441
2026-08-27 11:27:57 WARNING POST /api/login 429 2150
2026-08-27 11:27:58 INFO GET /api/users 200 1353
2026-08-27 11:28:00 WARNING PUT /api/products/504 429 860
2026-08-27 11:28:01 INFO POST /api/login 200 527
2026-08-27 11:28:03 INFO GET /api/health 200 747
2026-08-27 11:28:04 INFO GET /api/orders 200 1019
2026-08-27 11:28:07 WARNING DELETE /api/users/204 404 2023
2026-08-27 11:28:09 INFO GET /api/users 200 1298
2026-08-27 11:28:11 INFO PUT /api/products/44 200 221
2026-08-27 11:28:12 INFO POST /api/login 200 516
2026-08-27 11:28:15 INFO GET /api/users/332 200 965
2026-08-27 11:28:16 INFO GET /api/users 200 1430
2026-08-27 11:28:17 INFO POST /api/logout 200 813
2026-08-27 11:28:18 INFO PUT /api/products/493 200 310
2026-08-27 11:28:21 INFO GET /api/users 200 702
2026-08-27 11:28:23 WARNING POST /api/login 401 614
2026-08-27 11:28:26 INFO POST /api/logout 200 1043
2026-08-27 11:28:27 INFO POST /api/logout 200 377
2026-08-27 11:28:28 INFO POST /api/login 200 44
2026-08-27 11:28:29 INFO GET /api/orders 200 232
2026-08-27 11:28:30 INFO POST /api/orders 200 122
2026-08-27 11:28:31 WARNING GET /api/orders 404 2441
2026-08-27 11:28:32 ERROR GET /api/users/268 500 2147
2026-08-27 11:28:34 INFO GET /api/health 200 501
2026-08-27 11:28:37 INFO GET /api/users/22 200 227
2026-08-27 11:28:38 ERROR POST /api/logout 500 796
2026-08-27 11:28:39 INFO PUT /api/products/358 200 1022
2026-08-27 11:28:40 INFO GET /api/health 200 428
2026-08-27 11:28:41 WARNING GET /api/users 404 340
2026-08-27 11:28:42 INFO PUT /api/products/270 200 115
2026-08-27 11:28:43 INFO POST /api/orders 200 792
2026-08-27 11:28:44 INFO PUT /api/products/108 200 336
2026-08-27 11:28:45 INFO DELETE /api/users/583 200 716
2026-08-27 11:28:46 INFO GET /api/health 200 1041
2026-08-27 11:28:47 WARNING DELETE /api/users/425 401 446
2026-08-27 11:28:48 INFO GET /api/products 200 363
2026-08-27 11:28:49 INFO GET /api/orders 200 117
2026-08-27 11:28:51 INFO POST /api/logout 200 1288
2026-08-27 11:28:52 INFO GET /api/users 200 524
2026-08-27 11:28:53 INFO GET /api/products 200 332
2026-08-27 11:28:54 WARNING POST /api/login 404 2426
2026-08-27 11:28:55 INFO DELETE /api/users/214 200 964
2026-08-27 11:28:56 INFO GET /api/users 200 1250
2026-08-27 11:28:57 WARNING GET /api/health 400 571
2026-08-27 11:28:58 INFO GET /api/products 200 1093
2026-08-27 11:29:01 INFO DELETE /api/users/542 200 329
2026-08-27 11:29:03 INFO PUT /api/products/108 200 468
2026-08-27 11:29:04 WARNING GET /api/products 404 797
2026-08-27 11:29:05 INFO GET /api/products 200 879
2026-08-27 11:29:07 INFO POST /api/orders 200 1392
2026-08-27 11:29:08 INFO PUT /api/products/254 200 952
2026-08-27 11:29:10 INFO POST /api/logout 200 792
2026-08-27 11:29:12 INFO POST /api/login 200 268
2026-08-27 11:29:13 INFO GET /api/users 200 799
2026-08-27 11:29:16 INFO POST /api/login 200 274
2026-08-27 11:29:17 INFO GET /api/health 200 747
2026-08-27 11:29:19 ERROR GET /api/users 500 1407
2026-08-27 11:29:20 INFO GET /api/users 200 428
2026-08-27 11:29:21 ERROR POST /api/orders 503 367
2026-08-27 11:29:23 INFO GET /api/users 200 668
2026-08-27 11:29:24 INFO GET /api/users/224 200 177
2026-08-27 11:29:26 INFO GET /api/users 200 1255
2026-08-27 11:29:27 WARNING GET /api/products 429 1090
2026-08-27 11:29:29 WARNING PUT /api/products/820 429 1910
2026-08-27 11:29:32 INFO GET /api/health 200 674
2026-08-27 11:29:33 INFO POST /api/logout 200 1181
2026-08-27 11:29:34 INFO GET /api/users/882 200 964
2026-08-27 11:29:35 WARNING POST /api/orders 404 1991
2026-08-27 11:29:36 INFO GET /api/orders 200 887
2026-08-27 11:29:38 INFO PUT /api/products/480 200 1082
2026-08-27 11:29:41 INFO POST /api/login 200 1197
2026-08-27 11:29:43 INFO GET /api/users/404 200 988
2026-08-27 11:29:46 INFO GET /api/products 200 326
2026-08-27 11:29:47 WARNING GET /api/users/278 401 696
2026-08-27 11:29:49 INFO PUT /api/products/39 200 657
2026-08-27 11:29:51 INFO DELETE /api/users/92 200 211
2026-08-27 11:29:53 INFO GET /api/orders 200 963
2026-08-27 11:29:55 INFO DELETE /api/users/503 200 793
2026-08-27 11:29:56 INFO GET /api/users 200 493
2026-08-27 11:29:57 INFO GET /api/health 200 1024
2026-08-27 11:29:58 INFO GET /api/orders 200 964
2026-08-27 11:30:01 INFO GET /api/products 200 205
2026-08-27 11:30:04 INFO DELETE /api/users/604 200 1141
2026-08-27 11:30:06 WARNING DELETE /api/users/161 404 2206
2026-08-27 11:30:07 INFO GET /api/products 200 955
2026-08-27 11:30:10 INFO GET /api/users/882 200 140
2026-08-27 11:30:11 INFO GET /api/health 200 1103
2026-08-27 11:30:12 INFO POST /api/login 200 437
2026-08-27 11:30:14 WARNING POST /api/logout 400 600
2026-08-27 11:30:15 INFO POST /api/logout 200 1272
2026-08-27 11:30:16 INFO POST /api/login 200 981
2026-08-27 11:30:17 INFO DELETE /api/users/389 200 708
2026-08-27 11:30:19 INFO DELETE /api/users/132 200 949
2026-08-27 11:30:20 INFO POST /api/login 200 1484
2026-08-27 11:30:21 INFO GET /api/products 200 212
2026-08-27 11:30:24 ERROR POST /api/login 503 598
2026-08-27 11:30:25 INFO POST /api/login 201 1011
2026-08-27 11:30:26 ERROR GET /api/health 503 2339
2026-08-27 11:30:28 WARNING GET /api/products 404 1273
2026-08-27 11:30:31 ERROR GET /api/orders 500 806
2026-08-27 11:30:33 WARNING DELETE /api/users/840 429 1995
2026-08-27 11:30:35 INFO GET /api/health 200 1303
2026-08-27 11:30:38 INFO GET /api/products 200 806
2026-08-27 11:30:39 INFO PUT /api/products/171 200 98
2026-08-27 11:30:42 INFO POST /api/login 200 718
2026-08-27 11:30:43 INFO GET /api/products 200 1103
2026-08-27 11:30:44 INFO GET /api/products 200 1385
2026-08-27 11:30:46 INFO PUT /api/products/364 200 1188
2026-08-27 11:30:47 INFO GET /api/products 200 166
2026-08-27 11:30:48 INFO PUT /api/products/981 200 1436
2026-08-27 11:30:49 WARNING PUT /api/products/154 400 1042
2026-08-27 11:30:50 INFO GET /api/products 200 1032
2026-08-27 11:30:52 INFO POST /api/logout 200 413
2026-08-27 11:30:55 INFO GET /api/products 200 1447
2026-08-27 11:30:56 WARNING GET /api/health 404 1909
2026-08-27 11:30:57 INFO GET /api/products 200 1346
2026-08-27 11:30:58 INFO GET /api/users 200 879
2026-08-27 11:30:59 INFO GET /api/users/75 200 1232
2026-08-27 11:31:00 INFO POST /api/logout 200 1397
2026-08-27 11:31:02 WARNING DELETE /api/users/165 400 2005
2026-08-27 11:31:03 INFO POST /api/orders 200 1102
2026-08-27 11:31:04 INFO POST /api/orders 200 755
2026-08-27 11:31:06 INFO GET /api/orders 200 1395
2026-08-27 11:31:08 INFO GET /api/orders 200 1173
2026-08-27 11:31:10 INFO GET /api/products 200 437
2026-08-27 11:31:11 WARNING DELETE /api/users/375 429 596
2026-08-27 11:31:13 INFO GET /api/users 200 1348
2026-08-27 11:31:16 WARNING POST /api/login 400 1147
2026-08-27 11:31:18 INFO PUT /api/products/338 201 875
2026-08-27 11:31:21 INFO POST /api/orders 200 65
2026-08-27 11:31:24 INFO GET /api/orders 200 1335
2026-08-27 11:31:26 ERROR GET /api/users/168 503 751
2026-08-27 11:31:27 WARNING GET /api/orders 400 918
2026-08-27 11:31:29 INFO GET /api/health 200 168
2026-08-27 11:31:30 ERROR GET /api/orders 503 730
2026-08-27 11:31:32 INFO DELETE /api/users/823 201 1476
2026-08-27 11:31:33 ERROR GET /api/products 500 305
2026-08-27 11:31:34 INFO POST /api/login 200 744
2026-08-27 11:31:35 INFO GET /api/products 200 738
2026-08-27 11:31:38 INFO GET /api/users/847 200 213
2026-08-27 11:31:39 INFO GET /api/products 200 843
2026-08-27 11:31:41 INFO POST /api/orders 200 433
2026-08-27 11:31:42 WARNING DELETE /api/users/380 400 401
2026-08-27 11:31:43 INFO GET /api/orders 200 1082
2026-08-27 11:31:44 INFO GET /api/health 200 1240
2026-08-27 11:31:46 INFO DELETE /api/users/724 200 1057
2026-08-27 11:31:47 INFO GET /api/orders 200 474
2026-08-27 11:31:48 INFO GET /api/products 200 89
2026-08-27 11:31:49 ERROR GET /api/users/845 500 444
2026-08-27 11:31:52 ERROR GET /api/users 503 2433
2026-08-27 11:31:55 WARNING DELETE /api/users/900 429 2232
2026-08-27 11:31:58 ERROR POST /api/orders 503 630
2026-08-27 11:31:59 WARNING POST /api/orders 400 2377
2026-08-27 11:32:00 INFO GET /api/products 200 673
2026-08-27 11:32:03 WARNING GET /api/health 404 1721
2026-08-27 11:32:06 INFO DELETE /api/users/100 200 868
2026-08-27 11:32:07 INFO POST /api/orders 200 65
2026-08-27 11:32:08 ERROR DELETE /api/users/631 503 954
2026-08-27 11:32:09 INFO GET /api/health 200 160
2026-08-27 11:32:10 INFO GET /api/products 200 587
2026-08-27 11:32:11 INFO GET /api/health 200 1191
2026-08-27 11:32:12 ERROR POST /api/logout 503 1975
2026-08-27 11:32:15 INFO POST /api/login 200 753
2026-08-27 11:32:18 INFO POST /api/login 200 1446
2026-08-27 11:32:19 INFO GET /api/orders 200 480
2026-08-27 11:32:20 INFO POST /api/login 200 249
2026-08-27 11:32:21 WARNING GET /api/users 401 2240
2026-08-27 11:32:22 INFO GET /api/users/481 200 480
2026-08-27 11:32:25 INFO PUT /api/products/313 200 110
2026-08-27 11:32:26 INFO DELETE /api/users/184 200 937
2026-08-27 11:32:28 INFO POST /api/logout 200 659
2026-08-27 11:32:29 WARNING POST /api/logout 400 421
2026-08-27 11:32:30 INFO POST /api/orders 200 1046
2026-08-27 11:32:31 WARNING POST /api/login 400 418
2026-08-27 11:32:32 INFO PUT /api/products/264 200 73
2026-08-27 11:32:33 INFO PUT /api/products/727 200 1116
2026-08-27 11:32:34 INFO GET /api/orders 200 1165
2026-08-27 11:32:35 INFO GET /api/products 200 1003
2026-08-27 11:32:36 INFO GET /api/health 200 439
2026-08-27 11:32:39 WARNING GET /api/users 401 1593
2026-08-27 11:32:40 WARNING POST /api/login 404 1951
2026-08-27 11:32:41 INFO GET /api/health 200 1458
2026-08-27 11:32:42 INFO GET /api/products 200 151
2026-08-27 11:32:43 INFO GET /api/orders 200 1474
2026-08-27 11:32:44 INFO GET /api/products 200 1228
2026-08-27 11:32:47 INFO PUT /api/products/894 200 862
2026-08-27 11:32:48 INFO GET /api/orders 200 152
2026-08-27 11:32:49 INFO PUT /api/products/561 200 155
2026-08-27 11:32:52 INFO POST /api/orders 200 198
2026-08-27 11:32:53 WARNING POST /api/logout 400 1795
2026-08-27 11:32:54 INFO POST /api/login 200 627
2026-08-27 11:32:55 INFO POST /api/orders 200 506
2026-08-27 11:32:56 INFO POST /api/login 200 87
2026-08-27 11:32:58 INFO GET /api/products 200 264
2026-08-27 11:32:59 INFO GET /api/products 200 1098
2026-08-27 11:33:01 INFO POST /api/orders 200 1047
2026-08-27 11:33:02 INFO POST /api/logout 200 625
2026-08-27 11:33:04 INFO GET /api/orders 200 953
2026-08-27 11:33:05 INFO POST /api/logout 200 1442
2026-08-27 11:33:06 INFO DELETE /api/users/538 201 571
2026-08-27 11:33:07 INFO DELETE /api/users/956 200 853
2026-08-27 11:33:09 INFO PUT /api/products/279 200 402
2026-08-27 11:33:11 INFO GET /api/users 200 947
2026-08-27 11:33:12 INFO DELETE /api/users/17 200 1484
2026-08-27 11:33:13 INFO POST /api/logout 200 360
2026-08-27 11:33:14 INFO GET /api/health 201 1465
2026-08-27 11:33:15 INFO POST /api/orders 200 1009
2026-08-27 11:33:16 WARNING GET /api/health 429 2059
2026-08-27 11:33:19 WARNING POST /api/logout 404 1566
2026-08-27 11:33:20 INFO POST /api/login 200 385
2026-08-27 11:33:21 INFO GET /api/health 200 522
2026-08-27 11:33:23 INFO POST /api/orders 200 310
2026-08-27 11:33:24 INFO PUT /api/products/480 200 949
2026-08-27 11:33:25 INFO GET /api/orders 200 771
2026-08-27 11:33:28 INFO GET /api/users/383 200 262
2026-08-27 11:33:30 ERROR POST /api/login 503 1502
2026-08-27 11:33:31 INFO POST /api/login 200 936
2026-08-27 11:33:32 INFO PUT /api/products/379 200 346
2026-08-27 11:33:33 INFO GET /api/orders 200 127
2026-08-27 11:33:34 INFO POST /api/orders 200 490
2026-08-27 11:33:36 INFO POST /api/login 200 1136
2026-08-27 11:33:37 WARNING POST /api/logout 401 2197
2026-08-27 11:33:38 INFO GET /api/users 200 1183
2026-08-27 11:33:41 INFO GET /api/products 200 137
2026-08-27 11:33:43 INFO GET /api/users/905 200 1455
2026-08-27 11:33:46 INFO DELETE /api/users/807 200 206
2026-08-27 11:33:47 INFO GET /api/users/410 200 1115
2026-08-27 11:33:48 INFO GET /api/products 200 1138
2026-08-27 11:33:49 INFO POST /api/logout 200 959
2026-08-27 11:33:50 INFO PUT /api/products/466 200 295
2026-08-27 11:33:52 WARNING GET /api/users 400 681
2026-08-27 11:33:55 INFO PUT /api/products/791 200 1062
2026-08-27 11:33:56 WARNING GET /api/users/961 404 702
2026-08-27 11:33:57 INFO GET /api/orders 200 890
2026-08-27 11:33:59 ERROR PUT /api/products/599 500 2105
2026-08-27 11:34:00 INFO GET /api/orders 200 1024
2026-08-27 11:34:01 INFO GET /api/orders 200 717
2026-08-27 11:34:02 INFO GET /api/health 200 630
2026-08-27 11:34:03 WARNING GET /api/users 401 1602
2026-08-27 11:34:04 WARNING GET /api/users/997 401 603
2026-08-27 11:34:07 INFO GET /api/health 200 370
2026-08-27 11:34:08 INFO GET /api/products 200 1023
2026-08-27 11:34:09 INFO POST /api/login 200 387
2026-08-27 11:34:10 ERROR GET /api/health 500 2134
2026-08-27 11:34:11 INFO POST /api/logout 200 845
2026-08-27 11:34:13 INFO POST /api/login 200 367
2026-08-27 11:34:14 INFO GET /api/products 200 1374
2026-08-27 11:34:15 INFO DELETE /api/users/991 200 188
2026-08-27 11:34:16 INFO POST /api/logout 200 117
2026-08-27 11:34:17 INFO GET /api/health 200 1155
2026-08-27 11:34:18 INFO PUT /api/products/704 200 1250
2026-08-27 11:34:19 INFO POST /api/orders 200 578
2026-08-27 11:34:20 INFO GET /api/users 200 756
2026-08-27 11:34:22 INFO GET /api/orders 200 1360
2026-08-27 11:34:25 INFO POST /api/logout 200 472
2026-08-27 11:34:28 INFO GET /api/products 200 709
2026-08-27 11:34:31 INFO DELETE /api/users/221 200 751
2026-08-27 11:34:32 INFO GET /api/health 200 1207
2026-08-27 11:34:35 WARNING GET /api/orders 429 2262
2026-08-27 11:34:36 INFO POST /api/login 200 1408
2026-08-27 11:34:38 INFO POST /api/logout 200 1114
2026-08-27 11:34:39 INFO DELETE /api/users/300 200 354
2026-08-27 11:34:40 ERROR GET /api/orders 503 1765
2026-08-27 11:34:41 INFO GET /api/products 200 1273
2026-08-27 11:34:42 INFO POST /api/orders 200 865
2026-08-27 11:34:43 INFO DELETE /api/users/354 200 395
2026-08-27 11:34:44 INFO GET /api/users 200 1050
2026-08-27 11:34:47 INFO POST /api/logout 200 1348
2026-08-27 11:34:50 INFO DELETE /api/users/785 200 1070
2026-08-27 11:34:52 INFO PUT /api/products/299 200 544
2026-08-27 11:34:53 INFO POST /api/logout 200 1477
2026-08-27 11:34:56 ERROR POST /api/logout 500 1744
2026-08-27 11:34:59 INFO GET /api/users 200 279
2026-08-27 11:35:00 INFO POST /api/logout 200 972
2026-08-27 11:35:01 INFO GET /api/products 200 597
2026-08-27 11:35:04 INFO GET /api/health 200 1241
2026-08-27 11:35:05 INFO GET /api/products 200 648
2026-08-27 11:35:08 WARNING DELETE /api/users/259 429 858
2026-08-27 11:35:11 INFO GET /api/users/402 200 514
2026-08-27 11:35:14 WARNING DELETE /api/users/843 404 1607
2026-08-27 11:35:15 WARNING POST /api/orders 404 1301
2026-08-27 11:35:17 INFO POST /api/orders 200 439
2026-08-27 11:35:18 INFO PUT /api/products/865 200 788
2026-08-27 11:35:19 INFO GET /api/users/117 200 1185
2026-08-27 11:35:20 INFO POST /api/login 200 100
2026-08-27 11:35:21 INFO PUT /api/products/204 200 980
2026-08-27 11:35:23 ERROR GET /api/products 500 528
2026-08-27 11:35:26 INFO GET /api/users/248 200 588
2026-08-27 11:35:28 INFO GET /api/users/878 200 769
2026-08-27 11:35:30 INFO GET /api/orders 200 49
2026-08-27 11:35:31 INFO POST /api/orders 200 1179
2026-08-27 11:35:33 INFO GET /api/users 200 824
2026-08-27 11:35:35 INFO GET /api/users 200 214
2026-08-27 11:35:36 INFO GET /api/orders 200 829
2026-08-27 11:35:37 INFO GET /api/users/525 200 321
2026-08-27 11:35:39 INFO GET /api/orders 200 937
2026-08-27 11:35:41 INFO DELETE /api/users/211 200 382
2026-08-27 11:35:42 INFO GET /api/products 200 1229
2026-08-27 11:35:45 INFO DELETE /api/users/526 200 1028
2026-08-27 11:35:46 INFO GET /api/users 200 339
2026-08-27 11:35:48 INFO PUT /api/products/562 200 1465
2026-08-27 11:35:51 INFO PUT /api/products/692 200 951
2026-08-27 11:35:52 INFO GET /api/users 200 397
2026-08-27 11:35:55 INFO DELETE /api/users/828 200 1109
2026-08-27 11:35:58 INFO GET /api/products 200 1447
2026-08-27 11:36:01 INFO DELETE /api/users/859 200 905
2026-08-27 11:36:04 INFO GET /api/health 200 1198
2026-08-27 11:36:05 INFO GET /api/users/161 200 1003
2026-08-27 11:36:07 INFO POST /api/login 200 744
2026-08-27 11:36:10 INFO GET /api/health 200 809
2026-08-27 11:36:13 WARNING GET /api/products 400 2233
2026-08-27 11:36:14 WARNING POST /api/logout 400 528
2026-08-27 11:36:15 INFO GET /api/health 200 1038
2026-08-27 11:36:17 WARNING PUT /api/products/713 401 833
2026-08-27 11:36:18 INFO GET /api/products 200 613
2026-08-27 11:36:19 INFO DELETE /api/users/852 200 1092
2026-08-27 11:36:20 INFO POST /api/login 200 260
2026-08-27 11:36:21 INFO GET /api/orders 200 716
2026-08-27 11:36:24 INFO GET /api/users 200 682
2026-08-27 11:36:25 INFO GET /api/health 200 627
2026-08-27 11:36:26 ERROR DELETE /api/users/270 503 2114
2026-08-27 11:36:27 INFO POST /api/login 200 137
2026-08-27 11:36:28 INFO GET /api/products 200 163
2026-08-27 11:36:29 WARNING GET /api/health 400 557
2026-08-27 11:36:32 WARNING GET /api/users/397 404 1602
2026-08-27 11:36:35 INFO GET /api/health 200 171
2026-08-27 11:36:38 WARNING GET /api/users 400 1020
2026-08-27 11:36:41 INFO GET /api/products 200 673
2026-08-27 11:36:42 INFO DELETE /api/users/697 200 1399
2026-08-27 11:36:43 WARNING GET /api/health 400 771
2026-08-27 11:36:44 INFO GET /api/users/601 200 1380
2026-08-27 11:36:47 INFO GET /api/users 200 973
2026-08-27 11:36:50 INFO DELETE /api/users/274 200 1216
2026-08-27 11:36:51 WARNING POST /api/orders 400 627
2026-08-27 11:36:52 INFO PUT /api/products/593 200 720
2026-08-27 11:36:55 WARNING PUT /api/products/378 400 381
2026-08-27 11:36:57 INFO GET /api/users 200 1218
2026-08-27 11:36:59 INFO GET /api/users/927 200 1380
2026-08-27 11:37:00 INFO POST /api/logout 200 368
2026-08-27 11:37:01 INFO DELETE /api/users/184 200 337
2026-08-27 11:37:02 INFO GET /api/users 200 803
2026-08-27 11:37:03 WARNING POST /api/login 401 590
2026-08-27 11:37:05 INFO PUT /api/products/381 200 1269
2026-08-27 11:37:06 INFO GET /api/health 200 618
2026-08-27 11:37:07 INFO DELETE /api/users/970 200 1084
2026-08-27 11:37:08 INFO GET /api/users/485 200 195
2026-08-27 11:37:09 INFO PUT /api/products/757 200 63
2026-08-27 11:37:12 INFO GET /api/users 200 708
2026-08-27 11:37:13 INFO PUT /api/products/553 200 533
2026-08-27 11:37:14 INFO GET /api/products 200 883
2026-08-27 11:37:17 INFO GET /api/orders 200 1300
2026-08-27 11:37:18 INFO GET /api/products 200 1409
2026-08-27 11:37:19 INFO POST /api/orders 200 205
2026-08-27 11:37:21 ERROR GET /api/products 503 601
2026-08-27 11:37:22 INFO POST /api/login 200 1113
2026-08-27 11:37:25 INFO PUT /api/products/208 200 1221
2026-08-27 11:37:28 ERROR POST /api/orders 500 2300
2026-08-27 11:37:29 WARNING POST /api/logout 400 580
2026-08-27 11:37:30 INFO GET /api/health 200 860
2026-08-27 11:37:31 INFO GET /api/health 200 1362
2026-08-27 11:37:34 INFO GET /api/users/591 200 686
2026-08-27 11:37:36 INFO GET /api/orders 200 910
2026-08-27 11:37:38 INFO GET /api/users 200 582
2026-08-27 11:37:40 WARNING GET /api/products 404 2215
2026-08-27 11:37:41 WARNING POST /api/logout 404 1095
2026-08-27 11:37:42 INFO GET /api/health 200 644
2026-08-27 11:37:43 INFO GET /api/products 200 684
2026-08-27 11:37:44 INFO POST /api/login 200 547
2026-08-27 11:37:46 INFO GET /api/products 200 1318
2026-08-27 11:37:48 WARNING GET /api/users/680 400 2386
2026-08-27 11:37:49 WARNING POST /api/logout 400 1719
2026-08-27 11:37:52 INFO DELETE /api/users/162 200 1254
2026-08-27 11:37:53 WARNING GET /api/health 401 1997
2026-08-27 11:37:56 WARNING POST /api/logout 429 990
2026-08-27 11:37:58 WARNING GET /api/orders 400 438
2026-08-27 11:37:59 INFO GET /api/health 200 912
2026-08-27 11:38:00 INFO GET /api/orders 200 990
2026-08-27 11:38:01 INFO DELETE /api/users/365 200 1167
2026-08-27 11:38:02 INFO GET /api/health 200 217
2026-08-27 11:38:03 INFO GET /api/products 200 895
2026-08-27 11:38:04 INFO DELETE /api/users/762 200 277
2026-08-27 11:38:05 WARNING GET /api/products 429 864
2026-08-27 11:38:07 INFO GET /api/health 200 688
2026-08-27 11:38:08 INFO POST /api/logout 200 896
2026-08-27 11:38:10 INFO DELETE /api/users/738 200 328
2026-08-27 11:38:12 INFO GET /api/users 200 249
2026-08-27 11:38:13 INFO GET /api/health 200 1155
2026-08-27 11:38:15 INFO DELETE /api/users/518 200 795
2026-08-27 11:38:16 INFO GET /api/products 200 910
2026-08-27 11:38:17 WARNING GET /api/users 400 1385
2026-08-27 11:38:18 INFO POST /api/logout 200 1310
2026-08-27 11:38:21 ERROR POST /api/logout 500 2322
2026-08-27 11:38:22 INFO GET /api/products 200 228
2026-08-27 11:38:23 INFO DELETE /api/users/944 200 464
2026-08-27 11:38:24 INFO POST /api/logout 200 844
2026-08-27 11:38:27 INFO GET /api/products 200 830
2026-08-27 11:38:28 INFO POST /api/login 200 1371
2026-08-27 11:38:29 WARNING GET /api/users 404 575
2026-08-27 11:38:30 INFO GET /api/products 200 59
2026-08-27 11:38:31 INFO PUT /api/products/463 200 814
2026-08-27 11:38:32 ERROR GET /api/health 500 1041
2026-08-27 11:38:33 INFO POST /api/login 200 456
2026-08-27 11:38:36 INFO GET /api/products 200 318
2026-08-27 11:38:38 INFO GET /api/users 200 949
2026-08-27 11:38:39 WARNING GET /api/orders 400 1901
2026-08-27 11:38:40 WARNING GET /api/users 401 1628
2026-08-27 11:38:42 WARNING POST /api/orders 404 1382
2026-08-27 11:38:43 INFO GET /api/orders 200 314
2026-08-27 11:38:44 INFO DELETE /api/users/264 200 1024
2026-08-27 11:38:45 ERROR POST /api/login 503 558
2026-08-27 11:38:48 WARNING PUT /api/products/505 401 1388
2026-08-27 11:38:49 WARNING POST /api/orders 404 1882
2026-08-27 11:38:50 INFO POST /api/logout 201 162
2026-08-27 11:38:51 INFO GET /api/users/807 200 1478
2026-08-27 11:38:52 INFO GET /api/users/321 200 440
2026-08-27 11:38:53 INFO DELETE /api/users/653 200 596
2026-08-27 11:38:55 WARNING GET /api/users 404 735
2026-08-27 11:38:56 INFO GET /api/users 200 291
2026-08-27 11:38:57 INFO DELETE /api/users/712 200 760
2026-08-27 11:38:58 INFO POST /api/logout 200 341
2026-08-27 11:38:59 WARNING GET /api/users/998 400 2430
2026-08-27 11:39:00 INFO POST /api/login 200 894
2026-08-27 11:39:01 INFO POST /api/logout 200 980
2026-08-27 11:39:02 INFO GET /api/orders 201 1350
2026-08-27 11:39:04 INFO PUT /api/products/319 200 73
2026-08-27 11:39:05 WARNING POST /api/orders 401 1139
2026-08-27 11:39:06 INFO GET /api/orders 200 1357
2026-08-27 11:39:07 INFO GET /api/products 200 1441
2026-08-27 11:39:10 INFO DELETE /api/users/383 200 166
2026-08-27 11:39:11 INFO GET /api/products 200 274
2026-08-27 11:39:12 INFO GET /api/users 200 359
2026-08-27 11:39:13 INFO PUT /api/products/763 200 1042
2026-08-27 11:39:15 INFO GET /api/health 200 986
2026-08-27 11:39:17 INFO POST /api/logout 200 1027
2026-08-27 11:39:19 INFO GET /api/products 200 617
2026-08-27 11:39:20 INFO POST /api/orders 201 406
2026-08-27 11:39:22 INFO PUT /api/products/770 200 1400
2026-08-27 11:39:25 INFO GET /api/users/550 200 653
2026-08-27 11:39:28 INFO PUT /api/products/21 200 1106
2026-08-27 11:39:29 WARNING POST /api/logout 400 2433
2026-08-27 11:39:30 ERROR POST /api/logout 500 1596
2026-08-27 11:39:33 ERROR PUT /api/products/676 500 2323
2026-08-27 11:39:35 INFO GET /api/users/461 200 132
2026-08-27 11:39:36 INFO GET /api/users 200 520
2026-08-27 11:39:38 INFO GET /api/users 200 841
2026-08-27 11:39:40 INFO POST /api/login 200 1386
2026-08-27 11:39:41 INFO GET /api/users 200 1187
2026-08-27 11:39:44 WARNING GET /api/users 400 2360
2026-08-27 11:39:45 WARNING POST /api/orders 400 505
2026-08-27 11:39:46 INFO DELETE /api/users/682 200 990
2026-08-27 11:39:47 INFO DELETE /api/users/534 200 1236
2026-08-27 11:39:48 WARNING POST /api/orders 400 533
2026-08-27 11:39:50 INFO DELETE /api/users/526 200 142
2026-08-27 11:39:53 INFO POST /api/logout 200 1495
2026-08-27 11:39:54 ERROR GET /api/orders 500 1368
2026-08-27 11:39:57 INFO POST /api/login 200 613
2026-08-27 11:39:59 INFO PUT /api/products/107 200 1437
2026-08-27 11:40:00 INFO GET /api/users 200 1389
2026-08-27 11:40:01 INFO POST /api/orders 200 1414
2026-08-27 11:40:02 WARNING GET /api/products 400 706
2026-08-27 11:40:04 WARNING GET /api/users 401 2004
2026-08-27 11:40:05 INFO GET /api/health 200 936
2026-08-27 11:40:08 INFO GET /api/orders 200 1027
2026-08-27 11:40:09 INFO DELETE /api/users/746 200 689
2026-08-27 11:40:11 INFO GET /api/products 200 1003
2026-08-27 11:40:12 WARNING GET /api/orders 401 829
2026-08-27 11:40:13 WARNING POST /api/logout 429 1111
2026-08-27 11:40:14 WARNING GET /api/products 400 2164
2026-08-27 11:40:16 INFO GET /api/health 200 485
2026-08-27 11:40:17 INFO GET /api/health 200 128
2026-08-27 11:40:18 WARNING POST /api/orders 404 1285
2026-08-27 11:40:19 WARNING POST /api/orders 400 576
2026-08-27 11:40:20 INFO DELETE /api/users/771 200 1175
2026-08-27 11:40:22 WARNING POST /api/orders 400 1764
2026-08-27 11:40:24 WARNING POST /api/logout 400 1727
2026-08-27 11:40:25 INFO POST /api/logout 200 805
2026-08-27 11:40:26 INFO GET /api/orders 200 1255
2026-08-27 11:40:27 INFO PUT /api/products/427 200 771
2026-08-27 11:40:28 INFO GET /api/products 200 1040
2026-08-27 11:40:29 INFO GET /api/orders 201 228
2026-08-27 11:40:30 WARNING POST /api/login 400 2072
2026-08-27 11:40:31 INFO PUT /api/products/434 200 877
2026-08-27 11:40:32 INFO DELETE /api/users/379 200 181
2026-08-27 11:40:33 INFO GET /api/users 200 844
2026-08-27 11:40:34 WARNING GET /api/products 429 2031
2026-08-27 11:40:35 INFO GET /api/users 200 1387
2026-08-27 11:40:37 INFO GET /api/users/642 200 406
2026-08-27 11:40:38 INFO GET /api/products 200 541
2026-08-27 11:40:39 INFO DELETE /api/users/45 200 602
2026-08-27 11:40:41 INFO GET /api/users/817 200 1199
2026-08-27 11:40:44 INFO GET /api/products 200 1110
2026-08-27 11:40:46 INFO DELETE /api/users/167 200 737
2026-08-27 11:40:47 WARNING GET /api/users/421 400 847
2026-08-27 11:40:48 INFO POST /api/orders 200 646
2026-08-27 11:40:51 INFO GET /api/orders 200 101
2026-08-27 11:40:53 INFO POST /api/orders 200 181
2026-08-27 11:40:56 INFO POST /api/login 200 833
2026-08-27 11:40:57 INFO POST /api/orders 200 715
2026-08-27 11:41:00 INFO GET /api/users/542 200 197
2026-08-27 11:41:01 WARNING GET /api/products 400 936
2026-08-27 11:41:02 INFO GET /api/health 200 209
2026-08-27 11:41:03 INFO PUT /api/products/69 200 838
2026-08-27 11:41:04 INFO GET /api/health 200 1282
2026-08-27 11:41:05 WARNING GET /api/users 400 903
2026-08-27 11:41:06 INFO GET /api/orders 200 892
2026-08-27 11:41:08 INFO POST /api/logout 200 1116
2026-08-27 11:41:11 INFO GET /api/health 200 776
2026-08-27 11:41:14 INFO POST /api/orders 200 947
2026-08-27 11:41:15 INFO POST /api/logout 200 144
2026-08-27 11:41:16 ERROR GET /api/users/627 503 1451
2026-08-27 11:41:19 INFO POST /api/login 200 753
2026-08-27 11:41:20 INFO POST /api/login 200 1135
2026-08-27 11:41:23 INFO PUT /api/products/702 200 922
2026-08-27 11:41:24 WARNING GET /api/health 429 520
2026-08-27 11:41:26 INFO POST /api/orders 200 1140
2026-08-27 11:41:27 WARNING DELETE /api/users/431 401 2232
2026-08-27 11:41:28 INFO DELETE /api/users/383 200 623
2026-08-27 11:41:30 INFO GET /api/users 200 86
2026-08-27 11:41:31 INFO DELETE /api/users/287 200 177
2026-08-27 11:41:32 INFO GET /api/orders 200 1025
2026-08-27 11:41:34 WARNING PUT /api/products/651 429 931
2026-08-27 11:41:37 INFO DELETE /api/users/614 200 416
2026-08-27 11:41:38 INFO GET /api/users 200 391
2026-08-27 11:41:39 INFO DELETE /api/users/722 200 1343
2026-08-27 11:41:41 INFO GET /api/users 200 838
2026-08-27 11:41:42 WARNING GET /api/health 401 2373
2026-08-27 11:41:44 INFO GET /api/orders 200 374
2026-08-27 11:41:45 INFO GET /api/users 200 400
2026-08-27 11:41:46 INFO GET /api/orders 200 904
2026-08-27 11:41:48 WARNING POST /api/login 401 1984
2026-08-27 11:41:49 INFO POST /api/login 201 313
2026-08-27 11:41:50 INFO POST /api/logout 200 323
2026-08-27 11:41:52 INFO DELETE /api/users/257 201 789
2026-08-27 11:41:54 WARNING POST /api/orders 429 2106
2026-08-27 11:41:55 ERROR GET /api/products 503 1360
2026-08-27 11:41:56 INFO GET /api/products 200 966
2026-08-27 11:41:58 INFO POST /api/login 200 846
2026-08-27 11:41:59 INFO GET /api/health 200 744
2026-08-27 11:42:02 WARNING GET /api/users/332 400 1056
2026-08-27 11:42:05 INFO POST /api/login 200 684
2026-08-27 11:42:06 INFO GET /api/products 200 230
2026-08-27 11:42:07 INFO DELETE /api/users/619 200 438
2026-08-27 11:42:10 INFO GET /api/users 200 765
2026-08-27 11:42:11 INFO DELETE /api/users/237 200 952
2026-08-27 11:42:12 INFO GET /api/orders 200 201
2026-08-27 11:42:15 INFO PUT /api/products/972 200 771
2026-08-27 11:42:18 INFO POST /api/login 200 970
2026-08-27 11:42:19 WARNING POST /api/login 401 470
2026-08-27 11:42:20 INFO POST /api/logout 200 925
2026-08-27 11:42:21 WARNING GET /api/users 404 1482
2026-08-27 11:42:24 INFO GET /api/users 200 1474
2026-08-27 11:42:25 INFO GET /api/orders 200 1166
2026-08-27 11:42:26 INFO PUT /api/products/868 200 267
2026-08-27 11:42:27 INFO POST /api/logout 200 164
2026-08-27 11:42:28 INFO POST /api/orders 200 1288
2026-08-27 11:42:30 INFO POST /api/login 200 1430
2026-08-27 11:42:32 INFO POST /api/login 200 58
2026-08-27 11:42:35 INFO GET /api/products 200 265
2026-08-27 11:42:36 INFO GET /api/products 200 1343
2026-08-27 11:42:37 INFO DELETE /api/users/681 200 588
2026-08-27 11:42:40 INFO GET /api/users/581 200 614
2026-08-27 11:42:41 INFO GET /api/orders 200 804
2026-08-27 11:42:42 INFO GET /api/users/301 200 1011
2026-08-27 11:42:44 ERROR GET /api/orders 500 1705
2026-08-27 11:42:45 INFO GET /api/users/672 200 801
2026-08-27 11:42:46 INFO GET /api/users 200 894
2026-08-27 11:42:48 INFO GET /api/health 200 991
2026-08-27 11:42:50 INFO GET /api/products 200 878
2026-08-27 11:42:51 INFO GET /api/products 200 504
2026-08-27 11:42:52 ERROR POST /api/orders 500 1619
2026-08-27 11:42:53 INFO POST /api/logout 200 1069
2026-08-27 11:42:54 INFO POST /api/logout 200 1440
2026-08-27 11:42:55 INFO POST /api/logout 200 907
2026-08-27 11:42:56 INFO GET /api/products 200 638
2026-08-27 11:42:57 INFO GET /api/users 201 676
2026-08-27 11:42:58 INFO POST /api/logout 200 430
2026-08-27 11:43:00 INFO PUT /api/products/424 200 1266
2026-08-27 11:43:01 WARNING GET /api/health 400 1108
2026-08-27 11:43:02 INFO POST /api/orders 200 1341
2026-08-27 11:43:03 ERROR GET /api/health 500 1270
2026-08-27 11:43:05 INFO GET /api/users 200 139
2026-08-27 11:43:06 INFO GET /api/products 200 956
2026-08-27 11:43:07 INFO POST /api/login 200 765
2026-08-27 11:43:08 INFO PUT /api/products/95 200 627
2026-08-27 11:43:09 WARNING POST /api/logout 404 1408
2026-08-27 11:43:10 INFO GET /api/health 200 318
2026-08-27 11:43:11 INFO DELETE /api/users/51 200 1184
2026-08-27 11:43:13 INFO GET /api/users/224 200 500
2026-08-27 11:43:14 INFO POST /api/login 200 558
2026-08-27 11:43:15 INFO PUT /api/products/250 200 1210
2026-08-27 11:43:17 INFO GET /api/orders 200 857
2026-08-27 11:43:18 INFO POST /api/logout 200 1327
2026-08-27 11:43:21 INFO GET /api/products 200 1135
2026-08-27 11:43:22 INFO GET /api/users 200 664
2026-08-27 11:43:23 INFO POST /api/logout 200 255
2026-08-27 11:43:26 INFO POST /api/orders 200 365
2026-08-27 11:43:27 INFO POST /api/login 200 486
2026-08-27 11:43:30 ERROR POST /api/login 500 2165
2026-08-27 11:43:31 ERROR PUT /api/products/533 500 767
2026-08-27 11:43:34 INFO GET /api/users/189 200 1352
2026-08-27 11:43:37 INFO POST /api/login 200 1187
2026-08-27 11:43:38 INFO PUT /api/products/320 200 820
2026-08-27 11:43:41 INFO GET /api/orders 200 670
2026-08-27 11:43:42 INFO GET /api/orders 200 882
2026-08-27 11:43:43 INFO GET /api/health 200 276
2026-08-27 11:43:44 INFO DELETE /api/users/512 200 773
2026-08-27 11:43:45 WARNING GET /api/users/913 401 753
2026-08-27 11:43:46 INFO GET /api/users/828 200 777
2026-08-27 11:43:47 WARNING POST /api/orders 404 536
2026-08-27 11:43:48 INFO GET /api/users 200 1470
2026-08-27 11:43:49 INFO GET /api/users/56 200 224
2026-08-27 11:43:50 INFO POST /api/orders 200 555
2026-08-27 11:43:51 INFO PUT /api/products/215 200 186
2026-08-27 11:43:54 INFO GET /api/orders 200 279
2026-08-27 11:43:55 WARNING GET /api/users 429 1059
2026-08-27 11:43:56 INFO PUT /api/products/301 200 1377
2026-08-27 11:43:59 INFO GET /api/products 201 217
2026-08-27 11:44:00 INFO GET /api/users 200 1227
2026-08-27 11:44:01 INFO DELETE /api/users/122 200 1346
2026-08-27 11:44:03 INFO PUT /api/products/451 200 1311
2026-08-27 11:44:04 WARNING PUT /api/products/529 404 500
2026-08-27 11:44:05 INFO POST /api/logout 200 242
2026-08-27 11:44:06 INFO GET /api/products 200 1029
2026-08-27 11:44:07 WARNING GET /api/health 429 813
2026-08-27 11:44:08 INFO GET /api/health 200 780
2026-08-27 11:44:09 INFO GET /api/users/802 200 675
2026-08-27 11:44:10 INFO POST /api/orders 200 709
2026-08-27 11:44:13 ERROR POST /api/orders 500 498
2026-08-27 11:44:14 INFO GET /api/users 200 791
2026-08-27 11:44:16 INFO POST /api/orders 200 413
2026-08-27 11:44:17 INFO POST /api/orders 200 890
2026-08-27 11:44:18 INFO DELETE /api/users/139 200 713
2026-08-27 11:44:19 INFO PUT /api/products/782 200 593
2026-08-27 11:44:21 WARNING PUT /api/products/546 400 1177
2026-08-27 11:44:23 INFO GET /api/users 200 1305
2026-08-27 11:44:24 INFO GET /api/users/285 200 1482
2026-08-27 11:44:25 WARNING DELETE /api/users/376 429 537
2026-08-27 11:44:27 INFO DELETE /api/users/602 200 88
2026-08-27 11:44:28 INFO GET /api/products 200 184
2026-08-27 11:44:29 INFO POST /api/logout 200 1281
2026-08-27 11:44:30 WARNING PUT /api/products/789 400 522
2026-08-27 11:44:32 INFO PUT /api/products/53 200 466
2026-08-27 11:44:35 INFO POST /api/orders 200 171
2026-08-27 11:44:37 INFO POST /api/orders 200 373
2026-08-27 11:44:38 WARNING DELETE /api/users/434 400 1193
2026-08-27 11:44:39 INFO GET /api/users 200 514
2026-08-27 11:44:40 INFO GET /api/health 200 1497
2026-08-27 11:44:43 INFO GET /api/orders 200 991
2026-08-27 11:44:46 WARNING GET /api/users 400 1355
2026-08-27 11:44:47 INFO DELETE /api/users/944 200 785
2026-08-27 11:44:50 INFO DELETE /api/users/689 200 546
2026-08-27 11:44:51 INFO GET /api/health 200 1091
2026-08-27 11:44:52 INFO POST /api/login 200 222
2026-08-27 11:44:55 WARNING GET /api/products 429 632
2026-08-27 11:44:56 INFO GET /api/products 200 1181
2026-08-27 11:44:57 INFO POST /api/login 200 119
2026-08-27 11:45:00 INFO POST /api/logout 200 1335
2026-08-27 11:45:01 INFO GET /api/products 200 792
2026-08-27 11:45:02 INFO PUT /api/products/47 200 1474
2026-08-27 11:45:03 WARNING POST /api/login 429 1331
2026-08-27 11:45:05 INFO PUT /api/products/534 200 577
2026-08-27 11:45:06 INFO POST /api/logout 200 912
2026-08-27 11:45:07 INFO POST /api/logout 200 1137
2026-08-27 11:45:08 INFO GET /api/products 200 84
2026-08-27 11:45:09 INFO POST /api/orders 200 912
2026-08-27 11:45:10 INFO POST /api/logout 200 1340
2026-08-27 11:45:12 WARNING PUT /api/products/192 401 2490
2026-08-27 11:45:14 INFO GET /api/health 200 144
2026-08-27 11:45:15 WARNING GET /api/health 400 1327
2026-08-27 11:45:16 INFO POST /api/login 200 1353
2026-08-27 11:45:17 INFO PUT /api/products/209 200 848
2026-08-27 11:45:18 INFO POST /api/orders 200 1332
2026-08-27 11:45:20 INFO GET /api/users 200 304
2026-08-27 11:45:23 INFO DELETE /api/users/649 200 662
2026-08-27 11:45:24 INFO POST /api/login 200 382
2026-08-27 11:45:25 WARNING GET /api/orders 401 464
2026-08-27 11:45:26 INFO PUT /api/products/814 200 1323
2026-08-27 11:45:29 INFO POST /api/login 200 899
2026-08-27 11:45:30 ERROR POST /api/login 503 1752
2026-08-27 11:45:31 INFO GET /api/users/921 200 1254
2026-08-27 11:45:33 INFO GET /api/health 200 947
2026-08-27 11:45:36 INFO POST /api/orders 201 1161
2026-08-27 11:45:37 INFO GET /api/orders 200 929
2026-08-27 11:45:39 WARNING POST /api/orders 401 2376
2026-08-27 11:45:41 INFO POST /api/orders 200 1290
2026-08-27 11:45:42 INFO POST /api/login 200 521
2026-08-27 11:45:43 WARNING GET /api/orders 404 2147
2026-08-27 11:45:44 WARNING GET /api/health 429 2359
2026-08-27 11:45:45 INFO PUT /api/products/161 200 1151
2026-08-27 11:45:46 ERROR DELETE /api/users/52 500 506
2026-08-27 11:45:48 INFO GET /api/health 200 280
2026-08-27 11:45:49 INFO GET /api/users/472 200 316
2026-08-27 11:45:52 INFO PUT /api/products/186 200 612
2026-08-27 11:45:53 INFO POST /api/logout 200 942
2026-08-27 11:45:55 INFO GET /api/health 200 1003
2026-08-27 11:45:58 INFO DELETE /api/users/898 200 206
2026-08-27 11:45:59 INFO PUT /api/products/104 200 305
2026-08-27 11:46:01 WARNING GET /api/users 400 2314
2026-08-27 11:46:04 INFO GET /api/users 200 300
2026-08-27 11:46:06 INFO GET /api/health 200 1126
2026-08-27 11:46:07 INFO POST /api/login 201 1232
2026-08-27 11:46:08 WARNING GET /api/users/436 401 313
2026-08-27 11:46:09 WARNING PUT /api/products/555 400 2341
2026-08-27 11:46:10 INFO GET /api/orders 200 1252
2026-08-27 11:46:11 INFO PUT /api/products/674 200 1160
2026-08-27 11:46:12 WARNING POST /api/logout 404 1164
2026-08-27 11:46:13 INFO POST /api/orders 200 325
2026-08-27 11:46:16 INFO PUT /api/products/365 200 401
2026-08-27 11:46:18 INFO GET /api/users 200 1005
2026-08-27 11:46:19 ERROR GET /api/users 503 2485
2026-08-27 11:46:22 WARNING GET /api/health 400 2336
2026-08-27 11:46:23 WARNING POST /api/logout 400 726
2026-08-27 11:46:24 INFO POST /api/login 200 1377
2026-08-27 11:46:27 WARNING GET /api/orders 404 1141
2026-08-27 11:46:28 INFO GET /api/users/355 200 759
2026-08-27 11:46:29 INFO GET /api/orders 200 253
2026-08-27 11:46:30 INFO GET /api/users/375 200 202
2026-08-27 11:46:32 INFO POST /api/orders 200 1471
2026-08-27 11:46:33 INFO GET /api/users 200 1427
2026-08-27 11:46:34 INFO GET /api/health 200 1435
2026-08-27 11:46:35 INFO GET /api/orders 200 435
2026-08-27 11:46:36 INFO GET /api/users 200 338
2026-08-27 11:46:37 ERROR GET /api/orders 500 1513
2026-08-27 11:46:38 INFO PUT /api/products/238 200 671
2026-08-27 11:46:41 INFO GET /api/products 200 1397
2026-08-27 11:46:44 INFO GET /api/products 200 1369
2026-08-27 11:46:46 INFO GET /api/products 200 503
2026-08-27 11:46:47 INFO GET /api/products 200 704
2026-08-27 11:46:48 INFO DELETE /api/users/483 200 1374
2026-08-27 11:46:49 INFO POST /api/logout 200 1107
2026-08-27 11:46:50 WARNING GET /api/users 404 1031
2026-08-27 11:46:51 INFO POST /api/logout 200 872
2026-08-27 11:46:53 INFO GET /api/users/372 200 1151
2026-08-27 11:46:56 INFO GET /api/orders 200 934
2026-08-27 11:46:58 WARNING POST /api/login 404 2090
2026-08-27 11:46:59 INFO GET /api/products 200 1227
2026-08-27 11:47:01 INFO DELETE /api/users/354 200 661
2026-08-27 11:47:02 ERROR PUT /api/products/846 503 1504
2026-08-27 11:47:04 INFO GET /api/orders 200 148
2026-08-27 11:47:05 WARNING POST /api/orders 400 2289
2026-08-27 11:47:06 INFO GET /api/products 200 110
2026-08-27 11:47:09 INFO DELETE /api/users/632 200 709
2026-08-27 11:47:10 INFO DELETE /api/users/485 200 1117
2026-08-27 11:47:11 INFO GET /api/users 200 305
2026-08-27 11:47:12 WARNING GET /api/health 401 1134
2026-08-27 11:47:13 INFO GET /api/users 200 52
2026-08-27 11:47:14 INFO GET /api/products 200 115
2026-08-27 11:47:15 INFO POST /api/logout 200 761
2026-08-27 11:47:18 INFO POST /api/orders 200 1429
2026-08-27 11:47:20 INFO GET /api/users/188 200 1287
2026-08-27 11:47:23 WARNING POST /api/login 429 2098
2026-08-27 11:47:26 INFO GET /api/users 200 779
2026-08-27 11:47:28 INFO GET /api/users/74 200 1373
2026-08-27 11:47:29 INFO GET /api/health 200 420
2026-08-27 11:47:30 INFO GET /api/products 200 279
2026-08-27 11:47:33 INFO GET /api/products 200 1287
2026-08-27 11:47:35 INFO DELETE /api/users/113 200 1183
2026-08-27 11:47:36 INFO GET /api/health 200 264
2026-08-27 11:47:39 WARNING GET /api/users/281 401 1957
2026-08-27 11:47:40 INFO POST /api/login 200 78
2026-08-27 11:47:41 INFO GET /api/products 200 775
2026-08-27 11:47:42 INFO POST /api/orders 201 104
2026-08-27 11:47:43 INFO DELETE /api/users/467 200 1494
2026-08-27 11:47:46 INFO DELETE /api/users/500 200 471
2026-08-27 11:47:49 INFO DELETE /api/users/454 200 903
2026-08-27 11:47:50 INFO POST /api/orders 200 1051
2026-08-27 11:47:51 INFO GET /api/users 200 438
2026-08-27 11:47:52 INFO DELETE /api/users/405 200 190
2026-08-27 11:47:53 INFO GET /api/health 200 358
2026-08-27 11:47:55 INFO POST /api/login 200 1389
2026-08-27 11:47:56 INFO GET /api/health 200 508
2026-08-27 11:47:58 WARNING GET /api/orders 400 1957
2026-08-27 11:47:59 INFO PUT /api/products/276 200 65
2026-08-27 11:48:00 INFO GET /api/orders 200 1334
2026-08-27 11:48:01 INFO POST /api/login 200 259
2026-08-27 11:48:03 INFO DELETE /api/users/742 200 763
2026-08-27 11:48:05 INFO POST /api/login 200 476
2026-08-27 11:48:06 INFO POST /api/logout 201 421
2026-08-27 11:48:07 INFO POST /api/login 200 203
2026-08-27 11:48:09 INFO PUT /api/products/190 200 52
2026-08-27 11:48:12 INFO POST /api/logout 200 588
2026-08-27 11:48:15 INFO PUT /api/products/66 200 119
2026-08-27 11:48:16 ERROR GET /api/health 503 2363
2026-08-27 11:48:17 INFO GET /api/users 200 1100
2026-08-27 11:48:19 INFO GET /api/health 200 1179
2026-08-27 11:48:22 INFO GET /api/orders 200 1376
2026-08-27 11:48:23 INFO GET /api/products 200 1398
2026-08-27 11:48:24 INFO PUT /api/products/927 200 707
2026-08-27 11:48:25 INFO PUT /api/products/717 200 1031
2026-08-27 11:48:27 ERROR GET /api/health 503 961
2026-08-27 11:48:28 INFO POST /api/login 200 1460
2026-08-27 11:48:29 INFO GET /api/products 200 133
2026-08-27 11:48:31 INFO POST /api/orders 200 1162
2026-08-27 11:48:32 INFO GET /api/products 200 689
2026-08-27 11:48:33 WARNING POST /api/logout 400 1237
2026-08-27 11:48:36 INFO GET /api/products 200 271
2026-08-27 11:48:39 INFO GET /api/orders 200 246
2026-08-27 11:48:40 INFO GET /api/health 200 1108
2026-08-27 11:48:41 WARNING GET /api/orders 401 1416
2026-08-27 11:48:42 INFO DELETE /api/users/991 200 848
2026-08-27 11:48:45 WARNING GET /api/orders 401 671
2026-08-27 11:48:46 INFO GET /api/orders 200 986
2026-08-27 11:48:47 INFO POST /api/logout 200 501
2026-08-27 11:48:49 INFO GET /api/users/717 200 578
2026-08-27 11:48:52 INFO PUT /api/products/539 200 527
2026-08-27 11:48:55 INFO GET /api/users/612 200 234
2026-08-27 11:48:57 INFO GET /api/health 200 410
2026-08-27 11:48:59 INFO DELETE /api/users/386 200 497
2026-08-27 11:49:00 INFO GET /api/orders 200 391
2026-08-27 11:49:02 INFO POST /api/login 200 1076
2026-08-27 11:49:03 INFO GET /api/products 200 229
2026-08-27 11:49:04 WARNING DELETE /api/users/741 400 1611
2026-08-27 11:49:06 INFO DELETE /api/users/62 200 1188
2026-08-27 11:49:09 INFO GET /api/health 200 146
2026-08-27 11:49:10 INFO GET /api/users 200 249
2026-08-27 11:49:13 WARNING GET /api/products 401 2337
2026-08-27 11:49:14 WARNING POST /api/logout 429 1467
2026-08-27 11:49:16 INFO GET /api/products 200 616
2026-08-27 11:49:17 WARNING GET /api/health 401 1723
2026-08-27 11:49:18 INFO GET /api/health 200 854
2026-08-27 11:49:19 INFO GET /api/health 200 1345
2026-08-27 11:49:20 WARNING GET /api/health 400 1519
2026-08-27 11:49:22 INFO PUT /api/products/471 200 204
2026-08-27 11:49:25 INFO GET /api/users/482 200 1273
2026-08-27 11:49:26 INFO GET /api/orders 200 1382
2026-08-27 11:49:27 INFO GET /api/health 201 1276
2026-08-27 11:49:28 INFO GET /api/orders 200 1279
2026-08-27 11:49:30 INFO GET /api/users 200 165
2026-08-27 11:49:31 WARNING GET /api/products 429 1450
2026-08-27 11:49:33 WARNING PUT /api/products/610 400 475
2026-08-27 11:49:34 INFO POST /api/orders 200 959
2026-08-27 11:49:35 INFO GET /api/health 200 1100
2026-08-27 11:49:36 INFO DELETE /api/users/539 200 736
2026-08-27 11:49:37 INFO GET /api/health 200 1313
2026-08-27 11:49:38 INFO GET /api/orders 200 959
2026-08-27 11:49:39 INFO GET /api/products 200 1457
2026-08-27 11:49:40 INFO DELETE /api/users/278 200 567
2026-08-27 11:49:41 INFO GET /api/products 200 472
2026-08-27 11:49:44 INFO GET /api/health 200 819
2026-08-27 11:49:46 INFO DELETE /api/users/124 200 433
2026-08-27 11:49:47 WARNING POST /api/login 400 1894
2026-08-27 11:49:48 ERROR GET /api/users 500 768
2026-08-27 11:49:51 INFO GET /api/health 200 965
2026-08-27 11:49:52 INFO GET /api/users 200 429
2026-08-27 11:49:53 INFO POST /api/login 200 183
2026-08-27 11:49:55 INFO GET /api/users/392 200 1007
2026-08-27 11:49:56 INFO POST /api/login 200 1254
2026-08-27 11:49:59 WARNING GET /api/orders 429 348
2026-08-27 11:50:00 INFO GET /api/orders 200 627
2026-08-27 11:50:02 INFO DELETE /api/users/945 200 1249
2026-08-27 11:50:03 WARNING GET /api/users/605 400 2330
2026-08-27 11:50:04 INFO GET /api/health 200 392
2026-08-27 11:50:05 INFO POST /api/logout 200 706
2026-08-27 11:50:06 INFO GET /api/orders 200 924
2026-08-27 11:50:07 INFO GET /api/health 200 899
2026-08-27 11:50:09 WARNING PUT /api/products/429 400 2355
2026-08-27 11:50:10 INFO GET /api/health 200 1388
2026-08-27 11:50:12 INFO GET /api/orders 200 1080
2026-08-27 11:50:14 WARNING GET /api/products 400 359
2026-08-27 11:50:15 INFO GET /api/users 200 342
2026-08-27 11:50:16 WARNING GET /api/users/931 400 473
2026-08-27 11:50:19 INFO POST /api/login 200 387
2026-08-27 11:50:20 INFO PUT /api/products/205 200 1380
2026-08-27 11:50:21 ERROR PUT /api/products/524 500 920
2026-08-27 11:50:22 INFO GET /api/orders 200 1474
2026-08-27 11:50:23 INFO POST /api/login 200 1397
2026-08-27 11:50:25 ERROR GET /api/orders 500 384
2026-08-27 11:50:28 INFO PUT /api/products/772 200 1058
2026-08-27 11:50:29 INFO GET /api/users/897 200 452
2026-08-27 11:50:30 INFO POST /api/orders 200 743
2026-08-27 11:50:31 INFO POST /api/orders 200 1125
2026-08-27 11:50:32 INFO POST /api/orders 200 1096
2026-08-27 11:50:35 INFO POST /api/logout 200 1091
2026-08-27 11:50:36 WARNING GET /api/users/890 400 1072
2026-08-27 11:50:37 ERROR GET /api/users/205 503 511
2026-08-27 11:50:38 INFO GET /api/users/226 201 275
2026-08-27 11:50:40 INFO GET /api/users/730 200 633
2026-08-27 11:50:41 INFO GET /api/orders 200 96
2026-08-27 11:50:42 INFO GET /api/users/651 200 976
2026-08-27 11:50:43 INFO GET /api/health 200 1491
2026-08-27 11:50:44 INFO GET /api/orders 200 1236
2026-08-27 11:50:47 INFO GET /api/health 200 301
2026-08-27 11:50:48 INFO PUT /api/products/409 200 206
2026-08-27 11:50:49 INFO GET /api/health 200 412
2026-08-27 11:50:50 INFO POST /api/login 200 1129
2026-08-27 11:50:53 INFO GET /api/products 200 290
2026-08-27 11:50:55 INFO GET /api/health 200 793
2026-08-27 11:50:58 INFO DELETE /api/users/748 200 949
2026-08-27 11:50:59 INFO GET /api/products 200 1114
2026-08-27 11:51:00 INFO PUT /api/products/261 200 481
2026-08-27 11:51:01 INFO GET /api/orders 200 596
2026-08-27 11:51:03 ERROR GET /api/health 503 2058
2026-08-27 11:51:04 INFO GET /api/health 200 313
2026-08-27 11:51:05 INFO GET /api/users 200 736
2026-08-27 11:51:06 INFO POST /api/login 200 1155
2026-08-27 11:51:09 WARNING POST /api/orders 400 2059
2026-08-27 11:51:11 INFO GET /api/users 200 189
2026-08-27 11:51:12 INFO GET /api/users 200 667
2026-08-27 11:51:13 INFO PUT /api/products/689 200 834
2026-08-27 11:51:15 INFO GET /api/products 200 130
2026-08-27 11:51:16 INFO GET /api/orders 200 1155
2026-08-27 11:51:17 INFO GET /api/users 200 1322
2026-08-27 11:51:18 INFO POST /api/orders 200 1300
2026-08-27 11:51:21 INFO GET /api/products 200 751
2026-08-27 11:51:22 WARNING GET /api/orders 400 454
2026-08-27 11:51:24 INFO GET /api/users 200 1479
2026-08-27 11:51:25 INFO GET /api/orders 200 760
2026-08-27 11:51:28 INFO GET /api/users 200 842
2026-08-27 11:51:29 INFO GET /api/products 200 1435
2026-08-27 11:51:31 INFO PUT /api/products/159 200 1101
2026-08-27 11:51:32 INFO POST /api/logout 200 938
2026-08-27 11:51:33 INFO DELETE /api/users/726 200 367
2026-08-27 11:51:34 INFO GET /api/orders 200 839
2026-08-27 11:51:37 INFO DELETE /api/users/532 200 457
2026-08-27 11:51:38 INFO POST /api/logout 200 181
2026-08-27 11:51:41 INFO POST /api/logout 200 582
2026-08-27 11:51:42 ERROR DELETE /api/users/310 503 1893
2026-08-27 11:51:43 WARNING GET /api/orders 404 1852
2026-08-27 11:51:44 INFO DELETE /api/users/913 200 630
2026-08-27 11:51:45 INFO GET /api/products 200 623
2026-08-27 11:51:46 WARNING POST /api/logout 404 1907
2026-08-27 11:51:47 INFO POST /api/orders 200 755
2026-08-27 11:51:48 INFO GET /api/health 200 731
2026-08-27 11:51:49 INFO PUT /api/products/863 200 702
2026-08-27 11:51:50 INFO GET /api/health 200 914
2026-08-27 11:51:52 INFO GET /api/orders 201 823
2026-08-27 11:51:54 INFO DELETE /api/users/177 200 988
2026-08-27 11:51:55 INFO POST /api/login 200 1399
2026-08-27 11:51:56 INFO GET /api/users/778 200 93
2026-08-27 11:51:57 INFO GET /api/health 200 940
2026-08-27 11:51:58 INFO POST /api/logout 200 508
2026-08-27 11:51:59 WARNING POST /api/orders 400 992
2026-08-27 11:52:00 WARNING GET /api/orders 400 1506
2026-08-27 11:52:01 INFO GET /api/health 200 1111
2026-08-27 11:52:04 WARNING GET /api/health 400 1299
2026-08-27 11:52:05 ERROR GET /api/products 500 748
2026-08-27 11:52:07 ERROR GET /api/orders 503 1257
2026-08-27 11:52:10 INFO GET /api/health 200 1456
2026-08-27 11:52:11 INFO GET /api/health 200 925
2026-08-27 11:52:14 INFO GET /api/health 200 1225
2026-08-27 11:52:15 INFO GET /api/orders 200 255
2026-08-27 11:52:18 WARNING GET /api/users 404 1582
2026-08-27 11:52:21 WARNING GET /api/orders 400 1303
2026-08-27 11:52:22 INFO POST /api/login 200 328
2026-08-27 11:52:25 INFO DELETE /api/users/354 200 1236
2026-08-27 11:52:26 INFO GET /api/products 200 542
2026-08-27 11:52:29 WARNING POST /api/orders 404 1210
2026-08-27 11:52:30 WARNING GET /api/users 400 869
2026-08-27 11:52:31 INFO DELETE /api/users/931 200 1076
2026-08-27 11:52:32 INFO DELETE /api/users/45 200 1053
2026-08-27 11:52:33 INFO DELETE /api/users/895 200 397
2026-08-27 11:52:34 WARNING GET /api/users 404 356
2026-08-27 11:52:35 INFO POST /api/logout 200 553
2026-08-27 11:52:36 INFO POST /api/orders 200 1076
2026-08-27 11:52:37 INFO GET /api/products 200 308
2026-08-27 11:52:39 INFO POST /api/orders 201 719
2026-08-27 11:52:41 INFO PUT /api/products/884 200 1175
2026-08-27 11:52:42 INFO DELETE /api/users/561 200 225
2026-08-27 11:52:45 WARNING POST /api/orders 404 1366
2026-08-27 11:52:48 ERROR GET /api/users/117 503 2345
2026-08-27 11:52:49 INFO GET /api/orders 200 1309
2026-08-27 11:52:52 INFO GET /api/users 200 871
2026-08-27 11:52:54 INFO POST /api/logout 200 441
2026-08-27 11:52:57 INFO POST /api/login 201 94
2026-08-27 11:53:00 INFO GET /api/users 200 639
2026-08-27 11:53:02 INFO DELETE /api/users/628 200 1273
2026-08-27 11:53:03 INFO POST /api/orders 200 482
2026-08-27 11:53:04 INFO POST /api/login 200 1096
2026-08-27 11:53:05 WARNING POST /api/orders 400 420
2026-08-27 11:53:06 INFO DELETE /api/users/42 200 364
2026-08-27 11:53:09 ERROR GET /api/health 500 1612
2026-08-27 11:53:12 INFO PUT /api/products/430 200 400
2026-08-27 11:53:13 INFO POST /api/login 200 1312
2026-08-27 11:53:15 INFO DELETE /api/users/605 200 808
2026-08-27 11:53:18 INFO GET /api/users/490 200 701
2026-08-27 11:53:19 INFO POST /api/orders 200 958
2026-08-27 11:53:21 INFO PUT /api/products/187 200 1449
2026-08-27 11:53:22 INFO GET /api/users 200 218
2026-08-27 11:53:24 INFO GET /api/users 200 403
2026-08-27 11:53:25 WARNING GET /api/orders 400 838
2026-08-27 11:53:27 INFO GET /api/users 200 964
2026-08-27 11:53:28 INFO POST /api/logout 200 1033
2026-08-27 11:53:31 INFO GET /api/orders 200 1347
2026-08-27 11:53:33 INFO DELETE /api/users/666 201 133
2026-08-27 11:53:34 INFO GET /api/products 201 713
2026-08-27 11:53:36 ERROR GET /api/products 503 1268
2026-08-27 11:53:37 INFO GET /api/products 200 609
2026-08-27 11:53:39 INFO DELETE /api/users/587 200 127
2026-08-27 11:53:41 ERROR GET /api/products 500 1836
2026-08-27 11:53:42 INFO DELETE /api/users/501 200 338
2026-08-27 11:53:43 INFO GET /api/users 200 814
2026-08-27 11:53:45 WARNING GET /api/users/297 400 775
2026-08-27 11:53:46 INFO GET /api/health 200 1235
2026-08-27 11:53:47 INFO POST /api/orders 200 883
2026-08-27 11:53:48 INFO DELETE /api/users/369 200 267
2026-08-27 11:53:51 WARNING GET /api/products 400 2331
2026-08-27 11:53:53 INFO POST /api/login 200 241
2026-08-27 11:53:56 INFO GET /api/health 200 763
2026-08-27 11:53:57 INFO GET /api/products 200 1488
2026-08-27 11:53:58 INFO POST /api/login 200 1110
2026-08-27 11:53:59 INFO GET /api/products 200 566
2026-08-27 11:54:01 INFO GET /api/health 200 877
2026-08-27 11:54:02 INFO PUT /api/products/654 200 947
2026-08-27 11:54:03 INFO GET /api/orders 200 768
2026-08-27 11:54:05 INFO GET /api/products 200 663
2026-08-27 11:54:07 WARNING PUT /api/products/119 400 692
2026-08-27 11:54:08 INFO GET /api/health 200 790
2026-08-27 11:54:11 INFO GET /api/users 200 1366
2026-08-27 11:54:12 WARNING GET /api/orders 429 2296
2026-08-27 11:54:13 WARNING DELETE /api/users/892 400 2193
2026-08-27 11:54:14 INFO POST /api/login 200 46
2026-08-27 11:54:15 INFO GET /api/users/11 200 532
2026-08-27 11:54:16 INFO GET /api/users/492 200 1442
2026-08-27 11:54:17 INFO POST /api/login 201 63
2026-08-27 11:54:19 INFO PUT /api/products/167 200 207
2026-08-27 11:54:21 INFO POST /api/orders 200 1435
2026-08-27 11:54:24 INFO POST /api/orders 200 942
2026-08-27 11:54:25 INFO GET /api/users 200 1455
2026-08-27 11:54:26 INFO DELETE /api/users/727 200 41
2026-08-27 11:54:27 INFO GET /api/users 200 199
2026-08-27 11:54:28 INFO GET /api/products 200 714
2026-08-27 11:54:31 INFO GET /api/orders 200 1041
2026-08-27 11:54:33 INFO POST /api/orders 200 760
2026-08-27 11:54:34 INFO GET /api/orders 200 802
2026-08-27 11:54:36 INFO POST /api/logout 200 400
2026-08-27 11:54:38 WARNING POST /api/orders 400 513
2026-08-27 11:54:39 WARNING POST /api/orders 400 985
2026-08-27 11:54:40 WARNING GET /api/products 400 1705
2026-08-27 11:54:43 WARNING POST /api/logout 400 2402
2026-08-27 11:54:44 WARNING GET /api/users 401 953
2026-08-27 11:54:46 INFO GET /api/health 200 491
2026-08-27 11:54:49 WARNING POST /api/login 400 2154
2026-08-27 11:54:51 WARNING POST /api/logout 404 647
2026-08-27 11:54:54 INFO GET /api/health 200 673
2026-08-27 11:54:55 INFO GET /api/users 200 519
2026-08-27 11:54:56 ERROR GET /api/health 500 710
2026-08-27 11:54:58 INFO PUT /api/products/434 200 1305
2026-08-27 11:54:59 INFO POST /api/orders 200 309
2026-08-27 11:55:01 INFO POST /api/login 200 1438
2026-08-27 11:55:02 INFO GET /api/products 200 1298
2026-08-27 11:55:04 INFO DELETE /api/users/321 200 966
2026-08-27 11:55:05 INFO GET /api/users/907 200 565
2026-08-27 11:55:06 WARNING PUT /api/products/976 400 778
2026-08-27 11:55:07 INFO GET /api/users 200 886
2026-08-27 11:55:09 INFO POST /api/login 200 864
2026-08-27 11:55:10 INFO PUT /api/products/540 200 233
2026-08-27 11:55:12 INFO GET /api/users 200 1440
2026-08-27 11:55:13 INFO GET /api/orders 201 1019
2026-08-27 11:55:14 WARNING POST /api/login 404 1030
2026-08-27 11:55:16 INFO GET /api/users 200 844
2026-08-27 11:55:17 WARNING GET /api/users 404 1084
2026-08-27 11:55:20 WARNING GET /api/orders 429 2132
2026-08-27 11:55:21 INFO POST /api/logout 200 538
2026-08-27 11:55:22 WARNING GET /api/orders 404 2133
2026-08-27 11:55:23 INFO GET /api/users 200 353
2026-08-27 11:55:25 ERROR GET /api/products 500 1690
2026-08-27 11:55:26 INFO GET /api/health 200 1435
2026-08-27 11:55:28 WARNING POST /api/orders 401 2326
2026-08-27 11:55:30 INFO DELETE /api/users/100 200 295
2026-08-27 11:55:31 WARNING POST /api/login 429 2418
2026-08-27 11:55:32 INFO PUT /api/products/608 200 493
2026-08-27 11:55:35 ERROR DELETE /api/users/415 500 1012
2026-08-27 11:55:36 INFO GET /api/products 200 371
2026-08-27 11:55:37 INFO GET /api/users/759 200 1477
2026-08-27 11:55:38 INFO PUT /api/products/101 200 1345
2026-08-27 11:55:41 INFO PUT /api/products/647 200 837
2026-08-27 11:55:44 WARNING GET /api/health 429 493
2026-08-27 11:55:47 INFO PUT /api/products/170 200 1299
2026-08-27 11:55:50 INFO DELETE /api/users/689 200 1338
2026-08-27 11:55:53 INFO POST /api/logout 200 621
2026-08-27 11:55:56 INFO GET /api/users 200 314
2026-08-27 11:55:57 WARNING GET /api/health 404 971
2026-08-27 11:55:58 INFO POST /api/orders 200 337
2026-08-27 11:56:01 ERROR GET /api/orders 503 572
2026-08-27 11:56:02 INFO GET /api/health 200 423
2026-08-27 11:56:04 INFO POST /api/orders 200 526
2026-08-27 11:56:06 INFO GET /api/users/8 200 585
2026-08-27 11:56:08 INFO GET /api/products 200 1099
2026-08-27 11:56:11 INFO POST /api/login 200 375
2026-08-27 11:56:14 INFO POST /api/orders 200 969
2026-08-27 11:56:15 INFO GET /api/orders 200 1116
2026-08-27 11:56:17 INFO POST /api/logout 200 700
2026-08-27 11:56:18 INFO POST /api/login 200 1120
2026-08-27 11:56:19 INFO GET /api/health 200 846
2026-08-27 11:56:20 INFO DELETE /api/users/532 200 330
2026-08-27 11:56:22 INFO POST /api/logout 200 1486
2026-08-27 11:56:25 INFO POST /api/logout 200 1101
2026-08-27 11:56:26 INFO GET /api/orders 200 950
2026-08-27 11:56:28 WARNING GET /api/users/493 404 2299
2026-08-27 11:56:29 INFO PUT /api/products/765 200 826
2026-08-27 11:56:30 INFO GET /api/orders 200 628
2026-08-27 11:56:31 INFO POST /api/orders 200 1243
2026-08-27 11:56:34 INFO POST /api/orders 200 1319
2026-08-27 11:56:36 INFO GET /api/products 200 820
2026-08-27 11:56:37 INFO GET /api/users/7 200 768
2026-08-27 11:56:38 ERROR GET /api/products 500 776
2026-08-27 11:56:41 INFO POST /api/orders 200 852
2026-08-27 11:56:42 INFO GET /api/users/356 200 1040
2026-08-27 11:56:43 INFO GET /api/orders 200 819
2026-08-27 11:56:44 INFO POST /api/login 200 794
2026-08-27 11:56:45 WARNING POST /api/orders 429 370
2026-08-27 11:56:48 WARNING DELETE /api/users/677 404 1541
2026-08-27 11:56:49 INFO POST /api/orders 200 1443
2026-08-27 11:56:51 WARNING GET /api/users 404 694
2026-08-27 11:56:52 WARNING POST /api/logout 429 2323
2026-08-27 11:56:54 INFO GET /api/users 201 502
2026-08-27 11:56:55 INFO DELETE /api/users/87 200 1037
2026-08-27 11:56:56 INFO POST /api/orders 200 1323
2026-08-27 11:56:57 ERROR DELETE /api/users/729 500 822
2026-08-27 11:56:58 INFO POST /api/login 200 1089
2026-08-27 11:56:59 INFO POST /api/logout 200 1291
2026-08-27 11:57:00 INFO GET /api/users/37 200 391
2026-08-27 11:57:01 INFO POST /api/orders 200 679
2026-08-27 11:57:03 WARNING POST /api/logout 429 2284
2026-08-27 11:57:04 INFO POST /api/logout 200 1261
2026-08-27 11:57:07 INFO POST /api/orders 200 1301
2026-08-27 11:57:09 ERROR GET /api/users 500 579
2026-08-27 11:57:12 WARNING POST /api/login 404 2349
2026-08-27 11:57:14 WARNING GET /api/orders 401 1499
2026-08-27 11:57:15 ERROR PUT /api/products/37 503 2003
2026-08-27 11:57:16 ERROR GET /api/products 500 2272
2026-08-27 11:57:19 INFO GET /api/users/494 200 1366
2026-08-27 11:57:21 INFO GET /api/orders 200 116
2026-08-27 11:57:24 INFO GET /api/products 200 1294
2026-08-27 11:57:25 INFO POST /api/login 200 1086
2026-08-27 11:57:28 INFO PUT /api/products/958 200 1168
2026-08-27 11:57:30 INFO GET /api/users 200 471
2026-08-27 11:57:33 WARNING GET /api/users/684 404 2160
2026-08-27 11:57:34 WARNING GET /api/users 404 1922
2026-08-27 11:57:35 INFO POST /api/orders 200 382
2026-08-27 11:57:36 INFO DELETE /api/users/535 200 125
2026-08-27 11:57:39 INFO POST /api/login 200 789
2026-08-27 11:57:41 INFO PUT /api/products/866 200 1431
2026-08-27 11:57:42 INFO GET /api/users 200 1141
2026-08-27 11:57:45 INFO GET /api/health 200 856
2026-08-27 11:57:46 INFO GET /api/orders 200 712
2026-08-27 11:57:47 INFO POST /api/logout 200 681
2026-08-27 11:57:48 INFO GET /api/users/675 200 436
2026-08-27 11:57:51 INFO PUT /api/products/623 200 1221
2026-08-27 11:57:52 INFO GET /api/users/784 200 243
2026-08-27 11:57:54 INFO POST /api/orders 200 1025
2026-08-27 11:57:55 INFO GET /api/orders 200 227
2026-08-27 11:57:56 INFO PUT /api/products/713 200 738
2026-08-27 11:57:57 INFO GET /api/users/241 200 681
2026-08-27 11:58:00 INFO DELETE /api/users/383 200 377
2026-08-27 11:58:02 INFO GET /api/health 200 914
2026-08-27 11:58:03 INFO GET /api/products 201 182
2026-08-27 11:58:06 INFO POST /api/logout 200 676
2026-08-27 11:58:07 WARNING GET /api/users 404 1932
2026-08-27 11:58:09 INFO GET /api/health 200 586
2026-08-27 11:58:11 INFO GET /api/products 200 340
2026-08-27 11:58:12 INFO PUT /api/products/908 200 571
2026-08-27 11:58:13 INFO GET /api/orders 200 1436
2026-08-27 11:58:16 INFO POST /api/login 200 357
2026-08-27 11:58:17 ERROR GET /api/orders 500 2090
2026-08-27 11:58:20 INFO GET /api/products 200 1237
2026-08-27 11:58:21 WARNING GET /api/users/853 404 1769
2026-08-27 11:58:24 WARNING DELETE /api/users/131 401 1366
2026-08-27 11:58:25 INFO POST /api/logout 200 497
2026-08-27 11:58:26 INFO GET /api/orders 200 472
2026-08-27 11:58:27 INFO GET /api/health 200 1081
2026-08-27 11:58:30 INFO GET /api/products 200 445
2026-08-27 11:58:31 WARNING POST /api/orders 404 2150
2026-08-27 11:58:32 INFO POST /api/logout 200 184
2026-08-27 11:58:34 INFO GET /api/orders 200 1469
2026-08-27 11:58:35 WARNING GET /api/users 429 2259
2026-08-27 11:58:38 INFO DELETE /api/users/755 200 1306
2026-08-27 11:58:40 INFO GET /api/users 200 362
2026-08-27 11:58:42 INFO PUT /api/products/347 200 1273
2026-08-27 11:58:43 WARNING GET /api/users/55 400 773
2026-08-27 11:58:44 INFO PUT /api/products/950 200 425
2026-08-27 11:58:46 INFO POST /api/orders 200 854
2026-08-27 11:58:47 INFO POST /api/logout 200 859
2026-08-27 11:58:50 INFO PUT /api/products/153 200 804
2026-08-27 11:58:51 WARNING GET /api/products 400 924
2026-08-27 11:58:52 INFO PUT /api/products/2 200 634
2026-08-27 11:58:53 INFO GET /api/products 200 1434
2026-08-27 11:58:56 INFO GET /api/users 200 705
2026-08-27 11:58:57 INFO DELETE /api/users/365 200 1307
2026-08-27 11:58:58 INFO PUT /api/products/126 200 972
2026-08-27 11:58:59 INFO PUT /api/products/166 200 206
2026-08-27 11:59:01 INFO PUT /api/products/274 200 1351
2026-08-27 11:59:03 ERROR GET /api/health 503 2176
2026-08-27 11:59:04 WARNING PUT /api/products/608 404 2412
2026-08-27 11:59:06 INFO GET /api/users/660 200 1483
2026-08-27 11:59:08 INFO PUT /api/products/469 200 223
2026-08-27 11:59:10 INFO PUT /api/products/19 200 1092
2026-08-27 11:59:13 INFO GET /api/orders 200 1375
2026-08-27 11:59:14 WARNING DELETE /api/users/610 429 1851
2026-08-27 11:59:15 INFO POST /api/logout 200 466
2026-08-27 11:59:18 WARNING PUT /api/products/323 429 346
2026-08-27 11:59:20 INFO POST /api/logout 200 309
2026-08-27 11:59:21 INFO GET /api/users 200 975
2026-08-27 11:59:22 INFO GET /api/users/651 200 533
2026-08-27 11:59:24 WARNING GET /api/users 400 1641
2026-08-27 11:59:26 INFO POST /api/login 200 699
2026-08-27 11:59:27 INFO DELETE /api/users/986 200 1287
2026-08-27 11:59:29 INFO POST /api/orders 200 402
2026-08-27 11:59:30 INFO POST /api/login 200 476
2026-08-27 11:59:32 ERROR GET /api/products 503 954
2026-08-27 11:59:33 INFO GET /api/users 200 203
2026-08-27 11:59:35 INFO GET /api/users/310 200 566
2026-08-27 11:59:37 INFO POST /api/login 200 821
2026-08-27 11:59:40 WARNING POST /api/logout 429 2079
2026-08-27 11:59:41 INFO DELETE /api/users/65 200 552
2026-08-27 11:59:44 INFO GET /api/users/418 200 715
2026-08-27 11:59:47 INFO POST /api/logout 200 1034
2026-08-27 11:59:48 INFO GET /api/products 200 805
2026-08-27 11:59:50 INFO GET /api/products 200 854
2026-08-27 11:59:53 INFO DELETE /api/users/763 200 1460
2026-08-27 11:59:54 INFO POST /api/login 200 1380
2026-08-27 11:59:55 WARNING GET /api/users 401 1829
2026-08-27 11:59:56 INFO POST /api/login 200 465
2026-08-27 11:59:57 INFO GET /api/users 200 1348
2026-08-27 11:59:59 INFO GET /api/health 200 673
2026-08-27 12:00:00 INFO GET /api/products 200 1183
2026-08-27 12:00:01 INFO POST /api/login 200 112
2026-08-27 12:00:03 WARNING GET /api/health 400 675
2026-08-27 12:00:06 INFO GET /api/health 200 846
2026-08-27 12:00:07 INFO DELETE /api/users/502 200 359
2026-08-27 12:00:08 ERROR GET /api/health 503 781
2026-08-27 12:00:09 WARNING GET /api/products 400 1052
2026-08-27 12:00:12 INFO POST /api/login 200 1046
2026-08-27 12:00:15 INFO GET /api/products 200 713
2026-08-27 12:00:16 INFO GET /api/users/291 200 772
2026-08-27 12:00:17 INFO GET /api/users/908 200 1198
2026-08-27 12:00:19 INFO GET /api/orders 200 991
2026-08-27 12:00:22 INFO PUT /api/products/588 200 407
2026-08-27 12:00:24 INFO POST /api/login 200 819
2026-08-27 12:00:26 INFO PUT /api/products/923 200 1097
2026-08-27 12:00:27 INFO POST /api/logout 200 1320
2026-08-27 12:00:28 INFO PUT /api/products/92 200 1318
2026-08-27 12:00:29 INFO GET /api/users 200 412
2026-08-27 12:00:30 INFO GET /api/products 200 394
2026-08-27 12:00:32 INFO GET /api/health 200 91
2026-08-27 12:00:35 INFO DELETE /api/users/145 200 1368
2026-08-27 12:00:36 INFO PUT /api/products/715 200 1441
2026-08-27 12:00:37 INFO GET /api/health 200 1358
2026-08-27 12:00:39 INFO GET /api/users/239 200 822
2026-08-27 12:00:41 INFO PUT /api/products/771 200 149
2026-08-27 12:00:43 INFO GET /api/products 200 936
2026-08-27 12:00:44 INFO PUT /api/products/391 200 46
2026-08-27 12:00:45 INFO GET /api/health 200 1390
2026-08-27 12:00:46 INFO PUT /api/products/420 200 1192
2026-08-27 12:00:47 INFO POST /api/logout 200 1055
2026-08-27 12:00:49 INFO GET /api/users/172 200 1202
2026-08-27 12:00:50 WARNING PUT /api/products/34 401 465
2026-08-27 12:00:51 INFO GET /api/health 200 599
2026-08-27 12:00:52 INFO POST /api/login 200 442
2026-08-27 12:00:55 INFO POST /api/login 200 600
2026-08-27 12:00:56 INFO POST /api/orders 200 895
2026-08-27 12:00:57 WARNING GET /api/products 401 368
2026-08-27 12:00:58 INFO GET /api/products 200 638
2026-08-27 12:00:59 INFO GET /api/orders 200 528
2026-08-27 12:01:00 WARNING GET /api/users 404 1181
2026-08-27 12:01:01 INFO POST /api/logout 200 1398
2026-08-27 12:01:04 INFO GET /api/health 200 451
2026-08-27 12:01:05 INFO POST /api/orders 200 1213
2026-08-27 12:01:08 WARNING POST /api/login 404 1684
2026-08-27 12:01:09 INFO POST /api/orders 200 1272
2026-08-27 12:01:10 INFO PUT /api/products/953 200 45
2026-08-27 12:01:12 INFO GET /api/orders 200 1349
2026-08-27 12:01:13 INFO GET /api/users 200 391
2026-08-27 12:01:14 INFO GET /api/products 200 226
2026-08-27 12:01:15 INFO PUT /api/products/863 200 348
2026-08-27 12:01:16 INFO PUT /api/products/786 200 607
2026-08-27 12:01:17 WARNING DELETE /api/users/813 400 310
2026-08-27 12:01:19 INFO PUT /api/products/988 200 94
2026-08-27 12:01:20 INFO POST /api/orders 200 408
2026-08-27 12:01:21 INFO GET /api/orders 200 588
2026-08-27 12:01:23 INFO GET /api/health 200 288
2026-08-27 12:01:26 INFO POST /api/orders 200 659
2026-08-27 12:01:28 WARNING POST /api/logout 404 938
2026-08-27 12:01:29 INFO GET /api/health 200 891
2026-08-27 12:01:30 INFO POST /api/login 200 820
2026-08-27 12:01:32 WARNING GET /api/orders 400 2253
2026-08-27 12:01:33 INFO GET /api/orders 200 94
2026-08-27 12:01:34 INFO POST /api/logout 200 140
2026-08-27 12:01:37 WARNING PUT /api/products/156 404 2275
2026-08-27 12:01:40 INFO GET /api/health 200 1392
2026-08-27 12:01:41 INFO DELETE /api/users/618 201 786
2026-08-27 12:01:43 INFO DELETE /api/users/950 200 1410
2026-08-27 12:01:45 INFO GET /api/health 200 192
2026-08-27 12:01:46 INFO POST /api/login 200 724
2026-08-27 12:01:49 INFO POST /api/orders 200 463
2026-08-27 12:01:52 INFO GET /api/users/507 200 237
2026-08-27 12:01:53 INFO GET /api/users 200 261
2026-08-27 12:01:54 INFO GET /api/health 200 738
2026-08-27 12:01:56 INFO POST /api/login 200 751
2026-08-27 12:01:57 INFO POST /api/login 200 1375
2026-08-27 12:02:00 INFO PUT /api/products/774 200 1029
2026-08-27 12:02:01 INFO POST /api/login 200 231
2026-08-27 12:02:04 INFO GET /api/health 200 704
2026-08-27 12:02:05 INFO GET /api/users 200 1283
2026-08-27 12:02:06 INFO GET /api/users 200 922
2026-08-27 12:02:07 ERROR GET /api/users/813 500 1320
2026-08-27 12:02:08 INFO GET /api/health 200 628
2026-08-27 12:02:09 INFO GET /api/products 200 96
2026-08-27 12:02:10 ERROR DELETE /api/users/724 503 1217
2026-08-27 12:02:12 WARNING POST /api/orders 404 1486
2026-08-27 12:02:15 INFO GET /api/users/804 200 758
2026-08-27 12:02:17 INFO PUT /api/products/438 200 568
2026-08-27 12:02:20 INFO GET /api/health 200 606
2026-08-27 12:02:21 INFO GET /api/health 200 1290
2026-08-27 12:02:23 INFO POST /api/orders 200 401
2026-08-27 12:02:26 INFO GET /api/health 200 49
2026-08-27 12:02:27 INFO GET /api/products 200 1068
2026-08-27 12:02:29 ERROR DELETE /api/users/955 500 2095
2026-08-27 12:02:32 INFO POST /api/orders 200 1147
2026-08-27 12:02:34 INFO GET /api/users 200 316
2026-08-27 12:02:35 INFO POST /api/orders 200 1011
2026-08-27 12:02:36 INFO POST /api/logout 201 316
2026-08-27 12:02:39 WARNING GET /api/health 400 2117
2026-08-27 12:02:40 INFO GET /api/orders 201 1273
2026-08-27 12:02:42 INFO GET /api/health 200 721
2026-08-27 12:02:45 INFO PUT /api/products/2 200 820
2026-08-27 12:02:46 WARNING POST /api/logout 429 307
2026-08-27 12:02:47 INFO GET /api/users/812 200 1171
2026-08-27 12:02:49 ERROR POST /api/login 500 641
2026-08-27 12:02:50 INFO GET /api/orders 200 1433
2026-08-27 12:02:51 INFO POST /api/logout 200 814
2026-08-27 12:02:54 INFO GET /api/users/628 201 384
2026-08-27 12:02:55 INFO POST /api/logout 200 1159
2026-08-27 12:02:56 INFO GET /api/health 200 1103
2026-08-27 12:02:57 INFO GET /api/users 200 965
2026-08-27 12:02:59 INFO POST /api/login 200 584
2026-08-27 12:03:00 WARNING POST /api/login 400 932
2026-08-27 12:03:02 ERROR GET /api/users 503 1749
2026-08-27 12:03:04 INFO POST /api/logout 200 151
2026-08-27 12:03:06 INFO GET /api/health 200 493
2026-08-27 12:03:08 INFO PUT /api/products/119 200 620
2026-08-27 12:03:09 INFO GET /api/products 200 1418
2026-08-27 12:03:10 INFO GET /api/products 200 1020
2026-08-27 12:03:12 INFO GET /api/users 200 938
2026-08-27 12:03:13 WARNING POST /api/orders 429 766
2026-08-27 12:03:14 WARNING POST /api/logout 400 847
2026-08-27 12:03:17 INFO GET /api/health 201 1209
2026-08-27 12:03:18 INFO PUT /api/products/834 200 997
2026-08-27 12:03:20 INFO DELETE /api/users/804 200 923
2026-08-27 12:03:21 WARNING GET /api/users 404 791
2026-08-27 12:03:22 INFO GET /api/products 200 216
2026-08-27 12:03:23 INFO GET /api/users 200 529
2026-08-27 12:03:26 INFO POST /api/login 200 557
2026-08-27 12:03:27 INFO GET /api/health 200 418
2026-08-27 12:03:30 INFO DELETE /api/users/610 200 217
2026-08-27 12:03:33 WARNING GET /api/health 401 1144
2026-08-27 12:03:36 INFO DELETE /api/users/6 200 1481
2026-08-27 12:03:37 INFO GET /api/orders 200 327
2026-08-27 12:03:39 WARNING DELETE /api/users/98 429 894
2026-08-27 12:03:40 INFO POST /api/login 200 939
2026-08-27 12:03:43 INFO PUT /api/products/548 200 684
2026-08-27 12:03:44 ERROR GET /api/orders 500 1644
2026-08-27 12:03:45 INFO GET /api/health 200 1186
2026-08-27 12:03:48 WARNING GET /api/users 404 2418
2026-08-27 12:03:49 INFO POST /api/orders 200 276
2026-08-27 12:03:50 INFO GET /api/products 200 350
2026-08-27 12:03:51 INFO POST /api/logout 200 315
2026-08-27 12:03:52 INFO POST /api/orders 200 758
2026-08-27 12:03:53 ERROR POST /api/orders 503 1502
2026-08-27 12:03:54 INFO GET /api/users/426 200 1002
2026-08-27 12:03:57 INFO POST /api/logout 200 1101
2026-08-27 12:03:59 INFO POST /api/logout 200 1104
2026-08-27 12:04:00 INFO POST /api/logout 200 903
2026-08-27 12:04:02 INFO PUT /api/products/417 200 891
2026-08-27 12:04:04 INFO PUT /api/products/937 200 873
2026-08-27 12:04:07 INFO GET /api/health 200 1338
2026-08-27 12:04:08 INFO GET /api/products 200 1117
2026-08-27 12:04:10 ERROR GET /api/users/610 500 2405
2026-08-27 12:04:12 INFO POST /api/orders 200 187
2026-08-27 12:04:15 INFO POST /api/logout 200 1206
2026-08-27 12:04:17 INFO POST /api/orders 200 1181
2026-08-27 12:04:19 INFO GET /api/users/699 200 382
2026-08-27 12:04:20 ERROR GET /api/users/40 503 592
2026-08-27 12:04:21 INFO GET /api/users/865 200 1407
2026-08-27 12:04:23 INFO POST /api/login 200 390
2026-08-27 12:04:24 INFO PUT /api/products/342 200 1396
2026-08-27 12:04:25 ERROR GET /api/health 500 2443
2026-08-27 12:04:26 INFO POST /api/logout 200 277
2026-08-27 12:04:27 INFO DELETE /api/users/458 200 1102
2026-08-27 12:04:28 INFO GET /api/orders 200 132
2026-08-27 12:04:29 INFO DELETE /api/users/449 200 1249
2026-08-27 12:04:32 ERROR DELETE /api/users/984 500 2252
2026-08-27 12:04:34 WARNING GET /api/users/146 401 1947
2026-08-27 12:04:35 ERROR DELETE /api/users/420 500 2022
2026-08-27 12:04:38 INFO GET /api/orders 200 624
2026-08-27 12:04:40 INFO GET /api/health 200 311
2026-08-27 12:04:42 INFO GET /api/health 200 1386
2026-08-27 12:04:43 INFO GET /api/health 200 867
2026-08-27 12:04:44 WARNING GET /api/products 429 1422
2026-08-27 12:04:47 INFO POST /api/orders 200 209
2026-08-27 12:04:49 INFO POST /api/orders 200 610
2026-08-27 12:04:50 INFO PUT /api/products/820 200 1280
2026-08-27 12:04:51 INFO GET /api/users/681 200 190
2026-08-27 12:04:52 INFO GET /api/health 200 1382
2026-08-27 12:04:53 WARNING GET /api/users/164 401 1066
2026-08-27 12:04:54 INFO DELETE /api/users/211 200 1045
2026-08-27 12:04:55 INFO GET /api/products 200 1399
2026-08-27 12:04:57 INFO GET /api/products 200 997
2026-08-27 12:04:58 INFO GET /api/users 201 725
2026-08-27 12:04:59 INFO POST /api/logout 200 1149
2026-08-27 12:05:02 INFO GET /api/health 200 106
2026-08-27 12:05:05 INFO GET /api/products 200 1032
2026-08-27 12:05:06 INFO PUT /api/products/494 200 310
2026-08-27 12:05:07 INFO GET /api/users 200 1411
2026-08-27 12:05:08 INFO GET /api/orders 200 853
2026-08-27 12:05:09 WARNING PUT /api/products/610 401 1796
2026-08-27 12:05:10 INFO POST /api/login 200 737
2026-08-27 12:05:11 INFO POST /api/orders 200 952
2026-08-27 12:05:12 INFO POST /api/orders 200 234
2026-08-27 12:05:14 INFO POST /api/login 200 946
2026-08-27 12:05:16 INFO DELETE /api/users/581 200 211
2026-08-27 12:05:17 INFO POST /api/orders 200 62
2026-08-27 12:05:18 INFO GET /api/health 200 969
2026-08-27 12:05:21 INFO GET /api/users/815 200 1402
2026-08-27 12:05:22 INFO GET /api/products 200 102
2026-08-27 12:05:23 INFO GET /api/users 200 1163
2026-08-27 12:05:25 INFO GET /api/orders 200 252
2026-08-27 12:05:27 INFO POST /api/login 200 282
2026-08-27 12:05:29 INFO GET /api/users/538 200 716
2026-08-27 12:05:30 WARNING GET /api/orders 400 1407
2026-08-27 12:05:31 INFO GET /api/health 200 47
2026-08-27 12:05:32 INFO GET /api/products 200 362
2026-08-27 12:05:33 INFO POST /api/login 200 364
2026-08-27 12:05:34 WARNING DELETE /api/users/859 400 2135
2026-08-27 12:05:35 INFO GET /api/users/666 200 1124
2026-08-27 12:05:37 INFO POST /api/orders 200 608
2026-08-27 12:05:38 WARNING DELETE /api/users/59 401 2405
2026-08-27 12:05:39 INFO POST /api/logout 200 1075
2026-08-27 12:05:41 INFO GET /api/users 200 603
2026-08-27 12:05:43 ERROR GET /api/health 500 759
2026-08-27 12:05:44 INFO GET /api/users 200 209
2026-08-27 12:05:45 INFO GET /api/health 200 1330
2026-08-27 12:05:47 ERROR POST /api/logout 500 1691
2026-08-27 12:05:48 INFO POST /api/login 200 1011
2026-08-27 12:05:49 WARNING GET /api/products 404 2422
2026-08-27 12:05:50 INFO POST /api/logout 200 1453
2026-08-27 12:05:53 INFO POST /api/login 200 60
2026-08-27 12:05:54 WARNING GET /api/health 400 357
2026-08-27 12:05:55 WARNING GET /api/users 401 930
2026-08-27 12:05:56 ERROR DELETE /api/users/925 500 659
2026-08-27 12:05:57 INFO GET /api/users/794 201 86
2026-08-27 12:05:58 WARNING POST /api/login 400 1511
2026-08-27 12:05:59 INFO GET /api/products 200 505
2026-08-27 12:06:00 INFO PUT /api/products/246 200 720
2026-08-27 12:06:01 ERROR GET /api/health 500 1509
2026-08-27 12:06:04 INFO GET /api/users/406 200 177
2026-08-27 12:06:07 INFO DELETE /api/users/730 200 1309
2026-08-27 12:06:08 WARNING GET /api/products 429 796
2026-08-27 12:06:10 INFO POST /api/orders 200 579
2026-08-27 12:06:12 WARNING GET /api/orders 400 1844
2026-08-27 12:06:13 INFO POST /api/login 200 827
2026-08-27 12:06:15 WARNING PUT /api/products/182 404 716
2026-08-27 12:06:17 INFO POST /api/logout 200 784
2026-08-27 12:06:18 WARNING GET /api/users/498 429 1679
2026-08-27 12:06:20 INFO POST /api/logout 200 449
2026-08-27 12:06:21 INFO POST /api/logout 200 243
2026-08-27 12:06:24 INFO GET /api/orders 200 857
2026-08-27 12:06:25 INFO GET /api/products 200 385
2026-08-27 12:06:27 WARNING GET /api/orders 404 1042
2026-08-27 12:06:28 INFO PUT /api/products/617 200 380
2026-08-27 12:06:29 INFO POST /api/login 200 695
2026-08-27 12:06:30 INFO GET /api/orders 200 852
2026-08-27 12:06:32 INFO PUT /api/products/861 200 1127
2026-08-27 12:06:33 INFO GET /api/users 200 112
2026-08-27 12:06:35 WARNING GET /api/products 400 2083
2026-08-27 12:06:36 INFO GET /api/orders 200 870
2026-08-27 12:06:37 INFO PUT /api/products/780 200 106
2026-08-27 12:06:38 WARNING POST /api/logout 429 1457
2026-08-27 12:06:39 INFO POST /api/orders 200 807
2026-08-27 12:06:41 INFO GET /api/products 200 1495
2026-08-27 12:06:42 INFO POST /api/login 200 858
2026-08-27 12:06:43 INFO PUT /api/products/316 200 731
2026-08-27 12:06:46 INFO GET /api/products 200 322
2026-08-27 12:06:47 INFO GET /api/health 200 82
2026-08-27 12:06:48 INFO PUT /api/products/972 200 1121
2026-08-27 12:06:49 INFO PUT /api/products/18 200 1100
2026-08-27 12:06:50 INFO POST /api/login 200 804
2026-08-27 12:06:52 INFO GET /api/orders 200 109
2026-08-27 12:06:55 INFO POST /api/orders 200 730
2026-08-27 12:06:56 WARNING DELETE /api/users/29 401 435
2026-08-27 12:06:58 INFO PUT /api/products/311 200 401
2026-08-27 12:06:59 INFO GET /api/products 200 684
2026-08-27 12:07:00 ERROR POST /api/logout 500 1781
2026-08-27 12:07:01 ERROR GET /api/users 500 1848
2026-08-27 12:07:02 INFO PUT /api/products/674 200 1358
2026-08-27 12:07:04 INFO GET /api/users/117 200 1445
2026-08-27 12:07:07 INFO GET /api/products 200 1116
2026-08-27 12:07:08 INFO DELETE /api/users/824 200 850
2026-08-27 12:07:09 INFO GET /api/orders 200 179
2026-08-27 12:07:12 ERROR GET /api/products 503 1776
2026-08-27 12:07:13 INFO PUT /api/products/642 200 1288
2026-08-27 12:07:14 INFO GET /api/users/920 200 662
2026-08-27 12:07:15 INFO PUT /api/products/531 200 695
2026-08-27 12:07:17 INFO GET /api/users 201 413
2026-08-27 12:07:19 ERROR POST /api/orders 500 460
2026-08-27 12:07:20 INFO POST /api/orders 200 94
2026-08-27 12:07:22 INFO GET /api/users/947 200 569
2026-08-27 12:07:23 ERROR GET /api/users/967 500 2449
2026-08-27 12:07:25 INFO GET /api/products 200 1470
2026-08-27 12:07:26 INFO PUT /api/products/381 200 220
2026-08-27 12:07:28 INFO GET /api/users 200 1290
2026-08-27 12:07:29 ERROR GET /api/orders 500 1091
2026-08-27 12:07:30 INFO GET /api/health 200 873
2026-08-27 12:07:31 WARNING PUT /api/products/868 429 1664
2026-08-27 12:07:33 WARNING GET /api/users 400 557
2026-08-27 12:07:34 INFO DELETE /api/users/603 200 601
2026-08-27 12:07:35 INFO GET /api/users/152 200 582
2026-08-27 12:07:36 ERROR POST /api/orders 500 2461
2026-08-27 12:07:37 WARNING GET /api/health 400 1475
2026-08-27 12:07:38 INFO GET /api/orders 200 1177
2026-08-27 12:07:39 INFO GET /api/health 200 895
2026-08-27 12:07:41 INFO GET /api/users 200 1250
2026-08-27 12:07:42 INFO GET /api/users/961 201 1055
2026-08-27 12:07:44 INFO POST /api/login 200 94
2026-08-27 12:07:45 ERROR GET /api/health 500 1914
2026-08-27 12:07:46 WARNING GET /api/users 404 2293
2026-08-27 12:07:47 INFO GET /api/users/228 200 623
2026-08-27 12:07:49 INFO POST /api/login 200 1177
2026-08-27 12:07:50 WARNING POST /api/orders 404 1697
2026-08-27 12:07:53 INFO POST /api/login 200 642
2026-08-27 12:07:54 INFO GET /api/users/409 200 294
2026-08-27 12:07:56 ERROR PUT /api/products/273 500 1851
2026-08-27 12:07:59 INFO GET /api/health 200 1175
2026-08-27 12:08:00 INFO GET /api/orders 200 107
2026-08-27 12:08:01 INFO POST /api/logout 200 1014
2026-08-27 12:08:04 INFO PUT /api/products/143 200 1312
2026-08-27 12:08:07 INFO GET /api/health 200 986
2026-08-27 12:08:10 INFO POST /api/login 200 1256
2026-08-27 12:08:11 INFO GET /api/health 200 790
2026-08-27 12:08:12 INFO GET /api/users 200 781
2026-08-27 12:08:13 INFO GET /api/users/61 200 300
2026-08-27 12:08:14 INFO GET /api/users 200 1040
2026-08-27 12:08:15 INFO DELETE /api/users/158 200 192
2026-08-27 12:08:17 INFO POST /api/orders 200 483
2026-08-27 12:08:18 ERROR GET /api/orders 503 507
2026-08-27 12:08:19 INFO GET /api/products 200 1035
2026-08-27 12:08:20 ERROR GET /api/users 500 1582
2026-08-27 12:08:21 INFO POST /api/logout 201 415
2026-08-27 12:08:23 INFO PUT /api/products/529 200 1467
2026-08-27 12:08:25 WARNING POST /api/logout 400 948
2026-08-27 12:08:27 INFO DELETE /api/users/636 200 1304
2026-08-27 12:08:28 INFO GET /api/users/728 200 692
2026-08-27 12:08:31 INFO GET /api/users 200 463
2026-08-27 12:08:34 INFO PUT /api/products/229 200 357
2026-08-27 12:08:35 INFO POST /api/logout 200 509
2026-08-27 12:08:36 INFO GET /api/users 200 1060
2026-08-27 12:08:39 WARNING PUT /api/products/184 401 1678
2026-08-27 12:08:40 ERROR POST /api/orders 500 1481
2026-08-27 12:08:42 INFO PUT /api/products/943 200 66
2026-08-27 12:08:43 INFO POST /api/login 200 76
2026-08-27 12:08:46 INFO GET /api/users/922 200 391
2026-08-27 12:08:48 WARNING GET /api/users/336 400 2406
2026-08-27 12:08:49 INFO PUT /api/products/738 200 516
2026-08-27 12:08:50 INFO GET /api/users/914 200 114
2026-08-27 12:08:52 INFO POST /api/logout 200 1313
2026-08-27 12:08:54 INFO DELETE /api/users/619 200 1060
2026-08-27 12:08:55 INFO PUT /api/products/37 200 1119
2026-08-27 12:08:56 WARNING DELETE /api/users/853 400 2408
2026-08-27 12:08:57 WARNING GET /api/users/516 400 1968
2026-08-27 12:08:58 INFO DELETE /api/users/709 200 200
2026-08-27 12:09:00 INFO POST /api/login 200 297
2026-08-27 12:09:01 INFO GET /api/users 200 1071
2026-08-27 12:09:02 ERROR GET /api/products 503 1173
2026-08-27 12:09:03 ERROR PUT /api/products/845 503 1186
2026-08-27 12:09:06 WARNING POST /api/login 401 973
2026-08-27 12:09:07 WARNING POST /api/orders 401 1798
2026-08-27 12:09:08 WARNING GET /api/health 429 867
2026-08-27 12:09:09 ERROR GET /api/health 500 1824
2026-08-27 12:09:10 INFO DELETE /api/users/116 200 347
2026-08-27 12:09:11 INFO DELETE /api/users/68 200 1093
2026-08-27 12:09:13 INFO GET /api/products 200 1431
2026-08-27 12:09:14 WARNING POST /api/orders 400 751
2026-08-27 12:09:17 INFO POST /api/logout 200 1083
2026-08-27 12:09:20 INFO POST /api/orders 200 744
2026-08-27 12:09:23 WARNING GET /api/orders 429 2326
2026-08-27 12:09:24 INFO PUT /api/products/989 200 315
2026-08-27 12:09:25 INFO GET /api/users 200 1140
2026-08-27 12:09:26 INFO GET /api/users/431 200 613
2026-08-27 12:09:27 INFO GET /api/orders 200 615
2026-08-27 12:09:29 INFO GET /api/orders 200 1485
2026-08-27 12:09:31 INFO GET /api/users 200 95
2026-08-27 12:09:33 WARNING POST /api/orders 400 2408
2026-08-27 12:09:35 INFO GET /api/orders 200 1431
2026-08-27 12:09:37 INFO POST /api/orders 200 1372
2026-08-27 12:09:38 WARNING PUT /api/products/8 401 478
2026-08-27 12:09:39 ERROR GET /api/users 503 1605
2026-08-27 12:09:41 INFO POST /api/login 200 1066
2026-08-27 12:09:42 INFO PUT /api/products/404 200 472
2026-08-27 12:09:43 INFO GET /api/orders 200 831
2026-08-27 12:09:46 INFO GET /api/health 200 1291
2026-08-27 12:09:47 INFO GET /api/health 200 1152
2026-08-27 12:09:48 INFO DELETE /api/users/827 200 1370
2026-08-27 12:09:50 INFO GET /api/products 200 503
2026-08-27 12:09:51 WARNING GET /api/users/29 401 1938
2026-08-27 12:09:53 INFO PUT /api/products/664 200 537
2026-08-27 12:09:54 INFO POST /api/login 200 1275
2026-08-27 12:09:55 INFO PUT /api/products/661 200 1009
2026-08-27 12:09:56 INFO DELETE /api/users/16 200 1348
2026-08-27 12:09:57 INFO PUT /api/products/82 200 444
2026-08-27 12:09:59 INFO GET /api/products 200 1448
2026-08-27 12:10:00 INFO DELETE /api/users/399 200 816
2026-08-27 12:10:01 INFO GET /api/health 200 72
2026-08-27 12:10:02 INFO POST /api/orders 200 826
2026-08-27 12:10:03 INFO PUT /api/products/487 200 1480
2026-08-27 12:10:04 INFO GET /api/orders 200 1172
2026-08-27 12:10:06 INFO GET /api/orders 200 1229
2026-08-27 12:10:09 INFO GET /api/orders 200 1495
2026-08-27 12:10:10 WARNING PUT /api/products/384 400 830
2026-08-27 12:10:11 INFO DELETE /api/users/317 200 337
2026-08-27 12:10:14 INFO GET /api/health 200 1224
2026-08-27 12:10:15 INFO GET /api/products 200 588
2026-08-27 12:10:16 INFO GET /api/users/585 200 688
2026-08-27 12:10:19 INFO POST /api/orders 200 1164
2026-08-27 12:10:21 INFO GET /api/products 200 1268
2026-08-27 12:10:22 INFO GET /api/users 200 1257
2026-08-27 12:10:23 WARNING POST /api/logout 404 1147
2026-08-27 12:10:24 INFO POST /api/logout 200 609
2026-08-27 12:10:27 INFO PUT /api/products/378 200 250
2026-08-27 12:10:29 INFO POST /api/login 200 1241
2026-08-27 12:10:30 INFO GET /api/orders 200 798
2026-08-27 12:10:31 INFO PUT /api/products/402 200 1062
2026-08-27 12:10:32 INFO GET /api/products 200 472
2026-08-27 12:10:34 ERROR GET /api/users 500 2442
2026-08-27 12:10:35 INFO GET /api/health 200 121
2026-08-27 12:10:36 INFO PUT /api/products/77 200 1148
2026-08-27 12:10:39 INFO GET /api/orders 200 971
2026-08-27 12:10:42 INFO POST /api/logout 200 1497
2026-08-27 12:10:43 INFO GET /api/orders 200 483
2026-08-27 12:10:46 INFO DELETE /api/users/213 200 283
2026-08-27 12:10:47 INFO POST /api/orders 200 767
2026-08-27 12:10:48 INFO DELETE /api/users/338 200 1325
2026-08-27 12:10:49 INFO POST /api/login 200 1231
2026-08-27 12:10:50 WARNING GET /api/products 400 804
2026-08-27 12:10:51 WARNING GET /api/users/296 404 1628
2026-08-27 12:10:52 WARNING POST /api/logout 400 1942
2026-08-27 12:10:54 INFO GET /api/users/37 200 190
2026-08-27 12:10:55 INFO GET /api/users 200 350
2026-08-27 12:10:56 INFO POST /api/orders 200 1489
2026-08-27 12:10:59 INFO GET /api/users/455 200 651
2026-08-27 12:11:00 WARNING POST /api/logout 404 925
2026-08-27 12:11:01 WARNING GET /api/orders 400 582
2026-08-27 12:11:02 INFO GET /api/users 200 570
2026-08-27 12:11:03 INFO GET /api/orders 200 408
2026-08-27 12:11:05 INFO GET /api/products 200 751
2026-08-27 12:11:06 INFO GET /api/health 200 750
2026-08-27 12:11:08 WARNING GET /api/users/741 400 994
2026-08-27 12:11:09 INFO GET /api/orders 200 493
2026-08-27 12:11:10 INFO POST /api/login 200 882
2026-08-27 12:11:11 WARNING GET /api/users/431 404 952
2026-08-27 12:11:12 INFO GET /api/health 200 1236
2026-08-27 12:11:13 INFO DELETE /api/users/960 200 720
2026-08-27 12:11:14 INFO GET /api/health 200 1144
2026-08-27 12:11:16 INFO POST /api/login 200 1040
2026-08-27 12:11:19 INFO GET /api/users/169 200 1231
2026-08-27 12:11:22 INFO DELETE /api/users/345 200 1227
2026-08-27 12:11:23 INFO POST /api/logout 200 1407
2026-08-27 12:11:24 INFO POST /api/login 200 1444
2026-08-27 12:11:27 INFO POST /api/login 200 649
2026-08-27 12:11:29 INFO POST /api/login 200 1139
2026-08-27 12:11:30 INFO DELETE /api/users/955 200 895
2026-08-27 12:11:33 WARNING GET /api/products 404 2121
2026-08-27 12:11:34 INFO GET /api/users/834 200 153
2026-08-27 12:11:35 ERROR POST /api/login 500 1335
2026-08-27 12:11:36 INFO DELETE /api/users/259 200 804
2026-08-27 12:11:37 INFO PUT /api/products/65 200 1455
2026-08-27 12:11:38 INFO GET /api/orders 200 1240
2026-08-27 12:11:40 WARNING GET /api/users 400 1126
2026-08-27 12:11:42 INFO GET /api/users 200 740
2026-08-27 12:11:45 INFO GET /api/health 200 847
2026-08-27 12:11:47 INFO GET /api/health 200 368
2026-08-27 12:11:48 INFO GET /api/orders 200 1259
2026-08-27 12:11:50 INFO PUT /api/products/198 200 150
2026-08-27 12:11:53 INFO POST /api/logout 200 782
2026-08-27 12:11:56 INFO POST /api/orders 200 163
2026-08-27 12:11:57 INFO GET /api/users/40 200 544
2026-08-27 12:12:00 INFO GET /api/health 200 1122
2026-08-27 12:12:03 INFO GET /api/orders 200 1339
2026-08-27 12:12:06 WARNING GET /api/health 401 1742
2026-08-27 12:12:09 INFO POST /api/login 200 1284
2026-08-27 12:12:10 INFO PUT /api/products/163 200 794
2026-08-27 12:12:13 INFO POST /api/orders 200 856
2026-08-27 12:12:15 WARNING GET /api/orders 404 1849
2026-08-27 12:12:16 INFO PUT /api/products/363 200 582
2026-08-27 12:12:19 INFO POST /api/login 200 1380
2026-08-27 12:12:22 INFO POST /api/login 200 266
2026-08-27 12:12:25 INFO GET /api/users 200 1094
2026-08-27 12:12:28 INFO GET /api/users/322 200 947
2026-08-27 12:12:30 INFO DELETE /api/users/599 200 618
2026-08-27 12:12:32 INFO DELETE /api/users/276 200 745
2026-08-27 12:12:33 INFO GET /api/users/170 200 1206
2026-08-27 12:12:34 INFO GET /api/users 200 1027
2026-08-27 12:12:35 INFO GET /api/users/256 200 198
2026-08-27 12:12:38 INFO POST /api/login 200 1469
2026-08-27 12:12:39 INFO GET /api/health 200 562
2026-08-27 12:12:40 WARNING GET /api/users/281 404 2140
2026-08-27 12:12:43 ERROR GET /api/orders 500 991
2026-08-27 12:12:46 WARNING GET /api/orders 400 1895
2026-08-27 12:12:49 INFO POST /api/orders 200 103
2026-08-27 12:12:50 INFO DELETE /api/users/792 200 1217
2026-08-27 12:12:52 INFO DELETE /api/users/106 200 1208
2026-08-27 12:12:53 INFO POST /api/logout 200 1089
2026-08-27 12:12:55 INFO POST /api/login 200 1194
2026-08-27 12:12:56 INFO GET /api/users 200 1246
2026-08-27 12:12:57 INFO POST /api/orders 200 1090
2026-08-27 12:12:59 WARNING POST /api/orders 429 2008
2026-08-27 12:13:00 INFO POST /api/logout 200 925
2026-08-27 12:13:01 INFO GET /api/orders 200 1289
2026-08-27 12:13:02 INFO PUT /api/products/138 200 1288
2026-08-27 12:13:04 INFO GET /api/users 200 353
2026-08-27 12:13:05 INFO PUT /api/products/836 200 533
2026-08-27 12:13:08 ERROR GET /api/users 503 1883
2026-08-27 12:13:09 INFO GET /api/users 200 484
2026-08-27 12:13:11 WARNING GET /api/products 400 929
2026-08-27 12:13:12 INFO GET /api/health 200 1381
2026-08-27 12:13:14 WARNING GET /api/users/920 400 1687
2026-08-27 12:13:15 WARNING GET /api/health 400 1733
2026-08-27 12:13:18 INFO POST /api/orders 201 1464
2026-08-27 12:13:19 INFO GET /api/users 200 98
2026-08-27 12:13:22 INFO GET /api/products 200 590
2026-08-27 12:13:25 WARNING GET /api/users 400 1756
2026-08-27 12:13:26 INFO POST /api/logout 200 438
2026-08-27 12:13:29 INFO GET /api/orders 200 959
2026-08-27 12:13:30 ERROR DELETE /api/users/705 503 1786
2026-08-27 12:13:31 ERROR POST /api/logout 500 413
2026-08-27 12:13:32 WARNING GET /api/users/76 401 1496
2026-08-27 12:13:34 INFO GET /api/users 200 670
2026-08-27 12:13:36 INFO POST /api/logout 200 806
2026-08-27 12:13:38 INFO PUT /api/products/455 200 211
2026-08-27 12:13:40 INFO POST /api/orders 200 1334
2026-08-27 12:13:41 WARNING GET /api/products 404 835
2026-08-27 12:13:42 WARNING GET /api/users 400 799
2026-08-27 12:13:43 INFO POST /api/orders 200 782
2026-08-27 12:13:44 INFO DELETE /api/users/106 200 603
2026-08-27 12:13:45 INFO GET /api/users 200 1490
2026-08-27 12:13:46 INFO GET /api/users 200 89
2026-08-27 12:13:47 INFO GET /api/health 200 1071
2026-08-27 12:13:48 WARNING PUT /api/products/104 429 2418
2026-08-27 12:13:49 INFO GET /api/health 200 401
2026-08-27 12:13:52 WARNING GET /api/products 401 932
2026-08-27 12:13:53 ERROR GET /api/users 500 2117
2026-08-27 12:13:54 INFO GET /api/products 200 147
2026-08-27 12:13:55 INFO GET /api/users/740 200 942
2026-08-27 12:13:56 INFO GET /api/products 200 1042
2026-08-27 12:13:57 INFO POST /api/login 200 991
2026-08-27 12:14:00 WARNING GET /api/products 429 843
2026-08-27 12:14:01 WARNING POST /api/orders 400 2315
2026-08-27 12:14:02 INFO GET /api/users 200 1401
2026-08-27 12:14:03 WARNING POST /api/orders 400 1854
2026-08-27 12:14:04 INFO GET /api/products 200 52
2026-08-27 12:14:06 INFO GET /api/health 200 850
2026-08-27 12:14:07 INFO POST /api/logout 200 50
2026-08-27 12:14:08 INFO GET /api/users 200 415
2026-08-27 12:14:09 ERROR GET /api/orders 500 1436
2026-08-27 12:14:10 INFO GET /api/health 200 186
2026-08-27 12:14:11 INFO GET /api/health 200 1198
2026-08-27 12:14:12 INFO POST /api/logout 200 1321
2026-08-27 12:14:13 INFO POST /api/orders 200 1157
2026-08-27 12:14:16 INFO DELETE /api/users/236 200 1368
2026-08-27 12:14:18 INFO PUT /api/products/569 200 186
2026-08-27 12:14:19 WARNING GET /api/health 429 346
2026-08-27 12:14:20 INFO GET /api/health 200 699
2026-08-27 12:14:21 ERROR GET /api/orders 500 412
2026-08-27 12:14:22 INFO POST /api/orders 200 1105
2026-08-27 12:14:23 INFO POST /api/logout 200 669
2026-08-27 12:14:24 INFO POST /api/login 200 1031
2026-08-27 12:14:25 WARNING GET /api/users 404 1034
2026-08-27 12:14:26 WARNING GET /api/users/898 401 461
2026-08-27 12:14:29 WARNING PUT /api/products/505 404 940
2026-08-27 12:14:30 INFO POST /api/orders 200 1079
2026-08-27 12:14:31 ERROR GET /api/products 500 1456
2026-08-27 12:14:32 INFO POST /api/logout 200 1039
2026-08-27 12:14:33 INFO POST /api/logout 200 65
2026-08-27 12:14:34 INFO POST /api/login 200 730
2026-08-27 12:14:36 WARNING GET /api/users/320 401 1408
2026-08-27 12:14:37 INFO GET /api/products 200 942
2026-08-27 12:14:39 INFO GET /api/products 201 614
2026-08-27 12:14:40 INFO DELETE /api/users/857 200 631
2026-08-27 12:14:41 INFO POST /api/orders 200 300
2026-08-27 12:14:43 WARNING POST /api/orders 400 2081
2026-08-27 12:14:44 INFO PUT /api/products/932 200 1357
2026-08-27 12:14:46 INFO GET /api/users/338 200 487
2026-08-27 12:14:48 INFO GET /api/products 200 1040
2026-08-27 12:14:51 INFO POST /api/login 200 729
2026-08-27 12:14:52 INFO POST /api/orders 200 702
2026-08-27 12:14:53 INFO DELETE /api/users/981 200 969
2026-08-27 12:14:54 INFO POST /api/orders 200 170
2026-08-27 12:14:55 ERROR GET /api/products 500 1035
2026-08-27 12:14:56 INFO PUT /api/products/251 200 556
2026-08-27 12:14:57 INFO GET /api/orders 200 503
2026-08-27 12:14:59 INFO POST /api/login 200 236
2026-08-27 12:15:00 INFO DELETE /api/users/60 200 1222
2026-08-27 12:15:01 INFO POST /api/login 200 1056
2026-08-27 12:15:04 INFO POST /api/login 200 559
2026-08-27 12:15:05 INFO GET /api/orders 200 881
2026-08-27 12:15:06 INFO POST /api/logout 200 134
2026-08-27 12:15:07 INFO POST /api/orders 200 326
2026-08-27 12:15:10 INFO DELETE /api/users/633 200 205
2026-08-27 12:15:13 ERROR GET /api/products 500 592
2026-08-27 12:15:15 INFO POST /api/orders 200 884
2026-08-27 12:15:17 INFO GET /api/health 200 1429
2026-08-27 12:15:19 INFO DELETE /api/users/129 200 149
2026-08-27 12:15:20 INFO GET /api/orders 200 712
2026-08-27 12:15:23 INFO POST /api/orders 200 527
2026-08-27 12:15:24 WARNING GET /api/health 429 912
2026-08-27 12:15:26 WARNING GET /api/health 401 923
2026-08-27 12:15:28 INFO POST /api/logout 200 1207
2026-08-27 12:15:30 INFO GET /api/users/732 200 163
2026-08-27 12:15:32 INFO GET /api/users/841 200 720
2026-08-27 12:15:33 INFO POST /api/orders 200 663
2026-08-27 12:15:35 INFO PUT /api/products/239 200 1448
2026-08-27 12:15:37 INFO DELETE /api/users/975 200 381
2026-08-27 12:15:39 WARNING GET /api/orders 400 1871
2026-08-27 12:15:41 INFO GET /api/users/415 200 963
2026-08-27 12:15:44 INFO GET /api/orders 200 96
2026-08-27 12:15:45 INFO GET /api/products 200 58
2026-08-27 12:15:48 INFO POST /api/logout 200 428
2026-08-27 12:15:51 INFO GET /api/products 200 888
2026-08-27 12:15:52 INFO POST /api/orders 201 953
2026-08-27 12:15:53 INFO POST /api/logout 200 649
2026-08-27 12:15:54 INFO GET /api/health 200 1493
2026-08-27 12:15:56 INFO GET /api/users 200 1182
2026-08-27 12:15:59 WARNING POST /api/logout 401 1635
2026-08-27 12:16:00 INFO GET /api/users 200 244
2026-08-27 12:16:01 WARNING GET /api/orders 400 2065
2026-08-27 12:16:04 INFO GET /api/orders 200 1108
2026-08-27 12:16:07 INFO POST /api/logout 201 538
2026-08-27 12:16:08 INFO DELETE /api/users/235 200 128
2026-08-27 12:16:09 INFO DELETE /api/users/665 200 528
2026-08-27 12:16:12 WARNING GET /api/users 401 2488
2026-08-27 12:16:13 INFO PUT /api/products/893 200 503
2026-08-27 12:16:16 INFO GET /api/products 200 219
2026-08-27 12:16:17 WARNING DELETE /api/users/361 401 2222
2026-08-27 12:16:19 INFO POST /api/logout 200 865
2026-08-27 12:16:20 INFO DELETE /api/users/174 201 481
2026-08-27 12:16:23 INFO PUT /api/products/407 200 981
2026-08-27 12:16:24 INFO POST /api/logout 200 176
2026-08-27 12:16:26 INFO GET /api/orders 200 906
2026-08-27 12:16:27 INFO GET /api/orders 200 254
2026-08-27 12:16:28 INFO GET /api/products 200 1101
2026-08-27 12:16:29 INFO GET /api/users/490 200 297
2026-08-27 12:16:30 WARNING GET /api/products 404 2223
2026-08-27 12:16:32 INFO POST /api/logout 200 769
2026-08-27 12:16:34 INFO GET /api/orders 200 664
2026-08-27 12:16:35 INFO PUT /api/products/27 200 885
2026-08-27 12:16:36 INFO PUT /api/products/188 200 327
2026-08-27 12:16:37 INFO PUT /api/products/901 200 433
2026-08-27 12:16:38 INFO POST /api/logout 201 387
2026-08-27 12:16:39 INFO GET /api/health 200 1402
2026-08-27 12:16:40 INFO POST /api/logout 200 366
2026-08-27 12:16:43 INFO DELETE /api/users/734 200 80
2026-08-27 12:16:45 INFO POST /api/orders 200 815
2026-08-27 12:16:46 INFO POST /api/logout 200 787
2026-08-27 12:16:47 INFO GET /api/users/205 201 1107
2026-08-27 12:16:50 INFO PUT /api/products/213 200 364
2026-08-27 12:16:51 INFO GET /api/health 200 645
2026-08-27 12:16:52 INFO GET /api/orders 200 717
2026-08-27 12:16:53 INFO POST /api/orders 200 57
2026-08-27 12:16:56 INFO POST /api/logout 200 786
2026-08-27 12:16:57 ERROR DELETE /api/users/912 503 609
2026-08-27 12:16:58 WARNING GET /api/users 400 1368
2026-08-27 12:16:59 INFO GET /api/users 200 457
2026-08-27 12:17:00 INFO POST /api/logout 200 148
2026-08-27 12:17:02 INFO GET /api/users/481 200 254
2026-08-27 12:17:03 INFO PUT /api/products/653 200 48
2026-08-27 12:17:04 WARNING GET /api/users 404 2121
2026-08-27 12:17:05 INFO POST /api/login 200 1381
2026-08-27 12:17:06 INFO POST /api/orders 200 554
2026-08-27 12:17:07 INFO POST /api/orders 200 1191
2026-08-27 12:17:08 WARNING GET /api/users/22 400 1197
2026-08-27 12:17:11 INFO GET /api/orders 200 1334
2026-08-27 12:17:13 INFO DELETE /api/users/492 200 285
2026-08-27 12:17:14 INFO POST /api/orders 200 160
2026-08-27 12:17:16 INFO DELETE /api/users/697 200 1069
2026-08-27 12:17:19 WARNING GET /api/products 401 707
2026-08-27 12:17:21 INFO GET /api/users 200 1291
2026-08-27 12:17:22 INFO DELETE /api/users/562 200 266
2026-08-27 12:17:23 INFO POST /api/login 200 810
2026-08-27 12:17:26 INFO POST /api/orders 200 569
2026-08-27 12:17:27 INFO POST /api/logout 200 1368
2026-08-27 12:17:28 ERROR POST /api/orders 503 1522
2026-08-27 12:17:30 INFO POST /api/orders 200 1412
2026-08-27 12:17:31 INFO DELETE /api/users/372 200 146
2026-08-27 12:17:32 INFO POST /api/login 200 936
2026-08-27 12:17:35 INFO GET /api/orders 200 1058
2026-08-27 12:17:36 INFO GET /api/products 200 1274
2026-08-27 12:17:37 WARNING GET /api/products 404 774
2026-08-27 12:17:40 WARNING GET /api/orders 401 833
2026-08-27 12:17:41 INFO POST /api/login 200 956
2026-08-27 12:17:44 INFO GET /api/users 200 1010
2026-08-27 12:17:45 INFO GET /api/orders 200 902
2026-08-27 12:17:48 INFO GET /api/users/262 200 1271
2026-08-27 12:17:49 INFO POST /api/login 200 1047
2026-08-27 12:17:52 INFO POST /api/logout 200 492
2026-08-27 12:17:55 WARNING GET /api/health 404 1678
2026-08-27 12:17:57 INFO GET /api/products 200 1288
2026-08-27 12:17:58 INFO POST /api/login 200 1194
2026-08-27 12:17:59 INFO DELETE /api/users/844 200 268
2026-08-27 12:18:02 WARNING POST /api/orders 401 2272
2026-08-27 12:18:04 INFO GET /api/products 200 1406
2026-08-27 12:18:05 INFO POST /api/orders 200 1373
2026-08-27 12:18:07 INFO POST /api/login 200 1286
2026-08-27 12:18:08 WARNING GET /api/users 404 1848
2026-08-27 12:18:09 INFO PUT /api/products/215 200 554
2026-08-27 12:18:10 INFO GET /api/orders 200 467
2026-08-27 12:18:12 INFO POST /api/orders 200 1041
2026-08-27 12:18:13 INFO POST /api/logout 200 880
2026-08-27 12:18:14 WARNING GET /api/users/617 429 1745
2026-08-27 12:18:15 INFO GET /api/products 200 634
2026-08-27 12:18:16 INFO POST /api/login 200 238
2026-08-27 12:18:19 INFO POST /api/orders 200 1309
2026-08-27 12:18:20 INFO POST /api/logout 200 1495
2026-08-27 12:18:21 INFO POST /api/orders 200 631
2026-08-27 12:18:24 INFO GET /api/health 200 1434
2026-08-27 12:18:25 INFO GET /api/users 200 1220
2026-08-27 12:18:26 INFO GET /api/users/568 200 1388
2026-08-27 12:18:27 WARNING GET /api/users 400 1622
2026-08-27 12:18:28 INFO POST /api/orders 200 174
2026-08-27 12:18:31 WARNING DELETE /api/users/286 404 517
2026-08-27 12:18:32 INFO DELETE /api/users/822 200 958
2026-08-27 12:18:33 INFO DELETE /api/users/133 200 1200
2026-08-27 12:18:34 INFO GET /api/orders 200 552
2026-08-27 12:18:35 INFO GET /api/products 200 818
2026-08-27 12:18:37 INFO GET /api/users 200 1031
2026-08-27 12:18:38 WARNING GET /api/products 429 1527
2026-08-27 12:18:40 WARNING DELETE /api/users/232 400 2122
2026-08-27 12:18:41 ERROR POST /api/logout 503 2342
2026-08-27 12:18:42 INFO GET /api/users/513 201 721
2026-08-27 12:18:45 INFO GET /api/users/301 200 1263
2026-08-27 12:18:46 INFO PUT /api/products/762 200 276
2026-08-27 12:18:48 INFO POST /api/login 200 270
2026-08-27 12:18:50 INFO GET /api/users 201 651
2026-08-27 12:18:51 INFO POST /api/orders 200 681
2026-08-27 12:18:52 WARNING GET /api/products 400 754
2026-08-27 12:18:53 WARNING DELETE /api/users/337 400 541
2026-08-27 12:18:56 INFO POST /api/login 200 326
2026-08-27 12:18:57 INFO GET /api/orders 200 348
2026-08-27 12:18:59 INFO PUT /api/products/171 200 761
2026-08-27 12:19:01 WARNING POST /api/logout 401 1539
2026-08-27 12:19:03 WARNING POST /api/login 400 1165
2026-08-27 12:19:04 INFO GET /api/orders 200 849
2026-08-27 12:19:05 INFO POST /api/orders 201 599
2026-08-27 12:19:08 INFO POST /api/login 200 872
2026-08-27 12:19:11 INFO POST /api/login 200 904
2026-08-27 12:19:12 INFO GET /api/users 200 1141
2026-08-27 12:19:14 INFO POST /api/logout 200 1158
2026-08-27 12:19:15 INFO GET /api/products 200 162
2026-08-27 12:19:17 INFO GET /api/users 200 786
2026-08-27 12:19:18 WARNING GET /api/products 400 1009
2026-08-27 12:19:19 WARNING GET /api/users 404 1950
2026-08-27 12:19:20 INFO DELETE /api/users/586 200 211
2026-08-27 12:19:22 INFO POST /api/orders 200 523
2026-08-27 12:19:24 INFO POST /api/login 201 1036
2026-08-27 12:19:27 INFO POST /api/login 200 567
2026-08-27 12:19:28 INFO PUT /api/products/883 200 1452
2026-08-27 12:19:29 WARNING GET /api/users/651 429 1394
2026-08-27 12:19:32 INFO GET /api/health 200 1389
2026-08-27 12:19:33 INFO GET /api/users 200 185
2026-08-27 12:19:34 INFO POST /api/orders 200 496
2026-08-27 12:19:36 WARNING GET /api/orders 429 1611
2026-08-27 12:19:37 INFO POST /api/login 200 597
2026-08-27 12:19:38 WARNING PUT /api/products/429 401 1609
2026-08-27 12:19:40 INFO POST /api/orders 200 1005
2026-08-27 12:19:41 INFO GET /api/products 200 1367
2026-08-27 12:19:42 INFO GET /api/orders 200 107
2026-08-27 12:19:43 WARNING POST /api/orders 429 1953
2026-08-27 12:19:44 WARNING GET /api/users/98 400 2201
2026-08-27 12:19:45 INFO GET /api/users/650 200 995
2026-08-27 12:19:46 INFO POST /api/login 200 795
2026-08-27 12:19:47 INFO POST /api/login 200 1160
2026-08-27 12:19:48 INFO GET /api/products 200 141
2026-08-27 12:19:49 INFO POST /api/login 200 665
2026-08-27 12:19:50 INFO PUT /api/products/275 200 1085
2026-08-27 12:19:51 INFO GET /api/users/417 200 1126
2026-08-27 12:19:52 INFO GET /api/health 200 1273
2026-08-27 12:19:53 INFO GET /api/users 200 403
2026-08-27 12:19:54 INFO GET /api/orders 200 799
2026-08-27 12:19:57 WARNING PUT /api/products/414 404 911
2026-08-27 12:19:58 INFO DELETE /api/users/801 200 188
2026-08-27 12:20:01 INFO POST /api/orders 200 1209
2026-08-27 12:20:03 INFO POST /api/login 200 1016
2026-08-27 12:20:04 INFO GET /api/health 200 379
2026-08-27 12:20:05 INFO POST /api/orders 200 1314
2026-08-27 12:20:06 INFO POST /api/login 200 318
2026-08-27 12:20:07 INFO DELETE /api/users/17 200 1430
2026-08-27 12:20:08 WARNING PUT /api/products/251 401 1343
2026-08-27 12:20:09 INFO POST /api/logout 200 682
2026-08-27 12:20:10 INFO POST /api/logout 200 53
2026-08-27 12:20:11 INFO GET /api/users/71 200 1474
2026-08-27 12:20:14 INFO DELETE /api/users/478 200 1255
2026-08-27 12:20:17 INFO DELETE /api/users/182 200 700
2026-08-27 12:20:18 WARNING GET /api/users/992 429 1422
2026-08-27 12:20:19 INFO GET /api/users/419 200 1312
2026-08-27 12:20:20 INFO POST /api/orders 200 1383
2026-08-27 12:20:22 INFO GET /api/users 200 184
2026-08-27 12:20:23 INFO GET /api/orders 200 658
2026-08-27 12:20:24 INFO GET /api/users 200 391
2026-08-27 12:20:25 INFO POST /api/login 200 1491
2026-08-27 12:20:26 WARNING POST /api/logout 429 1928
2026-08-27 12:20:27 WARNING DELETE /api/users/824 429 499
2026-08-27 12:20:28 INFO GET /api/users 200 723
2026-08-27 12:20:30 INFO POST /api/orders 200 1305
2026-08-27 12:20:33 INFO GET /api/health 200 428
2026-08-27 12:20:35 INFO GET /api/users 200 1276
2026-08-27 12:20:36 INFO GET /api/products 200 1420
2026-08-27 12:20:39 INFO DELETE /api/users/719 200 824
2026-08-27 12:20:40 ERROR GET /api/orders 500 1744
2026-08-27 12:20:41 WARNING GET /api/orders 400 1437
2026-08-27 12:20:42 INFO POST /api/login 200 1314
2026-08-27 12:20:43 INFO PUT /api/products/849 200 1338
2026-08-27 12:20:44 INFO POST /api/login 200 1178
2026-08-27 12:20:47 INFO DELETE /api/users/610 200 1026
2026-08-27 12:20:50 INFO DELETE /api/users/371 200 595
2026-08-27 12:20:52 WARNING POST /api/orders 404 990
2026-08-27 12:20:55 INFO PUT /api/products/54 200 93
2026-08-27 12:20:57 INFO GET /api/orders 200 1321
2026-08-27 12:20:58 INFO PUT /api/products/497 200 1332
2026-08-27 12:21:01 INFO GET /api/health 200 1261
2026-08-27 12:21:02 INFO GET /api/users/67 200 1019
2026-08-27 12:21:03 INFO POST /api/logout 200 826
2026-08-27 12:21:04 INFO GET /api/products 200 1156
2026-08-27 12:21:06 INFO GET /api/users 200 584
2026-08-27 12:21:07 INFO GET /api/products 200 460
2026-08-27 12:21:09 INFO POST /api/login 200 722
2026-08-27 12:21:10 INFO POST /api/orders 200 916
2026-08-27 12:21:12 ERROR POST /api/logout 500 1522
2026-08-27 12:21:15 INFO GET /api/users/501 200 1296
2026-08-27 12:21:16 INFO GET /api/users 200 979
2026-08-27 12:21:17 ERROR GET /api/users/351 500 382
2026-08-27 12:21:20 WARNING GET /api/users 401 1717
2026-08-27 12:21:23 ERROR POST /api/orders 500 1438
2026-08-27 12:21:25 INFO DELETE /api/users/541 200 558
2026-08-27 12:21:26 INFO GET /api/users 200 457
2026-08-27 12:21:28 WARNING POST /api/login 429 2274
2026-08-27 12:21:31 ERROR DELETE /api/users/489 500 624
2026-08-27 12:21:32 INFO GET /api/users/123 200 138
2026-08-27 12:21:33 INFO GET /api/users/198 200 761
2026-08-27 12:21:36 INFO GET /api/products 200 978
2026-08-27 12:21:37 INFO DELETE /api/users/876 200 1263
2026-08-27 12:21:38 INFO POST /api/orders 200 168
2026-08-27 12:21:39 INFO GET /api/orders 200 1352
2026-08-27 12:21:40 INFO POST /api/orders 200 305
2026-08-27 12:21:41 INFO PUT /api/products/447 200 572
2026-08-27 12:21:43 INFO PUT /api/products/304 200 1022
2026-08-27 12:21:46 INFO GET /api/orders 200 892
2026-08-27 12:21:49 INFO DELETE /api/users/380 200 1234
2026-08-27 12:21:50 INFO GET /api/users/39 200 1396
2026-08-27 12:21:52 WARNING GET /api/orders 401 2106
2026-08-27 12:21:53 INFO GET /api/products 200 98
2026-08-27 12:21:54 INFO GET /api/health 200 639
2026-08-27 12:21:56 INFO POST /api/logout 200 877
2026-08-27 12:21:57 WARNING GET /api/users/28 404 401
2026-08-27 12:21:58 INFO GET /api/users/939 200 878
2026-08-27 12:21:59 INFO GET /api/users 200 1449
2026-08-27 12:22:00 INFO GET /api/products 200 876
2026-08-27 12:22:01 INFO GET /api/orders 200 340
2026-08-27 12:22:03 WARNING POST /api/orders 401 1058
2026-08-27 12:22:06 INFO POST /api/logout 200 1350
2026-08-27 12:22:07 INFO GET /api/health 200 235
2026-08-27 12:22:08 WARNING POST /api/orders 404 1613
2026-08-27 12:22:11 INFO GET /api/health 200 1301
2026-08-27 12:22:14 WARNING DELETE /api/users/705 400 2238
2026-08-27 12:22:15 INFO DELETE /api/users/154 200 929
2026-08-27 12:22:18 WARNING GET /api/users/780 400 1155
2026-08-27 12:22:19 INFO GET /api/health 200 1420
2026-08-27 12:22:22 INFO GET /api/orders 200 1250
2026-08-27 12:22:23 INFO PUT /api/products/476 200 340
2026-08-27 12:22:24 INFO POST /api/login 200 1395
2026-08-27 12:22:26 INFO DELETE /api/users/111 200 1348
2026-08-27 12:22:27 INFO GET /api/products 200 816
2026-08-27 12:22:28 INFO DELETE /api/users/734 200 287
2026-08-27 12:22:31 INFO GET /api/users/164 200 602
2026-08-27 12:22:33 ERROR GET /api/orders 500 1201
2026-08-27 12:22:34 ERROR POST /api/login 503 514
2026-08-27 12:22:36 INFO POST /api/login 200 875
2026-08-27 12:22:38 INFO PUT /api/products/273 200 767
2026-08-27 12:22:39 INFO GET /api/orders 200 1065
2026-08-27 12:22:40 INFO DELETE /api/users/687 200 578
2026-08-27 12:22:41 INFO POST /api/orders 200 1219
2026-08-27 12:22:43 ERROR POST /api/orders 500 1248
2026-08-27 12:22:44 INFO GET /api/health 200 1214
2026-08-27 12:22:45 INFO GET /api/users/79 200 1034
2026-08-27 12:22:46 INFO GET /api/health 200 1456
2026-08-27 12:22:49 WARNING POST /api/orders 400 1481
2026-08-27 12:22:50 INFO GET /api/orders 200 438
2026-08-27 12:22:53 INFO POST /api/logout 200 998
2026-08-27 12:22:54 INFO DELETE /api/users/866 200 682
2026-08-27 12:22:55 INFO POST /api/login 200 1297
2026-08-27 12:22:58 INFO GET /api/products 200 1371
2026-08-27 12:22:59 INFO GET /api/health 200 1268
2026-08-27 12:23:01 INFO DELETE /api/users/406 200 899
2026-08-27 12:23:02 WARNING GET /api/users 429 2434
2026-08-27 12:23:03 ERROR GET /api/users 503 1442
2026-08-27 12:23:04 INFO GET /api/health 200 60
2026-08-27 12:23:05 INFO POST /api/logout 200 698
2026-08-27 12:23:06 INFO POST /api/logout 200 1317
2026-08-27 12:23:09 INFO POST /api/login 200 1277
2026-08-27 12:23:10 INFO POST /api/login 200 1498
2026-08-27 12:23:11 ERROR GET /api/users 500 1137
2026-08-27 12:23:12 INFO GET /api/users 200 1124
2026-08-27 12:23:13 INFO PUT /api/products/259 200 203
2026-08-27 12:23:15 INFO POST /api/login 200 355
2026-08-27 12:23:16 INFO POST /api/logout 200 80
2026-08-27 12:23:17 INFO PUT /api/products/920 200 872
2026-08-27 12:23:18 INFO GET /api/products 200 1439
2026-08-27 12:23:21 INFO GET /api/orders 200 1189
2026-08-27 12:23:23 INFO GET /api/health 200 1067
2026-08-27 12:23:25 INFO POST /api/login 200 862
2026-08-27 12:23:26 INFO POST /api/login 200 140
2026-08-27 12:23:27 INFO GET /api/users 200 276
2026-08-27 12:23:29 INFO POST /api/orders 200 772
2026-08-27 12:23:30 WARNING GET /api/users/416 400 2500
2026-08-27 12:23:31 WARNING GET /api/orders 404 919
2026-08-27 12:23:34 WARNING PUT /api/products/992 429 1131
2026-08-27 12:23:36 INFO GET /api/orders 200 596
2026-08-27 12:23:37 INFO GET /api/products 200 645
2026-08-27 12:23:38 INFO GET /api/users 201 645
2026-08-27 12:23:40 INFO GET /api/users/576 200 511
2026-08-27 12:23:42 INFO DELETE /api/users/872 200 699
2026-08-27 12:23:43 INFO PUT /api/products/872 200 1071
2026-08-27 12:23:44 INFO GET /api/orders 200 294
2026-08-27 12:23:45 INFO GET /api/health 200 369
2026-08-27 12:23:48 INFO POST /api/logout 200 190
2026-08-27 12:23:50 INFO POST /api/login 200 1374
2026-08-27 12:23:52 INFO DELETE /api/users/301 200 1179
2026-08-27 12:23:55 ERROR DELETE /api/users/839 503 1210
2026-08-27 12:23:57 INFO GET /api/orders 200 708
2026-08-27 12:23:58 ERROR POST /api/orders 500 936
2026-08-27 12:23:59 WARNING GET /api/users/352 400 1918
2026-08-27 12:24:02 INFO POST /api/logout 200 406
2026-08-27 12:24:03 INFO GET /api/orders 200 480
2026-08-27 12:24:04 INFO GET /api/orders 200 892
2026-08-27 12:24:05 INFO POST /api/orders 200 724
2026-08-27 12:24:06 INFO GET /api/products 200 551
2026-08-27 12:24:07 INFO POST /api/login 200 1127
2026-08-27 12:24:08 INFO GET /api/users 200 1370
2026-08-27 12:24:11 WARNING POST /api/logout 429 978
2026-08-27 12:24:14 WARNING POST /api/orders 404 1049
2026-08-27 12:24:15 INFO POST /api/login 200 1080
2026-08-27 12:24:18 INFO PUT /api/products/645 200 502
2026-08-27 12:24:19 WARNING POST /api/orders 429 383
2026-08-27 12:24:20 INFO GET /api/users 200 154
2026-08-27 12:24:21 INFO POST /api/orders 200 1108
2026-08-27 12:24:24 INFO POST /api/login 200 1341
2026-08-27 12:24:27 INFO DELETE /api/users/36 200 702
2026-08-27 12:24:28 INFO POST /api/orders 200 901
2026-08-27 12:24:31 INFO GET /api/users/296 200 1047
2026-08-27 12:24:33 ERROR GET /api/orders 500 2475
2026-08-27 12:24:34 INFO POST /api/logout 200 1095
2026-08-27 12:24:37 INFO GET /api/users/295 200 477
2026-08-27 12:24:38 INFO GET /api/orders 200 1099
2026-08-27 12:24:40 INFO GET /api/users/68 201 1351
2026-08-27 12:24:41 INFO GET /api/orders 200 200
2026-08-27 12:24:44 INFO GET /api/users 200 978
2026-08-27 12:24:45 INFO POST /api/login 200 372
2026-08-27 12:24:46 INFO DELETE /api/users/634 200 1090
2026-08-27 12:24:47 WARNING POST /api/login 404 1831
2026-08-27 12:24:49 INFO POST /api/logout 200 1497
2026-08-27 12:24:51 INFO GET /api/users/808 200 843
2026-08-27 12:24:53 WARNING GET /api/orders 401 415
2026-08-27 12:24:54 INFO GET /api/orders 200 152
2026-08-27 12:24:55 INFO GET /api/health 201 915
2026-08-27 12:24:58 INFO POST /api/orders 200 766
2026-08-27 12:25:00 INFO GET /api/users 200 1033
2026-08-27 12:25:01 INFO POST /api/orders 200 401
2026-08-27 12:25:04 INFO GET /api/health 201 443
2026-08-27 12:25:05 INFO GET /api/orders 200 601
2026-08-27 12:25:08 WARNING PUT /api/products/70 429 447
2026-08-27 12:25:11 WARNING GET /api/users/546 400 1193
2026-08-27 12:25:12 INFO PUT /api/products/403 200 1265
2026-08-27 12:25:15 INFO GET /api/products 200 1183
2026-08-27 12:25:16 INFO GET /api/products 200 105
2026-08-27 12:25:18 INFO DELETE /api/users/551 200 860
2026-08-27 12:25:20 WARNING GET /api/users/844 401 1286
2026-08-27 12:25:21 INFO GET /api/orders 200 423
2026-08-27 12:25:22 INFO PUT /api/products/726 200 1461
2026-08-27 12:25:25 INFO GET /api/health 200 949
2026-08-27 12:25:26 WARNING POST /api/login 404 1504
2026-08-27 12:25:28 INFO POST /api/orders 200 1041
2026-08-27 12:25:29 WARNING POST /api/login 401 1091
2026-08-27 12:25:31 INFO DELETE /api/users/693 200 63
2026-08-27 12:25:32 WARNING GET /api/products 404 623
2026-08-27 12:25:33 INFO DELETE /api/users/680 200 862
2026-08-27 12:25:34 INFO GET /api/products 200 1168
2026-08-27 12:25:35 INFO GET /api/health 200 1482
2026-08-27 12:25:37 INFO GET /api/users 200 1226
2026-08-27 12:25:38 INFO POST /api/logout 200 543
2026-08-27 12:25:39 WARNING DELETE /api/users/347 404 621
2026-08-27 12:25:40 INFO GET /api/orders 200 1167
2026-08-27 12:25:43 INFO GET /api/orders 200 971
2026-08-27 12:25:45 WARNING GET /api/users 400 2208
2026-08-27 12:25:47 INFO POST /api/logout 200 1359
2026-08-27 12:25:48 WARNING GET /api/health 404 1922
2026-08-27 12:25:51 INFO POST /api/orders 200 623
2026-08-27 12:25:52 WARNING GET /api/users 400 2317
2026-08-27 12:25:53 INFO GET /api/products 200 320
2026-08-27 12:25:54 INFO GET /api/products 200 881
2026-08-27 12:25:57 INFO GET /api/users/373 200 171
2026-08-27 12:25:58 INFO PUT /api/products/294 200 633
2026-08-27 12:26:00 INFO GET /api/products 200 499
2026-08-27 12:26:01 INFO GET /api/users 200 950
2026-08-27 12:26:02 INFO GET /api/orders 200 60
2026-08-27 12:26:03 INFO GET /api/users/183 200 1097
2026-08-27 12:26:06 INFO GET /api/orders 200 430
2026-08-27 12:26:09 WARNING GET /api/products 404 1364
2026-08-27 12:26:10 INFO POST /api/login 200 716
2026-08-27 12:26:11 INFO PUT /api/products/717 200 372
2026-08-27 12:26:13 INFO POST /api/login 200 432
2026-08-27 12:26:14 INFO DELETE /api/users/590 200 172
2026-08-27 12:26:15 INFO GET /api/users 200 130
2026-08-27 12:26:16 INFO GET /api/health 200 1485
2026-08-27 12:26:19 INFO PUT /api/products/53 200 492
2026-08-27 12:26:20 INFO GET /api/health 200 635
2026-08-27 12:26:21 INFO POST /api/logout 200 1068
2026-08-27 12:26:22 INFO GET /api/products 200 1393
2026-08-27 12:26:23 INFO POST /api/logout 200 1318
2026-08-27 12:26:24 INFO PUT /api/products/532 200 1285
2026-08-27 12:26:25 ERROR GET /api/users/70 503 1212
2026-08-27 12:26:27 INFO GET /api/users 200 392
2026-08-27 12:26:28 ERROR GET /api/products 503 551
2026-08-27 12:26:29 INFO GET /api/orders 200 164
2026-08-27 12:26:30 INFO GET /api/users/905 200 389
2026-08-27 12:26:32 WARNING GET /api/health 400 332
2026-08-27 12:26:34 WARNING POST /api/logout 429 307
2026-08-27 12:26:37 INFO POST /api/login 200 1239
2026-08-27 12:26:38 WARNING POST /api/logout 401 1039
2026-08-27 12:26:39 INFO POST /api/login 201 1497
2026-08-27 12:26:40 WARNING GET /api/health 429 2101
2026-08-27 12:26:43 INFO POST /api/orders 200 63
2026-08-27 12:26:44 INFO DELETE /api/users/725 200 1441
2026-08-27 12:26:47 INFO GET /api/orders 200 216
2026-08-27 12:26:48 INFO DELETE /api/users/597 200 1474
2026-08-27 12:26:51 WARNING GET /api/orders 429 2315
2026-08-27 12:26:53 INFO PUT /api/products/7 200 1280
2026-08-27 12:26:56 INFO DELETE /api/users/71 200 802
2026-08-27 12:26:58 INFO DELETE /api/users/404 200 329
2026-08-27 12:26:59 INFO GET /api/health 200 636
2026-08-27 12:27:00 INFO GET /api/orders 200 579
2026-08-27 12:27:03 INFO GET /api/health 200 1032
2026-08-27 12:27:04 INFO GET /api/products 200 968
2026-08-27 12:27:05 INFO POST /api/orders 200 523
2026-08-27 12:27:06 WARNING GET /api/users 400 1884
2026-08-27 12:27:07 WARNING GET /api/orders 401 1809
2026-08-27 12:27:08 WARNING GET /api/health 401 1146
2026-08-27 12:27:10 INFO GET /api/users/489 201 1454
2026-08-27 12:27:12 WARNING DELETE /api/users/19 400 2476
2026-08-27 12:27:13 INFO DELETE /api/users/517 200 979
2026-08-27 12:27:15 INFO PUT /api/products/131 200 1470
2026-08-27 12:27:18 INFO GET /api/health 201 782
2026-08-27 12:27:20 INFO POST /api/login 200 626
2026-08-27 12:27:21 INFO DELETE /api/users/253 200 123
2026-08-27 12:27:24 INFO GET /api/users/755 200 868
2026-08-27 12:27:26 INFO GET /api/products 200 678
2026-08-27 12:27:29 INFO PUT /api/products/580 200 461
2026-08-27 12:27:30 WARNING DELETE /api/users/125 429 1546
2026-08-27 12:27:31 INFO GET /api/users/398 200 1045
2026-08-27 12:27:32 INFO POST /api/logout 200 100
2026-08-27 12:27:34 INFO GET /api/orders 200 1109
2026-08-27 12:27:35 INFO POST /api/logout 200 1159
2026-08-27 12:27:36 INFO DELETE /api/users/529 200 1282
2026-08-27 12:27:37 INFO POST /api/logout 200 791
2026-08-27 12:27:40 INFO GET /api/users/789 200 206
2026-08-27 12:27:41 INFO GET /api/health 200 117
2026-08-27 12:27:42 WARNING POST /api/logout 400 636
2026-08-27 12:27:43 INFO GET /api/users/968 200 687
2026-08-27 12:27:44 INFO GET /api/health 200 550
2026-08-27 12:27:45 INFO POST /api/logout 200 1093
2026-08-27 12:27:46 INFO GET /api/orders 200 946
2026-08-27 12:27:47 INFO PUT /api/products/253 200 565
2026-08-27 12:27:48 INFO GET /api/orders 200 821
2026-08-27 12:27:49 INFO DELETE /api/users/619 200 392
2026-08-27 12:27:50 WARNING GET /api/health 404 2383
2026-08-27 12:27:51 INFO POST /api/logout 200 1127
2026-08-27 12:27:52 INFO DELETE /api/users/837 200 762
2026-08-27 12:27:55 INFO DELETE /api/users/102 200 781
2026-08-27 12:27:58 INFO DELETE /api/users/219 200 1326
2026-08-27 12:28:00 WARNING GET /api/users/532 400 428
2026-08-27 12:28:03 INFO POST /api/login 200 248
2026-08-27 12:28:05 INFO GET /api/products 200 1349
2026-08-27 12:28:07 INFO GET /api/orders 200 1287
2026-08-27 12:28:08 INFO POST /api/login 200 1117
2026-08-27 12:28:11 INFO POST /api/login 200 241
2026-08-27 12:28:12 INFO GET /api/products 200 1086
2026-08-27 12:28:13 INFO GET /api/users/98 200 895
2026-08-27 12:28:16 INFO DELETE /api/users/287 200 372
2026-08-27 12:28:19 INFO GET /api/orders 200 1048
2026-08-27 12:28:22 INFO DELETE /api/users/98 200 564
2026-08-27 12:28:23 INFO PUT /api/products/342 200 1140
2026-08-27 12:28:24 INFO GET /api/health 200 706
2026-08-27 12:28:27 INFO GET /api/users 200 61
2026-08-27 12:28:28 INFO POST /api/logout 200 590
2026-08-27 12:28:29 WARNING GET /api/users/612 404 1592
2026-08-27 12:28:30 INFO PUT /api/products/548 200 299
2026-08-27 12:28:32 INFO GET /api/health 200 1053
2026-08-27 12:28:35 INFO POST /api/login 200 1271
2026-08-27 12:28:38 WARNING POST /api/logout 400 971
2026-08-27 12:28:39 INFO PUT /api/products/404 200 1267
2026-08-27 12:28:41 INFO GET /api/users/866 200 714
2026-08-27 12:28:42 INFO DELETE /api/users/710 200 970
2026-08-27 12:28:43 INFO GET /api/users/259 200 642
2026-08-27 12:28:45 ERROR GET /api/orders 500 2448
2026-08-27 12:28:47 INFO PUT /api/products/423 200 1256
2026-08-27 12:28:48 INFO GET /api/users/301 200 1254
2026-08-27 12:28:49 INFO GET /api/users 200 139
2026-08-27 12:28:50 INFO POST /api/logout 200 1427
2026-08-27 12:28:52 INFO POST /api/orders 200 1270
2026-08-27 12:28:54 INFO GET /api/orders 200 794
2026-08-27 12:28:55 WARNING GET /api/products 404 2087
2026-08-27 12:28:56 INFO POST /api/login 200 204
2026-08-27 12:28:59 INFO PUT /api/products/580 200 202
2026-08-27 12:29:02 INFO GET /api/users/585 200 525
2026-08-27 12:29:03 INFO GET /api/orders 201 48
2026-08-27 12:29:05 INFO GET /api/products 200 770
2026-08-27 12:29:06 INFO POST /api/login 200 828
2026-08-27 12:29:09 INFO POST /api/orders 200 783
2026-08-27 12:29:12 INFO GET /api/products 200 816
2026-08-27 12:29:13 INFO POST /api/login 200 70
2026-08-27 12:29:14 INFO DELETE /api/users/254 200 816
2026-08-27 12:29:15 INFO POST /api/logout 200 1446
2026-08-27 12:29:16 INFO GET /api/health 201 1413
2026-08-27 12:29:17 INFO GET /api/health 200 99
2026-08-27 12:29:20 INFO POST /api/orders 200 1102
2026-08-27 12:29:21 WARNING POST /api/logout 400 1621
2026-08-27 12:29:22 INFO GET /api/users 200 420
2026-08-27 12:29:25 INFO POST /api/login 200 582
2026-08-27 12:29:26 INFO DELETE /api/users/683 200 1054
2026-08-27 12:29:27 INFO GET /api/users 200 1198
2026-08-27 12:29:30 INFO POST /api/login 200 1190
2026-08-27 12:29:31 INFO PUT /api/products/80 200 1222
2026-08-27 12:29:32 INFO POST /api/orders 200 255
2026-08-27 12:29:33 WARNING GET /api/users/262 400 2008
2026-08-27 12:29:34 INFO GET /api/users 200 313
2026-08-27 12:29:35 INFO GET /api/users 200 1400
2026-08-27 12:29:37 ERROR GET /api/products 500 2290
2026-08-27 12:29:40 WARNING POST /api/login 400 481
2026-08-27 12:29:41 INFO POST /api/login 200 1425
2026-08-27 12:29:42 INFO GET /api/users/25 200 1159
2026-08-27 12:29:43 INFO GET /api/products 200 1343
2026-08-27 12:29:44 INFO GET /api/health 200 744
2026-08-27 12:29:45 WARNING POST /api/logout 404 1778
2026-08-27 12:29:46 INFO POST /api/orders 200 358
2026-08-27 12:29:48 INFO GET /api/products 200 912
2026-08-27 12:29:49 INFO PUT /api/products/481 200 1229
2026-08-27 12:29:50 WARNING POST /api/logout 404 2011
2026-08-27 12:29:52 INFO GET /api/health 200 950
2026-08-27 12:29:55 INFO GET /api/users/524 200 1030
2026-08-27 12:29:58 INFO GET /api/users 200 1192
2026-08-27 12:29:59 INFO PUT /api/products/724 200 63
2026-08-27 12:30:00 WARNING DELETE /api/users/440 404 792
2026-08-27 12:30:02 INFO GET /api/users 200 296
2026-08-27 12:30:03 INFO POST /api/login 200 458
2026-08-27 12:30:06 WARNING DELETE /api/users/538 400 1694
2026-08-27 12:30:08 WARNING GET /api/health 401 950
2026-08-27 12:30:09 INFO POST /api/logout 200 503
2026-08-27 12:30:11 INFO PUT /api/products/830 200 1080
2026-08-27 12:30:13 INFO GET /api/users/806 200 239
2026-08-27 12:30:15 INFO GET /api/users/612 200 354
2026-08-27 12:30:17 INFO GET /api/orders 200 1380
2026-08-27 12:30:20 INFO POST /api/login 200 275
2026-08-27 12:30:23 INFO GET /api/orders 200 629
2026-08-27 12:30:24 INFO GET /api/users/476 200 1380
2026-08-27 12:30:27 INFO POST /api/login 200 1002
2026-08-27 12:30:28 WARNING POST /api/login 404 2119
2026-08-27 12:30:29 INFO POST /api/login 200 622
2026-08-27 12:30:30 INFO GET /api/health 200 1143
2026-08-27 12:30:31 INFO POST /api/login 200 1247
2026-08-27 12:30:34 INFO GET /api/orders 200 1120
2026-08-27 12:30:35 WARNING POST /api/orders 404 1745
2026-08-27 12:30:36 WARNING GET /api/products 404 2075
2026-08-27 12:30:37 ERROR POST /api/logout 503 2129
2026-08-27 12:30:38 INFO GET /api/products 200 233
2026-08-27 12:30:39 INFO GET /api/products 200 538
2026-08-27 12:30:40 INFO POST /api/login 200 418
2026-08-27 12:30:42 INFO GET /api/health 200 1347
2026-08-27 12:30:43 INFO GET /api/users 200 445
2026-08-27 12:30:46 INFO GET /api/health 200 694
2026-08-27 12:30:47 INFO PUT /api/products/33 200 987
2026-08-27 12:30:48 INFO GET /api/users 200 188
2026-08-27 12:30:50 INFO PUT /api/products/633 200 318
2026-08-27 12:30:51 WARNING POST /api/logout 429 1791
2026-08-27 12:30:52 INFO GET /api/users/247 200 431
2026-08-27 12:30:54 INFO GET /api/users 200 1012
2026-08-27 12:30:56 INFO GET /api/health 201 446
2026-08-27 12:30:58 INFO POST /api/logout 200 796
2026-08-27 12:30:59 INFO GET /api/orders 200 1027
2026-08-27 12:31:01 WARNING POST /api/orders 404 1630
2026-08-27 12:31:02 INFO GET /api/orders 200 1440
2026-08-27 12:31:03 INFO POST /api/orders 200 1242
2026-08-27 12:31:04 INFO POST /api/logout 200 313
2026-08-27 12:31:05 INFO GET /api/health 200 1386
2026-08-27 12:31:06 INFO POST /api/logout 200 1186
2026-08-27 12:31:07 INFO GET /api/orders 200 1238
2026-08-27 12:31:10 INFO GET /api/health 200 462
2026-08-27 12:31:13 INFO GET /api/orders 200 896
2026-08-27 12:31:14 ERROR POST /api/login 503 2220
2026-08-27 12:31:15 INFO GET /api/products 200 380
2026-08-27 12:31:16 INFO GET /api/products 200 622
2026-08-27 12:31:19 INFO GET /api/users/509 200 652
2026-08-27 12:31:21 INFO POST /api/login 200 256
2026-08-27 12:31:22 ERROR GET /api/users 503 1902
2026-08-27 12:31:23 INFO GET /api/products 200 637
2026-08-27 12:31:24 INFO GET /api/products 200 781
2026-08-27 12:31:25 INFO DELETE /api/users/334 200 450
2026-08-27 12:31:27 INFO GET /api/users/289 200 858
2026-08-27 12:31:29 INFO POST /api/logout 200 916
2026-08-27 12:31:30 INFO DELETE /api/users/177 200 42
2026-08-27 12:31:32 INFO GET /api/users 200 925
2026-08-27 12:31:33 INFO DELETE /api/users/346 200 1068
2026-08-27 12:31:36 INFO GET /api/users 200 1062
2026-08-27 12:31:38 ERROR GET /api/users 500 1056
2026-08-27 12:31:39 INFO GET /api/products 200 1429
2026-08-27 12:31:42 INFO GET /api/users/203 200 864
2026-08-27 12:31:45 INFO PUT /api/products/244 200 1182
2026-08-27 12:31:46 INFO POST /api/orders 200 147
2026-08-27 12:31:47 INFO PUT /api/products/583 200 944
2026-08-27 12:31:48 INFO GET /api/health 200 394
2026-08-27 12:31:49 INFO POST /api/orders 200 1046
2026-08-27 12:31:51 INFO POST /api/orders 200 629
2026-08-27 12:31:52 INFO GET /api/products 200 245
2026-08-27 12:31:53 INFO GET /api/health 200 1148
2026-08-27 12:31:54 INFO GET /api/users 200 1185
2026-08-27 12:31:55 INFO POST /api/orders 200 763
2026-08-27 12:31:56 WARNING GET /api/products 429 360
2026-08-27 12:31:57 INFO POST /api/logout 200 304
2026-08-27 12:31:59 INFO GET /api/orders 200 340
2026-08-27 12:32:00 WARNING POST /api/login 400 1653
2026-08-27 12:32:01 INFO GET /api/users/18 200 501
2026-08-27 12:32:02 INFO GET /api/orders 200 1058
2026-08-27 12:32:03 ERROR POST /api/logout 500 1876
2026-08-27 12:32:05 WARNING GET /api/users/60 400 1153
2026-08-27 12:32:08 INFO POST /api/login 200 687
2026-08-27 12:32:10 WARNING GET /api/users 404 1779
2026-08-27 12:32:12 INFO GET /api/health 200 87
2026-08-27 12:32:15 INFO PUT /api/products/495 200 263
2026-08-27 12:32:17 INFO POST /api/logout 200 1113
2026-08-27 12:32:19 INFO PUT /api/products/417 200 909
2026-08-27 12:32:20 INFO POST /api/login 200 1195
2026-08-27 12:32:22 INFO GET /api/users/78 200 492
2026-08-27 12:32:25 WARNING GET /api/users/950 404 650
2026-08-27 12:32:26 INFO DELETE /api/users/437 200 1337
2026-08-27 12:32:27 INFO DELETE /api/users/982 200 1080
2026-08-27 12:32:28 INFO POST /api/logout 201 371
2026-08-27 12:32:30 INFO PUT /api/products/445 200 1002
2026-08-27 12:32:33 INFO POST /api/orders 200 1152
2026-08-27 12:32:34 INFO GET /api/health 200 1474
2026-08-27 12:32:37 INFO DELETE /api/users/812 200 451
2026-08-27 12:32:38 INFO POST /api/logout 200 478
2026-08-27 12:32:39 INFO GET /api/orders 200 1363
2026-08-27 12:32:42 INFO GET /api/health 200 690
2026-08-27 12:32:45 INFO GET /api/products 200 386
2026-08-27 12:32:46 INFO PUT /api/products/652 200 968
2026-08-27 12:32:47 WARNING POST /api/login 404 971
2026-08-27 12:32:48 INFO GET /api/users 200 1094
2026-08-27 12:32:51 INFO PUT /api/products/949 200 1493
2026-08-27 12:32:52 INFO POST /api/login 200 1304
2026-08-27 12:32:54 INFO POST /api/login 200 154
2026-08-27 12:32:55 INFO GET /api/products 200 907
2026-08-27 12:32:56 INFO POST /api/logout 200 312
2026-08-27 12:32:58 INFO GET /api/products 200 261
2026-08-27 12:32:59 INFO GET /api/orders 200 1017
2026-08-27 12:33:01 INFO POST /api/login 200 1066
2026-08-27 12:33:02 INFO PUT /api/products/886 200 909
2026-08-27 12:33:03 ERROR GET /api/orders 500 2029
2026-08-27 12:33:04 ERROR POST /api/login 503 380
2026-08-27 12:33:05 INFO GET /api/users 200 226
2026-08-27 12:33:08 INFO DELETE /api/users/662 200 732
2026-08-27 12:33:09 INFO GET /api/health 200 1045
2026-08-27 12:33:11 INFO GET /api/products 200 40
2026-08-27 12:33:14 INFO POST /api/orders 200 639
2026-08-27 12:33:16 INFO PUT /api/products/724 200 64
2026-08-27 12:33:17 INFO DELETE /api/users/281 200 433
2026-08-27 12:33:18 INFO GET /api/products 200 737
2026-08-27 12:33:19 INFO POST /api/login 200 1196
2026-08-27 12:33:21 INFO POST /api/logout 200 164
2026-08-27 12:33:22 INFO POST /api/logout 200 996
2026-08-27 12:33:23 WARNING GET /api/users/553 401 1438
2026-08-27 12:33:24 INFO GET /api/users/300 200 420
2026-08-27 12:33:25 INFO GET /api/products 200 815
2026-08-27 12:33:26 INFO POST /api/logout 200 695
2026-08-27 12:33:27 INFO GET /api/health 200 1008
2026-08-27 12:33:30 INFO DELETE /api/users/54 200 111
2026-08-27 12:33:31 INFO DELETE /api/users/564 200 597
2026-08-27 12:33:34 INFO GET /api/products 200 566
2026-08-27 12:33:35 INFO POST /api/orders 200 96
2026-08-27 12:33:36 INFO DELETE /api/users/932 200 114
2026-08-27 12:33:39 INFO POST /api/orders 200 164
2026-08-27 12:33:41 WARNING PUT /api/products/484 404 1464
2026-08-27 12:33:44 INFO DELETE /api/users/40 200 1472
2026-08-27 12:33:45 INFO GET /api/products 200 1465
2026-08-27 12:33:46 INFO GET /api/health 200 856
2026-08-27 12:33:47 INFO GET /api/orders 200 1321
2026-08-27 12:33:50 INFO POST /api/orders 201 630
2026-08-27 12:33:51 INFO GET /api/products 200 378
2026-08-27 12:33:54 INFO POST /api/login 200 409
2026-08-27 12:33:56 INFO GET /api/users 200 779
2026-08-27 12:33:58 INFO POST /api/login 200 1359
2026-08-27 12:34:01 INFO GET /api/orders 200 267
2026-08-27 12:34:03 WARNING POST /api/orders 404 538
2026-08-27 12:34:04 INFO DELETE /api/users/422 200 612
2026-08-27 12:34:05 INFO POST /api/logout 200 131
2026-08-27 12:34:06 WARNING POST /api/logout 404 1620
2026-08-27 12:34:07 INFO POST /api/logout 200 763
2026-08-27 12:34:09 WARNING GET /api/users 400 2468
2026-08-27 12:34:10 INFO GET /api/health 200 448
2026-08-27 12:34:11 INFO GET /api/users/222 200 220
2026-08-27 12:34:12 INFO POST /api/logout 200 168
2026-08-27 12:34:13 INFO GET /api/orders 200 1071
2026-08-27 12:34:14 INFO POST /api/orders 200 740
2026-08-27 12:34:15 INFO POST /api/orders 200 821
2026-08-27 12:34:16 INFO PUT /api/products/396 200 738
2026-08-27 12:34:17 INFO DELETE /api/users/299 200 1056
2026-08-27 12:34:18 WARNING GET /api/users 429 1412
2026-08-27 12:34:21 INFO PUT /api/products/939 200 186
2026-08-27 12:34:24 INFO GET /api/users/752 200 962
2026-08-27 12:34:26 INFO PUT /api/products/911 200 1390
2026-08-27 12:34:27 INFO GET /api/users 200 953
2026-08-27 12:34:28 INFO POST /api/orders 200 1282
2026-08-27 12:34:29 INFO DELETE /api/users/197 200 97
2026-08-27 12:34:31 INFO DELETE /api/users/80 200 1148
2026-08-27 12:34:32 INFO DELETE /api/users/930 200 633
2026-08-27 12:34:33 WARNING PUT /api/products/895 404 2120
2026-08-27 12:34:34 ERROR GET /api/users 500 1594
2026-08-27 12:34:35 INFO POST /api/orders 200 1307
2026-08-27 12:34:36 INFO PUT /api/products/281 200 531
2026-08-27 12:34:39 INFO GET /api/orders 200 555
2026-08-27 12:34:40 WARNING POST /api/logout 400 1733
2026-08-27 12:34:43 INFO GET /api/users 200 727
2026-08-27 12:34:44 INFO PUT /api/products/878 200 219
2026-08-27 12:34:45 WARNING GET /api/users/866 429 1935
2026-08-27 12:34:48 INFO GET /api/health 200 614
2026-08-27 12:34:49 INFO DELETE /api/users/498 200 1319
2026-08-27 12:34:52 WARNING POST /api/logout 429 1557
2026-08-27 12:34:53 WARNING PUT /api/products/289 429 440
2026-08-27 12:34:54 INFO POST /api/orders 200 989
2026-08-27 12:34:56 INFO DELETE /api/users/328 200 1287
2026-08-27 12:34:57 INFO DELETE /api/users/199 200 872
2026-08-27 12:34:59 INFO POST /api/orders 200 774
2026-08-27 12:35:00 INFO GET /api/orders 200 135
2026-08-27 12:35:01 ERROR POST /api/login 500 854
2026-08-27 12:35:02 INFO POST /api/orders 200 1492
2026-08-27 12:35:03 INFO POST /api/orders 200 240
2026-08-27 12:35:04 INFO PUT /api/products/533 200 1164
2026-08-27 12:35:05 INFO GET /api/orders 200 291
2026-08-27 12:35:08 INFO GET /api/orders 200 232
2026-08-27 12:35:09 INFO POST /api/logout 200 1191
2026-08-27 12:35:12 WARNING GET /api/users/387 404 467
2026-08-27 12:35:14 INFO GET /api/users 200 926
2026-08-27 12:35:16 INFO POST /api/orders 200 1283
2026-08-27 12:35:19 INFO POST /api/orders 200 279
2026-08-27 12:35:20 INFO GET /api/orders 200 699
2026-08-27 12:35:21 INFO DELETE /api/users/559 200 543
2026-08-27 12:35:22 INFO POST /api/orders 200 514
2026-08-27 12:35:23 INFO GET /api/users/389 201 424
2026-08-27 12:35:24 WARNING PUT /api/products/207 429 573
2026-08-27 12:35:27 WARNING GET /api/products 404 1022
2026-08-27 12:35:30 WARNING DELETE /api/users/833 401 2070
2026-08-27 12:35:31 INFO GET /api/users 200 1207
2026-08-27 12:35:32 INFO GET /api/users 200 1315
2026-08-27 12:35:33 INFO GET /api/health 200 972
2026-08-27 12:35:34 INFO POST /api/orders 200 1237
2026-08-27 12:35:35 INFO POST /api/login 200 273
2026-08-27 12:35:36 INFO DELETE /api/users/684 200 710
2026-08-27 12:35:37 INFO GET /api/orders 200 236
2026-08-27 12:35:40 INFO GET /api/products 200 632
2026-08-27 12:35:41 INFO GET /api/users 200 1193
2026-08-27 12:35:44 WARNING PUT /api/products/94 401 594
2026-08-27 12:35:45 WARNING GET /api/orders 400 1874
2026-08-27 12:35:46 WARNING POST /api/orders 401 1792
2026-08-27 12:35:47 INFO POST /api/logout 200 205
2026-08-27 12:35:48 WARNING GET /api/orders 404 2495
2026-08-27 12:35:50 INFO POST /api/login 200 824
2026-08-27 12:35:51 WARNING GET /api/health 404 1397
2026-08-27 12:35:54 INFO DELETE /api/users/241 200 1441
2026-08-27 12:35:55 ERROR POST /api/login 503 1652
2026-08-27 12:35:56 INFO POST /api/logout 200 248
2026-08-27 12:35:58 INFO GET /api/users/852 200 856
2026-08-27 12:36:01 INFO POST /api/orders 200 503
2026-08-27 12:36:03 INFO POST /api/login 200 324
2026-08-27 12:36:05 INFO PUT /api/products/216 200 182
2026-08-27 12:36:06 INFO PUT /api/products/611 200 507
2026-08-27 12:36:07 ERROR PUT /api/products/629 500 715
2026-08-27 12:36:09 INFO POST /api/login 200 391
2026-08-27 12:36:12 INFO POST /api/logout 200 639
2026-08-27 12:36:13 INFO POST /api/login 200 776
2026-08-27 12:36:14 INFO POST /api/orders 200 70
2026-08-27 12:36:17 INFO GET /api/users 200 102
2026-08-27 12:36:18 INFO POST /api/logout 200 333
2026-08-27 12:36:19 INFO POST /api/orders 200 626
2026-08-27 12:36:22 INFO POST /api/orders 200 1138
2026-08-27 12:36:25 INFO GET /api/orders 200 312
2026-08-27 12:36:26 WARNING GET /api/orders 400 1747
2026-08-27 12:36:27 INFO POST /api/orders 200 933
2026-08-27 12:36:28 INFO DELETE /api/users/920 200 1490
2026-08-27 12:36:29 INFO GET /api/orders 200 78
2026-08-27 12:36:30 INFO PUT /api/products/421 200 117
2026-08-27 12:36:31 INFO GET /api/users 200 426
2026-08-27 12:36:32 WARNING GET /api/users/806 429 2437
2026-08-27 12:36:35 INFO POST /api/orders 200 633
2026-08-27 12:36:38 INFO GET /api/users 200 446
2026-08-27 12:36:39 INFO GET /api/health 200 217
2026-08-27 12:36:41 INFO POST /api/login 200 480
2026-08-27 12:36:42 INFO POST /api/logout 200 858
2026-08-27 12:36:43 INFO GET /api/products 200 1145
2026-08-27 12:36:45 INFO POST /api/logout 200 1170
2026-08-27 12:36:46 WARNING GET /api/users/541 404 395
2026-08-27 12:36:47 WARNING GET /api/users/646 429 1003
2026-08-27 12:36:48 WARNING POST /api/logout 429 2181
2026-08-27 12:36:50 INFO PUT /api/products/487 200 716
2026-08-27 12:36:51 INFO GET /api/users 200 1090
2026-08-27 12:36:52 INFO GET /api/users/177 200 185
2026-08-27 12:36:53 INFO GET /api/orders 200 448
2026-08-27 12:36:55 WARNING GET /api/users 429 946
2026-08-27 12:36:57 INFO POST /api/orders 200 475
2026-08-27 12:36:59 WARNING GET /api/health 400 1284
2026-08-27 12:37:00 INFO POST /api/logout 200 1035
2026-08-27 12:37:01 INFO GET /api/orders 200 827
2026-08-27 12:37:02 INFO GET /api/health 200 441
2026-08-27 12:37:03 WARNING GET /api/users/605 401 1988
2026-08-27 12:37:04 INFO GET /api/products 200 1116
2026-08-27 12:37:05 INFO GET /api/orders 200 462
2026-08-27 12:37:08 INFO DELETE /api/users/605 200 634
2026-08-27 12:37:09 WARNING POST /api/orders 401 2229
2026-08-27 12:37:10 ERROR POST /api/login 500 1324
2026-08-27 12:37:11 INFO PUT /api/products/233 200 1375
2026-08-27 12:37:12 INFO POST /api/login 200 807
2026-08-27 12:37:13 INFO GET /api/users/980 200 138
2026-08-27 12:37:16 INFO GET /api/products 200 988
2026-08-27 12:37:17 WARNING GET /api/users 400 2222
2026-08-27 12:37:19 INFO GET /api/orders 200 1339
2026-08-27 12:37:20 WARNING PUT /api/products/519 400 2022
2026-08-27 12:37:21 INFO DELETE /api/users/481 200 1499
2026-08-27 12:37:22 INFO DELETE /api/users/1 200 192
2026-08-27 12:37:23 INFO GET /api/products 200 506
2026-08-27 12:37:24 INFO POST /api/orders 200 1079
2026-08-27 12:37:25 INFO POST /api/login 200 1319
2026-08-27 12:37:26 INFO GET /api/users/620 200 122
2026-08-27 12:37:28 INFO GET /api/users 200 183
2026-08-27 12:37:30 WARNING GET /api/users 404 1357
2026-08-27 12:37:31 INFO PUT /api/products/851 200 632
2026-08-27 12:37:32 INFO DELETE /api/users/528 200 1363
2026-08-27 12:37:35 WARNING GET /api/health 404 2341
2026-08-27 12:37:37 INFO GET /api/health 200 1500
2026-08-27 12:37:40 INFO POST /api/logout 200 857
2026-08-27 12:37:41 WARNING GET /api/products 429 302
2026-08-27 12:37:42 INFO POST /api/logout 200 70
2026-08-27 12:37:43 INFO GET /api/users/506 200 1055
2026-08-27 12:37:45 INFO POST /api/logout 200 295
2026-08-27 12:37:47 INFO GET /api/orders 200 706
2026-08-27 12:37:48 WARNING GET /api/users 404 1039
2026-08-27 12:37:50 INFO GET /api/products 200 320
2026-08-27 12:37:51 INFO GET /api/products 200 332
2026-08-27 12:37:53 INFO GET /api/users/813 200 419
2026-08-27 12:37:56 INFO GET /api/health 200 1077
2026-08-27 12:37:59 INFO GET /api/users 200 674
2026-08-27 12:38:02 INFO POST /api/logout 200 1064
2026-08-27 12:38:03 INFO PUT /api/products/39 200 300
2026-08-27 12:38:04 INFO PUT /api/products/90 200 89
2026-08-27 12:38:05 INFO POST /api/logout 200 648
2026-08-27 12:38:07 INFO GET /api/health 200 186
2026-08-27 12:38:08 WARNING GET /api/products 400 1881
2026-08-27 12:38:09 INFO PUT /api/products/6 200 801
2026-08-27 12:38:10 INFO GET /api/orders 200 1088
2026-08-27 12:38:11 INFO GET /api/users 200 75
2026-08-27 12:38:13 INFO POST /api/login 200 999
2026-08-27 12:38:15 INFO GET /api/users 200 1455
2026-08-27 12:38:16 INFO DELETE /api/users/614 200 1079
2026-08-27 12:38:17 INFO POST /api/orders 200 101
2026-08-27 12:38:18 INFO PUT /api/products/395 200 206
2026-08-27 12:38:19 INFO POST /api/logout 200 202
2026-08-27 12:38:21 INFO GET /api/products 200 889
2026-08-27 12:38:22 INFO GET /api/health 200 382
2026-08-27 12:38:24 INFO POST /api/orders 200 885
2026-08-27 12:38:25 INFO GET /api/products 200 1071
2026-08-27 12:38:26 INFO POST /api/login 200 743
2026-08-27 12:38:27 INFO PUT /api/products/45 200 376
2026-08-27 12:38:29 INFO POST /api/orders 200 199
2026-08-27 12:38:31 INFO GET /api/users/912 200 748
2026-08-27 12:38:32 INFO DELETE /api/users/218 200 1439
2026-08-27 12:38:33 INFO GET /api/products 200 1329
2026-08-27 12:38:34 INFO GET /api/orders 200 673
2026-08-27 12:38:35 INFO GET /api/health 200 1273
2026-08-27 12:38:36 INFO PUT /api/products/65 200 193
2026-08-27 12:38:37 INFO GET /api/products 200 403
2026-08-27 12:38:38 INFO GET /api/products 200 793
2026-08-27 12:38:40 INFO GET /api/users 200 108
2026-08-27 12:38:41 WARNING PUT /api/products/174 400 1134
2026-08-27 12:38:42 INFO POST /api/orders 200 1133
2026-08-27 12:38:44 INFO PUT /api/products/356 200 1411
2026-08-27 12:38:45 INFO POST /api/logout 200 1089
2026-08-27 12:38:46 INFO GET /api/users 201 1315
2026-08-27 12:38:49 INFO GET /api/products 200 310
2026-08-27 12:38:52 INFO GET /api/health 200 766
2026-08-27 12:38:54 INFO GET /api/products 200 324
2026-08-27 12:38:55 WARNING GET /api/orders 401 1388
2026-08-27 12:38:58 INFO PUT /api/products/325 200 457
2026-08-27 12:39:01 INFO GET /api/health 200 415
2026-08-27 12:39:02 WARNING DELETE /api/users/294 404 1659
2026-08-27 12:39:03 INFO GET /api/products 200 205
2026-08-27 12:39:04 INFO POST /api/login 200 569
2026-08-27 12:39:05 INFO POST /api/login 200 374
2026-08-27 12:39:07 INFO GET /api/health 200 1281
2026-08-27 12:39:09 INFO POST /api/orders 200 1161
2026-08-27 12:39:10 INFO POST /api/logout 200 529
2026-08-27 12:39:11 WARNING POST /api/login 401 1541
2026-08-27 12:39:12 INFO GET /api/health 200 88
2026-08-27 12:39:13 INFO POST /api/logout 200 49
2026-08-27 12:39:16 INFO POST /api/orders 200 1310
2026-08-27 12:39:17 INFO POST /api/orders 200 936
2026-08-27 12:39:20 INFO GET /api/users 200 698
2026-08-27 12:39:21 INFO PUT /api/products/54 200 761
2026-08-27 12:39:22 INFO GET /api/users 200 159
2026-08-27 12:39:23 WARNING POST /api/login 429 2487
2026-08-27 12:39:26 INFO GET /api/users 200 1172
2026-08-27 12:39:27 INFO GET /api/products 200 1211
2026-08-27 12:39:28 INFO GET /api/users/600 200 1214
2026-08-27 12:39:29 INFO PUT /api/products/636 200 995
2026-08-27 12:39:30 INFO GET /api/orders 200 1224
2026-08-27 12:39:32 INFO GET /api/health 200 1114
2026-08-27 12:39:33 INFO POST /api/login 200 960
2026-08-27 12:39:35 ERROR GET /api/health 500 433
2026-08-27 12:39:36 INFO GET /api/health 200 1420
2026-08-27 12:39:37 INFO GET /api/users/420 200 1480
2026-08-27 12:39:38 INFO GET /api/orders 200 318
2026-08-27 12:39:39 INFO GET /api/users/902 200 1010
2026-08-27 12:39:40 INFO GET /api/products 200 1338
2026-08-27 12:39:41 INFO PUT /api/products/647 200 513
2026-08-27 12:39:42 INFO POST /api/login 200 1390
2026-08-27 12:39:43 INFO GET /api/health 200 1237
2026-08-27 12:39:46 INFO POST /api/orders 200 858
2026-08-27 12:39:47 INFO POST /api/login 200 707
2026-08-27 12:39:48 INFO DELETE /api/users/642 200 729
2026-08-27 12:39:49 INFO GET /api/orders 200 131
2026-08-27 12:39:51 WARNING DELETE /api/users/401 404 1649
2026-08-27 12:39:53 WARNING GET /api/users 400 1867
2026-08-27 12:39:54 INFO GET /api/orders 200 540
2026-08-27 12:39:55 INFO GET /api/health 200 1287
2026-08-27 12:39:56 INFO GET /api/users 200 82
2026-08-27 12:39:57 INFO GET /api/users 200 403
2026-08-27 12:39:59 INFO GET /api/users 200 1341
2026-08-27 12:40:00 INFO DELETE /api/users/914 200 1278
2026-08-27 12:40:01 INFO GET /api/users/809 200 741
2026-08-27 12:40:02 INFO DELETE /api/users/668 200 119
2026-08-27 12:40:03 INFO POST /api/login 200 229
2026-08-27 12:40:04 INFO POST /api/orders 200 587
2026-08-27 12:40:06 ERROR GET /api/products 500 850
2026-08-27 12:40:07 INFO POST /api/orders 200 244
2026-08-27 12:40:08 WARNING GET /api/products 429 2474
2026-08-27 12:40:11 INFO PUT /api/products/432 200 1329
2026-08-27 12:40:14 WARNING POST /api/logout 404 2129
2026-08-27 12:40:17 INFO PUT /api/products/477 200 1003
2026-08-27 12:40:20 INFO GET /api/users 200 1410
2026-08-27 12:40:21 INFO POST /api/login 200 1324
2026-08-27 12:40:23 INFO GET /api/users/253 200 444
2026-08-27 12:40:25 INFO GET /api/users/929 200 1350
2026-08-27 12:40:26 INFO GET /api/products 200 1367
2026-08-27 12:40:28 WARNING POST /api/logout 404 2377
2026-08-27 12:40:30 INFO POST /api/login 201 506
2026-08-27 12:40:32 INFO GET /api/products 200 244
2026-08-27 12:40:35 INFO POST /api/orders 200 563
2026-08-27 12:40:37 INFO GET /api/users/67 200 1324
2026-08-27 12:40:38 WARNING POST /api/login 404 2468
2026-08-27 12:40:39 INFO GET /api/orders 200 174
2026-08-27 12:40:40 INFO GET /api/orders 200 233
2026-08-27 12:40:42 INFO PUT /api/products/58 201 499
2026-08-27 12:40:43 INFO POST /api/logout 200 928
2026-08-27 12:40:44 WARNING POST /api/logout 400 390
2026-08-27 12:40:45 INFO GET /api/orders 200 764
2026-08-27 12:40:47 INFO GET /api/health 200 924
2026-08-27 12:40:48 INFO GET /api/products 200 861
2026-08-27 12:40:49 INFO GET /api/users/356 200 1339
2026-08-27 12:40:50 INFO GET /api/users 200 228
2026-08-27 12:40:53 INFO PUT /api/products/472 200 1230
2026-08-27 12:40:56 WARNING GET /api/health 401 1224
2026-08-27 12:40:57 INFO POST /api/login 200 547
2026-08-27 12:40:59 INFO POST /api/orders 200 326
2026-08-27 12:41:00 INFO GET /api/users 200 554
2026-08-27 12:41:01 INFO DELETE /api/users/225 200 368
2026-08-27 12:41:04 INFO GET /api/users 200 330
2026-08-27 12:41:05 INFO GET /api/users/250 200 194
2026-08-27 12:41:06 INFO GET /api/health 200 298
2026-08-27 12:41:08 INFO GET /api/orders 200 354
2026-08-27 12:41:09 WARNING DELETE /api/users/101 429 2464
2026-08-27 12:41:12 INFO GET /api/users/574 200 51
2026-08-27 12:41:13 INFO PUT /api/products/458 200 1321
2026-08-27 12:41:14 INFO POST /api/logout 200 316
2026-08-27 12:41:17 INFO PUT /api/products/901 200 1466
2026-08-27 12:41:18 WARNING GET /api/products 401 1286
2026-08-27 12:41:21 ERROR GET /api/users 500 2483
2026-08-27 12:41:22 INFO GET /api/orders 200 1087
2026-08-27 12:41:23 INFO POST /api/logout 200 538
2026-08-27 12:41:26 INFO POST /api/orders 200 579
2026-08-27 12:41:27 INFO GET /api/users/422 200 1107
2026-08-27 12:41:29 INFO POST /api/orders 200 865
2026-08-27 12:41:30 INFO DELETE /api/users/459 200 415
2026-08-27 12:41:32 INFO PUT /api/products/99 200 285
2026-08-27 12:41:34 INFO GET /api/health 201 1024
2026-08-27 12:41:37 INFO POST /api/login 200 108
2026-08-27 12:41:38 INFO POST /api/login 200 778
2026-08-27 12:41:39 INFO GET /api/health 200 1389
2026-08-27 12:41:40 ERROR GET /api/health 500 1653
2026-08-27 12:41:41 INFO PUT /api/products/499 200 823
2026-08-27 12:41:42 INFO PUT /api/products/836 200 453
2026-08-27 12:41:43 INFO PUT /api/products/149 200 671
2026-08-27 12:41:44 WARNING POST /api/logout 429 711
2026-08-27 12:41:45 INFO POST /api/login 200 871
2026-08-27 12:41:46 INFO POST /api/login 200 477
2026-08-27 12:41:47 INFO GET /api/users/434 200 884
2026-08-27 12:41:48 INFO GET /api/orders 200 835
2026-08-27 12:41:51 INFO PUT /api/products/384 200 819
2026-08-27 12:41:54 INFO GET /api/users 200 873
2026-08-27 12:41:55 INFO GET /api/users 200 1357
2026-08-27 12:41:57 INFO PUT /api/products/642 200 145
2026-08-27 12:41:58 INFO DELETE /api/users/634 200 969
2026-08-27 12:42:01 WARNING DELETE /api/users/879 429 394
2026-08-27 12:42:04 INFO GET /api/health 200 860
2026-08-27 12:42:05 INFO GET /api/users 200 1443
2026-08-27 12:42:08 INFO GET /api/users 200 671
2026-08-27 12:42:09 INFO DELETE /api/users/444 201 1013
2026-08-27 12:42:10 INFO GET /api/orders 200 53
2026-08-27 12:42:12 INFO GET /api/users 200 502
2026-08-27 12:42:13 WARNING PUT /api/products/924 404 1050
2026-08-27 12:42:16 INFO GET /api/orders 200 1218
2026-08-27 12:42:17 WARNING POST /api/orders 404 1258
2026-08-27 12:42:20 INFO POST /api/logout 200 1029
2026-08-27 12:42:22 INFO GET /api/users 200 213
2026-08-27 12:42:23 INFO POST /api/orders 200 635
2026-08-27 12:42:24 INFO GET /api/health 200 923
2026-08-27 12:42:25 ERROR GET /api/users/214 503 819
2026-08-27 12:42:26 INFO POST /api/login 200 156
2026-08-27 12:42:28 INFO GET /api/health 200 468
2026-08-27 12:42:29 INFO GET /api/users 200 96
2026-08-27 12:42:30 INFO GET /api/health 200 95
2026-08-27 12:42:31 INFO POST /api/login 200 684
2026-08-27 12:42:32 INFO GET /api/health 200 383
2026-08-27 12:42:33 INFO GET /api/health 200 1299
2026-08-27 12:42:34 INFO POST /api/logout 201 1184
2026-08-27 12:42:35 ERROR PUT /api/products/355 500 1381
2026-08-27 12:42:36 INFO GET /api/health 200 149
2026-08-27 12:42:37 INFO PUT /api/products/598 201 1101
2026-08-27 12:42:40 INFO DELETE /api/users/731 200 921
2026-08-27 12:42:41 INFO GET /api/orders 200 164
2026-08-27 12:42:44 INFO POST /api/logout 200 1359
2026-08-27 12:42:47 INFO GET /api/products 200 1153
2026-08-27 12:42:48 ERROR POST /api/logout 503 1789
2026-08-27 12:42:49 INFO GET /api/health 200 870
2026-08-27 12:42:51 INFO POST /api/logout 200 182
2026-08-27 12:42:52 INFO DELETE /api/users/29 200 990
2026-08-27 12:42:54 INFO POST /api/logout 200 573
2026-08-27 12:42:55 INFO POST /api/login 200 635
2026-08-27 12:42:58 INFO PUT /api/products/298 200 1337
2026-08-27 12:43:00 INFO GET /api/users 200 40
2026-08-27 12:43:01 INFO POST /api/login 200 174
2026-08-27 12:43:02 INFO POST /api/logout 200 225
2026-08-27 12:43:03 INFO GET /api/health 200 402
2026-08-27 12:43:04 WARNING GET /api/health 404 1107
2026-08-27 12:43:07 INFO GET /api/users 200 570
2026-08-27 12:43:10 INFO DELETE /api/users/127 200 1134
2026-08-27 12:43:11 INFO GET /api/users/713 200 306
2026-08-27 12:43:12 INFO GET /api/users 200 123
2026-08-27 12:43:13 INFO GET /api/users/494 200 457
2026-08-27 12:43:14 ERROR POST /api/logout 500 1383
2026-08-27 12:43:16 INFO POST /api/logout 200 1138
2026-08-27 12:43:18 WARNING GET /api/users 401 2023
2026-08-27 12:43:20 INFO POST /api/orders 200 745
2026-08-27 12:43:21 INFO GET /api/users 200 317
2026-08-27 12:43:24 INFO POST /api/login 200 435
2026-08-27 12:43:27 INFO GET /api/users 200 997
2026-08-27 12:43:28 INFO POST /api/orders 200 515
2026-08-27 12:43:30 INFO POST /api/orders 200 1407
2026-08-27 12:43:31 WARNING POST /api/login 401 2208
2026-08-27 12:43:32 INFO GET /api/health 200 887
2026-08-27 12:43:35 INFO POST /api/login 200 1188
2026-08-27 12:43:36 INFO GET /api/products 200 650
2026-08-27 12:43:37 INFO PUT /api/products/387 200 1371
2026-08-27 12:43:39 INFO GET /api/users/513 200 745
2026-08-27 12:43:40 INFO GET /api/health 200 1060
2026-08-27 12:43:41 INFO GET /api/users 200 964
2026-08-27 12:43:42 WARNING GET /api/users/467 401 2321
2026-08-27 12:43:43 INFO GET /api/health 200 107
2026-08-27 12:43:44 INFO GET /api/users/881 200 806
2026-08-27 12:43:46 ERROR POST /api/login 500 517
2026-08-27 12:43:48 WARNING POST /api/logout 401 1473
2026-08-27 12:43:50 WARNING GET /api/users 404 586
2026-08-27 12:43:51 WARNING GET /api/orders 404 1310
2026-08-27 12:43:53 WARNING PUT /api/products/144 429 645
2026-08-27 12:43:54 INFO PUT /api/products/587 200 143
2026-08-27 12:43:55 INFO GET /api/health 200 316
2026-08-27 12:43:56 INFO GET /api/products 200 1005
2026-08-27 12:43:57 WARNING GET /api/products 429 383
2026-08-27 12:43:58 INFO POST /api/login 200 737
2026-08-27 12:44:00 INFO POST /api/logout 200 801
2026-08-27 12:44:01 INFO DELETE /api/users/825 200 996
2026-08-27 12:44:02 INFO POST /api/login 200 1337
2026-08-27 12:44:03 INFO POST /api/login 201 822
2026-08-27 12:44:04 INFO POST /api/login 200 689
2026-08-27 12:44:05 WARNING DELETE /api/users/867 404 1919
2026-08-27 12:44:07 INFO POST /api/login 200 1312
2026-08-27 12:44:10 INFO GET /api/orders 200 986
2026-08-27 12:44:11 INFO POST /api/orders 200 1114
2026-08-27 12:44:13 INFO GET /api/users 200 1220
2026-08-27 12:44:15 INFO POST /api/orders 200 984
2026-08-27 12:44:16 INFO POST /api/logout 201 463
2026-08-27 12:44:17 INFO DELETE /api/users/624 200 1441
2026-08-27 12:44:20 INFO DELETE /api/users/58 200 876
2026-08-27 12:44:22 INFO GET /api/products 200 1472
2026-08-27 12:44:24 INFO GET /api/health 200 1122
2026-08-27 12:44:26 WARNING DELETE /api/users/215 429 436
2026-08-27 12:44:27 INFO GET /api/users 200 1115
2026-08-27 12:44:29 WARNING POST /api/login 401 570
2026-08-27 12:44:30 INFO GET /api/products 200 47
2026-08-27 12:44:31 INFO POST /api/logout 200 251
2026-08-27 12:44:32 INFO GET /api/products 201 544
2026-08-27 12:44:35 ERROR POST /api/orders 500 1817
2026-08-27 12:44:37 INFO GET /api/orders 200 58
2026-08-27 12:44:38 INFO POST /api/login 200 963
2026-08-27 12:44:39 INFO GET /api/products 200 1093
2026-08-27 12:44:40 WARNING POST /api/logout 429 1797
2026-08-27 12:44:43 WARNING DELETE /api/users/724 404 1976
2026-08-27 12:44:45 INFO GET /api/products 200 777
2026-08-27 12:44:46 WARNING PUT /api/products/871 400 2402
2026-08-27 12:44:47 INFO GET /api/products 200 430
2026-08-27 12:44:48 INFO POST /api/logout 200 1180
2026-08-27 12:44:51 INFO GET /api/users 200 541
2026-08-27 12:44:53 WARNING GET /api/health 401 2478
2026-08-27 12:44:54 INFO GET /api/users/630 200 1053
2026-08-27 12:44:55 INFO GET /api/orders 200 1253
2026-08-27 12:44:56 INFO POST /api/orders 200 1221
2026-08-27 12:44:58 INFO GET /api/users/435 200 944
2026-08-27 12:44:59 INFO GET /api/products 200 1454
2026-08-27 12:45:02 INFO GET /api/products 200 370
2026-08-27 12:45:03 INFO GET /api/users/872 200 562
2026-08-27 12:45:05 INFO GET /api/products 200 566
2026-08-27 12:45:06 INFO POST /api/orders 200 480
2026-08-27 12:45:07 INFO POST /api/login 200 782
2026-08-27 12:45:10 INFO GET /api/products 200 430
2026-08-27 12:45:11 WARNING POST /api/orders 400 1036
2026-08-27 12:45:12 WARNING GET /api/health 404 636
2026-08-27 12:45:15 INFO GET /api/orders 200 422
2026-08-27 12:45:16 WARNING POST /api/orders 401 693
2026-08-27 12:45:19 INFO PUT /api/products/665 200 1181
2026-08-27 12:45:21 INFO POST /api/logout 200 533
2026-08-27 12:45:23 INFO GET /api/orders 200 232
2026-08-27 12:45:25 INFO DELETE /api/users/194 200 417
2026-08-27 12:45:26 INFO POST /api/logout 200 372
2026-08-27 12:45:27 WARNING GET /api/orders 404 2296
2026-08-27 12:45:28 INFO POST /api/orders 200 1460
2026-08-27 12:45:29 INFO GET /api/products 200 1447
2026-08-27 12:45:30 INFO GET /api/orders 200 231
2026-08-27 12:45:31 WARNING DELETE /api/users/553 429 718
2026-08-27 12:45:32 INFO PUT /api/products/566 200 1071
2026-08-27 12:45:33 INFO GET /api/users/48 200 1457
2026-08-27 12:45:34 WARNING GET /api/users 404 701
2026-08-27 12:45:37 INFO GET /api/products 200 148
2026-08-27 12:45:40 WARNING DELETE /api/users/343 404 1854
2026-08-27 12:45:41 INFO GET /api/orders 200 681
2026-08-27 12:45:42 INFO GET /api/products 200 663
2026-08-27 12:45:45 INFO GET /api/health 200 921
2026-08-27 12:45:46 INFO GET /api/orders 200 1295
2026-08-27 12:45:47 INFO GET /api/users 200 728
2026-08-27 12:45:49 INFO GET /api/users/635 200 134
2026-08-27 12:45:50 INFO GET /api/users/603 200 784
2026-08-27 12:45:51 INFO GET /api/health 200 1236
2026-08-27 12:45:54 INFO GET /api/users/17 200 137
2026-08-27 12:45:55 INFO GET /api/users/851 200 565
2026-08-27 12:45:56 WARNING GET /api/users 404 1497
2026-08-27 12:45:57 INFO GET /api/users 200 862
2026-08-27 12:45:58 INFO GET /api/health 200 56
2026-08-27 12:45:59 INFO DELETE /api/users/669 200 1314
2026-08-27 12:46:01 INFO GET /api/users/995 200 986
2026-08-27 12:46:03 INFO POST /api/logout 200 647
2026-08-27 12:46:06 INFO PUT /api/products/880 200 458
2026-08-27 12:46:08 INFO POST /api/login 200 133
2026-08-27 12:46:09 INFO GET /api/users/469 200 410
2026-08-27 12:46:10 INFO POST /api/logout 200 110
2026-08-27 12:46:11 INFO POST /api/login 200 1186
2026-08-27 12:46:13 INFO GET /api/orders 200 721
2026-08-27 12:46:16 WARNING POST /api/login 400 780
2026-08-27 12:46:19 INFO GET /api/products 200 536
2026-08-27 12:46:20 WARNING GET /api/users 404 2489
2026-08-27 12:46:22 INFO GET /api/users 200 1457
2026-08-27 12:46:23 INFO POST /api/orders 200 1235
2026-08-27 12:46:26 WARNING GET /api/health 404 2283
2026-08-27 12:46:27 INFO PUT /api/products/954 201 1481
2026-08-27 12:46:30 WARNING GET /api/health 401 307
2026-08-27 12:46:31 INFO DELETE /api/users/508 200 1114
2026-08-27 12:46:32 INFO GET /api/health 200 629
2026-08-27 12:46:34 INFO GET /api/users 200 1066
2026-08-27 12:46:35 INFO GET /api/users/917 200 513
2026-08-27 12:46:36 INFO GET /api/users 200 515
2026-08-27 12:46:39 INFO GET /api/users/353 201 1252
2026-08-27 12:46:40 INFO DELETE /api/users/862 200 229
2026-08-27 12:46:43 INFO GET /api/products 200 1020
2026-08-27 12:46:44 INFO GET /api/products 200 1251
2026-08-27 12:46:46 INFO POST /api/login 200 1149
2026-08-27 12:46:49 INFO GET /api/health 200 994
2026-08-27 12:46:51 INFO GET /api/products 200 509
2026-08-27 12:46:52 WARNING POST /api/login 404 1301
2026-08-27 12:46:53 WARNING GET /api/users 400 1231
2026-08-27 12:46:55 INFO GET /api/users/959 200 641
2026-08-27 12:46:58 WARNING POST /api/orders 429 1753
2026-08-27 12:46:59 INFO GET /api/users/767 200 129
2026-08-27 12:47:00 INFO GET /api/users 200 309
2026-08-27 12:47:03 INFO DELETE /api/users/601 200 1141
2026-08-27 12:47:05 WARNING POST /api/orders 401 1435
2026-08-27 12:47:06 INFO POST /api/login 200 646
2026-08-27 12:47:07 INFO GET /api/health 200 453
2026-08-27 12:47:08 INFO POST /api/logout 200 620
2026-08-27 12:47:09 INFO DELETE /api/users/850 200 1079
2026-08-27 12:47:10 INFO GET /api/users 200 203
2026-08-27 12:47:12 WARNING POST /api/logout 400 794
2026-08-27 12:47:13 INFO GET /api/orders 200 652
2026-08-27 12:47:14 INFO GET /api/health 200 798
2026-08-27 12:47:17 INFO GET /api/orders 200 207
2026-08-27 12:47:18 INFO GET /api/orders 200 96
2026-08-27 12:47:19 WARNING POST /api/login 400 991
2026-08-27 12:47:22 WARNING GET /api/health 429 686
2026-08-27 12:47:24 WARNING DELETE /api/users/745 400 1458
2026-08-27 12:47:25 INFO DELETE /api/users/811 200 985
2026-08-27 12:47:28 INFO GET /api/products 200 1159
2026-08-27 12:47:29 ERROR GET /api/products 503 564
2026-08-27 12:47:31 WARNING PUT /api/products/67 400 1565
2026-08-27 12:47:32 WARNING PUT /api/products/251 401 2433
2026-08-27 12:47:33 INFO PUT /api/products/829 200 977
2026-08-27 12:47:34 ERROR DELETE /api/users/952 500 906
2026-08-27 12:47:35 INFO POST /api/orders 201 1269
2026-08-27 12:47:37 INFO DELETE /api/users/109 200 189
2026-08-27 12:47:38 INFO GET /api/users 200 297
2026-08-27 12:47:39 INFO POST /api/orders 200 123
2026-08-27 12:47:41 WARNING GET /api/products 400 694
2026-08-27 12:47:42 WARNING POST /api/orders 400 581
2026-08-27 12:47:43 WARNING POST /api/logout 429 1053
2026-08-27 12:47:44 INFO GET /api/orders 200 829
2026-08-27 12:47:47 INFO GET /api/users 200 257
2026-08-27 12:47:48 INFO GET /api/users/577 200 450
2026-08-27 12:47:50 INFO POST /api/login 200 132
2026-08-27 12:47:51 INFO DELETE /api/users/849 200 138
2026-08-27 12:47:54 INFO GET /api/users/645 200 1428
2026-08-27 12:47:55 ERROR POST /api/logout 500 1271
2026-08-27 12:47:56 INFO PUT /api/products/557 200 1315
2026-08-27 12:47:58 ERROR POST /api/logout 500 655
2026-08-27 12:48:01 INFO DELETE /api/users/163 200 762
2026-08-27 12:48:02 ERROR POST /api/orders 503 305
2026-08-27 12:48:03 INFO PUT /api/products/726 200 714
2026-08-27 12:48:04 INFO GET /api/health 200 1015
2026-08-27 12:48:05 WARNING GET /api/users 429 1482
2026-08-27 12:48:07 INFO GET /api/users/724 200 231
2026-08-27 12:48:08 INFO GET /api/orders 200 879
2026-08-27 12:48:11 INFO GET /api/orders 200 539
2026-08-27 12:48:12 WARNING GET /api/products 401 2398
2026-08-27 12:48:13 WARNING GET /api/orders 404 593
2026-08-27 12:48:14 WARNING GET /api/users 400 1821
2026-08-27 12:48:17 INFO PUT /api/products/853 200 238
2026-08-27 12:48:18 INFO GET /api/users/300 200 562
2026-08-27 12:48:20 INFO POST /api/login 200 721
2026-08-27 12:48:21 ERROR GET /api/users 503 1999
2026-08-27 12:48:22 INFO PUT /api/products/361 200 1303
2026-08-27 12:48:24 INFO POST /api/orders 200 970
2026-08-27 12:48:25 INFO POST /api/login 200 781
2026-08-27 12:48:26 INFO GET /api/orders 200 215
2026-08-27 12:48:28 INFO POST /api/login 200 50
2026-08-27 12:48:29 INFO DELETE /api/users/298 200 383
2026-08-27 12:48:30 INFO GET /api/users/380 200 1352
2026-08-27 12:48:31 WARNING GET /api/health 404 1608
2026-08-27 12:48:32 INFO GET /api/orders 200 593
2026-08-27 12:48:33 INFO GET /api/products 200 1157
2026-08-27 12:48:36 INFO DELETE /api/users/374 201 1259
2026-08-27 12:48:37 INFO GET /api/products 200 803
2026-08-27 12:48:38 INFO GET /api/users 200 1327
2026-08-27 12:48:41 INFO GET /api/products 200 1221
2026-08-27 12:48:42 INFO POST /api/orders 200 819
2026-08-27 12:48:43 INFO POST /api/logout 200 1289
2026-08-27 12:48:44 WARNING GET /api/users/497 429 1869
2026-08-27 12:48:45 INFO DELETE /api/users/498 200 932
2026-08-27 12:48:47 INFO GET /api/users 200 928
2026-08-27 12:48:48 INFO POST /api/orders 200 40
2026-08-27 12:48:51 INFO PUT /api/products/681 200 432
2026-08-27 12:48:54 INFO GET /api/products 200 668
2026-08-27 12:48:55 WARNING GET /api/orders 404 1089
2026-08-27 12:48:57 INFO GET /api/health 200 654
2026-08-27 12:48:59 INFO PUT /api/products/524 200 487
2026-08-27 12:49:00 WARNING PUT /api/products/453 400 1617
2026-08-27 12:49:01 INFO GET /api/products 200 1224
2026-08-27 12:49:02 INFO GET /api/users/775 201 1297
2026-08-27 12:49:03 WARNING GET /api/products 404 1012
2026-08-27 12:49:05 INFO POST /api/login 200 771
2026-08-27 12:49:06 WARNING PUT /api/products/28 400 1898
2026-08-27 12:49:07 INFO GET /api/products 200 791
2026-08-27 12:49:08 INFO DELETE /api/users/352 200 418
2026-08-27 12:49:09 INFO GET /api/health 200 954
2026-08-27 12:49:10 INFO GET /api/users 200 1173
2026-08-27 12:49:11 INFO GET /api/orders 200 221
2026-08-27 12:49:12 WARNING PUT /api/products/26 429 1034
2026-08-27 12:49:13 INFO POST /api/login 200 459
2026-08-27 12:49:14 INFO PUT /api/products/235 200 1160
2026-08-27 12:49:17 WARNING GET /api/health 400 2293
2026-08-27 12:49:18 INFO GET /api/users/614 200 750
2026-08-27 12:49:19 WARNING POST /api/login 404 1117
2026-08-27 12:49:21 ERROR POST /api/orders 500 1363
2026-08-27 12:49:23 INFO GET /api/orders 200 256
2026-08-27 12:49:24 WARNING GET /api/users/494 429 1330
2026-08-27 12:49:25 INFO PUT /api/products/118 200 132
2026-08-27 12:49:26 INFO GET /api/orders 200 982
2026-08-27 12:49:27 INFO POST /api/login 200 371
2026-08-27 12:49:30 INFO DELETE /api/users/399 200 889
2026-08-27 12:49:33 WARNING GET /api/users 401 866
2026-08-27 12:49:34 INFO POST /api/logout 200 68
2026-08-27 12:49:36 INFO GET /api/orders 200 84
2026-08-27 12:49:37 INFO POST /api/orders 201 1300
2026-08-27 12:49:38 INFO POST /api/login 201 322
2026-08-27 12:49:40 INFO POST /api/logout 200 268
2026-08-27 12:49:41 INFO GET /api/products 200 1171
2026-08-27 12:49:42 INFO DELETE /api/users/565 200 380
2026-08-27 12:49:43 WARNING PUT /api/products/800 404 1130
2026-08-27 12:49:44 INFO GET /api/users/185 200 395
2026-08-27 12:49:45 INFO GET /api/orders 200 1182
2026-08-27 12:49:48 INFO POST /api/orders 200 249
2026-08-27 12:49:49 INFO POST /api/logout 200 82
2026-08-27 12:49:50 WARNING GET /api/orders 400 2132
2026-08-27 12:49:51 INFO PUT /api/products/385 200 600
2026-08-27 12:49:52 WARNING POST /api/login 401 580
2026-08-27 12:49:54 WARNING POST /api/login 429 1286
2026-08-27 12:49:55 INFO GET /api/products 200 1316
2026-08-27 12:49:56 INFO GET /api/users/453 200 206
2026-08-27 12:49:57 INFO GET /api/users 200 1123
2026-08-27 12:49:58 ERROR POST /api/orders 500 1646
2026-08-27 12:50:00 WARNING POST /api/orders 404 2251
2026-08-27 12:50:01 INFO POST /api/login 200 66
2026-08-27 12:50:02 INFO PUT /api/products/941 200 898
2026-08-27 12:50:03 INFO POST /api/orders 200 121
2026-08-27 12:50:04 ERROR GET /api/orders 503 1301
2026-08-27 12:50:06 INFO GET /api/products 200 1155
2026-08-27 12:50:07 WARNING POST /api/orders 429 409
2026-08-27 12:50:08 INFO GET /api/users/387 200 651
2026-08-27 12:50:09 INFO PUT /api/products/160 200 885
2026-08-27 12:50:12 INFO GET /api/users 200 811
2026-08-27 12:50:14 INFO GET /api/health 200 1474
2026-08-27 12:50:15 INFO GET /api/users/404 200 1168
2026-08-27 12:50:18 INFO DELETE /api/users/895 200 1026
2026-08-27 12:50:21 INFO PUT /api/products/209 200 164
2026-08-27 12:50:23 INFO POST /api/login 200 1186
2026-08-27 12:50:24 INFO GET /api/orders 200 389
2026-08-27 12:50:27 INFO DELETE /api/users/909 200 1145
2026-08-27 12:50:29 INFO DELETE /api/users/91 200 811
2026-08-27 12:50:32 INFO DELETE /api/users/844 200 714
2026-08-27 12:50:33 WARNING GET /api/products 429 1029
2026-08-27 12:50:34 INFO DELETE /api/users/427 200 972
2026-08-27 12:50:35 ERROR GET /api/users/506 503 1263
2026-08-27 12:50:37 WARNING POST /api/login 401 769
2026-08-27 12:50:39 INFO GET /api/orders 200 199
2026-08-27 12:50:40 INFO GET /api/health 200 321
2026-08-27 12:50:41 ERROR GET /api/orders 500 339
2026-08-27 12:50:42 INFO GET /api/orders 200 1390
2026-08-27 12:50:45 INFO GET /api/health 200 267
2026-08-27 12:50:48 WARNING PUT /api/products/988 400 2459
2026-08-27 12:50:49 INFO DELETE /api/users/983 200 487
2026-08-27 12:50:50 INFO GET /api/products 200 1372
2026-08-27 12:50:52 INFO GET /api/users/475 200 942
2026-08-27 12:50:53 INFO GET /api/users 200 215
2026-08-27 12:50:55 INFO GET /api/users 200 588
2026-08-27 12:50:58 INFO POST /api/orders 200 1285
2026-08-27 12:51:00 INFO GET /api/products 200 833
2026-08-27 12:51:02 INFO DELETE /api/users/709 200 1298
2026-08-27 12:51:04 INFO POST /api/login 200 372
2026-08-27 12:51:06 ERROR POST /api/login 500 2364
2026-08-27 12:51:09 INFO GET /api/products 200 111
2026-08-27 12:51:11 INFO GET /api/products 200 780
2026-08-27 12:51:14 INFO POST /api/logout 200 733
2026-08-27 12:51:17 INFO DELETE /api/users/544 200 706
2026-08-27 12:51:18 WARNING GET /api/products 400 2394
2026-08-27 12:51:21 INFO PUT /api/products/569 200 71
2026-08-27 12:51:22 INFO DELETE /api/users/44 200 1482
2026-08-27 12:51:23 INFO GET /api/users 201 1275
2026-08-27 12:51:24 INFO POST /api/orders 200 1181
2026-08-27 12:51:25 WARNING GET /api/users 401 2110
2026-08-27 12:51:26 INFO POST /api/login 200 1283
2026-08-27 12:51:27 INFO POST /api/logout 200 362
2026-08-27 12:51:28 INFO POST /api/login 200 1272
2026-08-27 12:51:29 INFO GET /api/users/839 200 622
2026-08-27 12:51:30 INFO GET /api/products 200 869
2026-08-27 12:51:31 INFO PUT /api/products/79 200 823
2026-08-27 12:51:32 INFO PUT /api/products/154 200 350
2026-08-27 12:51:33 INFO GET /api/orders 200 791
2026-08-27 12:51:34 INFO GET /api/health 201 307
2026-08-27 12:51:35 WARNING POST /api/orders 400 1619
2026-08-27 12:51:36 INFO GET /api/products 200 397
2026-08-27 12:51:37 INFO GET /api/health 200 549
2026-08-27 12:51:40 INFO GET /api/products 200 771
2026-08-27 12:51:43 INFO PUT /api/products/624 200 1331
2026-08-27 12:51:44 INFO GET /api/products 200 785
2026-08-27 12:51:45 WARNING GET /api/users 400 873
2026-08-27 12:51:46 INFO PUT /api/products/891 200 562
2026-08-27 12:51:47 INFO POST /api/orders 200 195
2026-08-27 12:51:48 INFO GET /api/products 200 1075
2026-08-27 12:51:49 INFO GET /api/users 200 740
2026-08-27 12:51:52 INFO GET /api/orders 200 1014
2026-08-27 12:51:53 INFO GET /api/orders 200 200
2026-08-27 12:51:54 WARNING GET /api/users/383 404 2176
2026-08-27 12:51:55 INFO GET /api/users/407 200 270
2026-08-27 12:51:57 INFO GET /api/health 200 1377
2026-08-27 12:52:00 WARNING PUT /api/products/444 404 708
2026-08-27 12:52:03 INFO GET /api/users 201 260
2026-08-27 12:52:06 INFO POST /api/logout 201 1408
2026-08-27 12:52:07 INFO GET /api/health 200 1096
2026-08-27 12:52:10 INFO PUT /api/products/193 200 1350
2026-08-27 12:52:12 INFO POST /api/login 200 250
2026-08-27 12:52:15 INFO DELETE /api/users/5 200 1344
2026-08-27 12:52:16 INFO POST /api/login 200 770
2026-08-27 12:52:17 ERROR GET /api/users/69 503 420
2026-08-27 12:52:19 INFO POST /api/logout 200 157
2026-08-27 12:52:20 INFO POST /api/orders 200 666
2026-08-27 12:52:22 INFO GET /api/users/565 200 1370
2026-08-27 12:52:24 INFO GET /api/users 200 111
2026-08-27 12:52:25 INFO PUT /api/products/611 200 1216
2026-08-27 12:52:27 INFO PUT /api/products/362 200 1122
2026-08-27 12:52:28 INFO POST /api/login 200 441
2026-08-27 12:52:29 INFO POST /api/logout 200 1330
2026-08-27 12:52:32 INFO PUT /api/products/263 201 1369
2026-08-27 12:52:34 INFO GET /api/products 200 247
2026-08-27 12:52:37 INFO POST /api/login 200 468
2026-08-27 12:52:39 WARNING POST /api/logout 404 1873
2026-08-27 12:52:40 INFO DELETE /api/users/98 200 1238
2026-08-27 12:52:41 INFO GET /api/health 200 544
2026-08-27 12:52:42 INFO PUT /api/products/9 200 1498
2026-08-27 12:52:43 WARNING GET /api/users 429 1480
2026-08-27 12:52:44 WARNING GET /api/health 404 1938
2026-08-27 12:52:45 INFO GET /api/health 200 947
2026-08-27 12:52:46 INFO GET /api/orders 200 428
2026-08-27 12:52:48 INFO GET /api/health 200 1191
2026-08-27 12:52:50 WARNING GET /api/health 401 1127
2026-08-27 12:52:52 INFO GET /api/users 200 214
2026-08-27 12:52:54 INFO GET /api/users 200 1443
2026-08-27 12:52:55 INFO POST /api/login 200 1463
2026-08-27 12:52:56 INFO PUT /api/products/487 200 1282
2026-08-27 12:52:58 INFO POST /api/logout 200 1415
2026-08-27 12:53:00 INFO POST /api/logout 200 689
2026-08-27 12:53:01 INFO PUT /api/products/996 200 1261
2026-08-27 12:53:02 INFO POST /api/login 200 895
2026-08-27 12:53:03 ERROR GET /api/users 500 418
2026-08-27 12:53:06 INFO GET /api/health 200 1153
2026-08-27 12:53:07 INFO GET /api/products 200 84
2026-08-27 12:53:08 INFO GET /api/health 200 354
2026-08-27 12:53:09 INFO DELETE /api/users/699 200 168
2026-08-27 12:53:11 WARNING PUT /api/products/146 400 892
2026-08-27 12:53:13 INFO PUT /api/products/493 200 435
2026-08-27 12:53:14 INFO GET /api/users/714 200 676
2026-08-27 12:53:15 INFO GET /api/users/688 200 1342
2026-08-27 12:53:16 INFO GET /api/orders 200 1356
2026-08-27 12:53:19 ERROR GET /api/users/21 500 717
2026-08-27 12:53:22 WARNING GET /api/health 400 401
2026-08-27 12:53:23 WARNING POST /api/orders 404 1197
2026-08-27 12:53:24 INFO DELETE /api/users/332 200 837
2026-08-27 12:53:26 WARNING GET /api/orders 404 1910
2026-08-27 12:53:28 INFO GET /api/health 200 825
2026-08-27 12:53:31 INFO GET /api/users 200 480
2026-08-27 12:53:32 ERROR GET /api/health 500 1192
2026-08-27 12:53:35 INFO POST /api/login 200 981
2026-08-27 12:53:37 INFO GET /api/users/645 200 73
2026-08-27 12:53:38 INFO POST /api/login 200 1226
2026-08-27 12:53:39 INFO PUT /api/products/102 200 892
2026-08-27 12:53:40 INFO GET /api/health 200 808
2026-08-27 12:53:41 INFO POST /api/logout 200 1098
2026-08-27 12:53:44 INFO POST /api/logout 200 473
2026-08-27 12:53:46 INFO POST /api/orders 200 444
2026-08-27 12:53:47 WARNING GET /api/orders 429 425
2026-08-27 12:53:48 INFO GET /api/products 200 535
2026-08-27 12:53:51 INFO DELETE /api/users/220 200 1242
2026-08-27 12:53:53 INFO GET /api/products 200 1005
2026-08-27 12:53:55 INFO GET /api/health 200 738
2026-08-27 12:53:56 INFO GET /api/products 200 1316
2026-08-27 12:53:57 WARNING PUT /api/products/607 401 1317
2026-08-27 12:53:59 WARNING DELETE /api/users/216 401 1460
2026-08-27 12:54:01 INFO POST /api/orders 200 143
2026-08-27 12:54:02 ERROR DELETE /api/users/487 503 1400
2026-08-27 12:54:03 INFO GET /api/products 200 985
2026-08-27 12:54:04 INFO DELETE /api/users/88 200 579
2026-08-27 12:54:05 WARNING GET /api/users/345 400 2281
2026-08-27 12:54:06 INFO POST /api/login 200 1417
2026-08-27 12:54:09 WARNING GET /api/health 400 1904
2026-08-27 12:54:10 INFO POST /api/orders 200 1066
2026-08-27 12:54:11 INFO POST /api/logout 200 971
2026-08-27 12:54:12 INFO POST /api/login 200 433
2026-08-27 12:54:13 WARNING GET /api/products 401 667
2026-08-27 12:54:15 INFO GET /api/orders 200 1305
2026-08-27 12:54:16 INFO POST /api/login 200 756
2026-08-27 12:54:19 ERROR GET /api/health 500 1938
2026-08-27 12:54:21 ERROR GET /api/users/307 500 1582
2026-08-27 12:54:24 INFO POST /api/login 200 723
2026-08-27 12:54:25 INFO GET /api/users 200 296
2026-08-27 12:54:28 INFO GET /api/orders 200 695
2026-08-27 12:54:29 WARNING PUT /api/products/984 404 1919
2026-08-27 12:54:32 INFO GET /api/health 200 1284
2026-08-27 12:54:34 INFO GET /api/health 200 1404
2026-08-27 12:54:35 WARNING POST /api/logout 401 396
2026-08-27 12:54:38 INFO PUT /api/products/100 200 367
2026-08-27 12:54:39 INFO GET /api/products 200 333
2026-08-27 12:54:40 INFO POST /api/login 200 926
2026-08-27 12:54:41 INFO GET /api/products 200 899
2026-08-27 12:54:42 INFO GET /api/health 200 1441
2026-08-27 12:54:44 INFO GET /api/health 200 432
2026-08-27 12:54:46 INFO PUT /api/products/606 200 141
2026-08-27 12:54:48 ERROR GET /api/health 500 1042
2026-08-27 12:54:49 INFO DELETE /api/users/426 200 733
2026-08-27 12:54:52 INFO GET /api/users 200 1462
2026-08-27 12:54:53 WARNING POST /api/login 404 2225
2026-08-27 12:54:54 INFO POST /api/logout 200 1051
2026-08-27 12:54:55 INFO PUT /api/products/131 200 255
2026-08-27 12:54:56 INFO GET /api/orders 200 172
2026-08-27 12:54:57 INFO POST /api/logout 200 538
2026-08-27 12:54:58 INFO PUT /api/products/100 200 1286
2026-08-27 12:55:00 INFO PUT /api/products/499 200 1216
2026-08-27 12:55:01 INFO GET /api/users/626 200 877
2026-08-27 12:55:04 INFO GET /api/users 200 133
2026-08-27 12:55:05 ERROR GET /api/health 503 1501
2026-08-27 12:55:06 INFO POST /api/login 201 1312
2026-08-27 12:55:09 INFO DELETE /api/users/820 200 305
2026-08-27 12:55:10 INFO GET /api/users 200 1016
2026-08-27 12:55:11 INFO GET /api/users/758 201 167
2026-08-27 12:55:13 INFO POST /api/login 200 239
2026-08-27 12:55:15 INFO POST /api/login 200 141
2026-08-27 12:55:16 INFO PUT /api/products/877 200 905
2026-08-27 12:55:18 INFO GET /api/products 200 1231
2026-08-27 12:55:20 ERROR GET /api/health 500 1654
2026-08-27 12:55:22 INFO POST /api/orders 200 417
2026-08-27 12:55:23 INFO GET /api/orders 200 1330
2026-08-27 12:55:25 INFO DELETE /api/users/979 200 776
2026-08-27 12:55:26 WARNING GET /api/orders 400 1177
2026-08-27 12:55:27 INFO GET /api/orders 200 318
2026-08-27 12:55:29 INFO POST /api/orders 200 532
2026-08-27 12:55:30 INFO GET /api/products 200 268
2026-08-27 12:55:31 WARNING PUT /api/products/172 404 2252
2026-08-27 12:55:33 INFO GET /api/orders 200 396
2026-08-27 12:55:34 INFO DELETE /api/users/496 200 1162
2026-08-27 12:55:36 INFO GET /api/users/296 200 717
2026-08-27 12:55:37 INFO GET /api/products 200 161
2026-08-27 12:55:38 INFO POST /api/login 200 437
2026-08-27 12:55:39 INFO GET /api/health 200 293
2026-08-27 12:55:42 INFO DELETE /api/users/590 200 218
2026-08-27 12:55:43 INFO POST /api/logout 200 966
2026-08-27 12:55:44 INFO POST /api/orders 200 1369
2026-08-27 12:55:46 INFO POST /api/logout 200 1026
2026-08-27 12:55:47 INFO POST /api/logout 200 371
2026-08-27 12:55:49 INFO DELETE /api/users/256 200 1310
2026-08-27 12:55:52 INFO PUT /api/products/612 200 1450
2026-08-27 12:55:53 INFO DELETE /api/users/383 200 801
2026-08-27 12:55:54 INFO POST /api/orders 200 799
2026-08-27 12:55:55 WARNING GET /api/users/530 401 1115
2026-08-27 12:55:56 WARNING GET /api/users/721 404 1202
2026-08-27 12:55:57 INFO DELETE /api/users/818 200 1438
2026-08-27 12:56:00 INFO PUT /api/products/883 200 1468
2026-08-27 12:56:01 INFO PUT /api/products/842 200 284
2026-08-27 12:56:02 INFO GET /api/orders 200 392
2026-08-27 12:56:04 INFO GET /api/users 200 215
2026-08-27 12:56:06 INFO PUT /api/products/104 200 97
2026-08-27 12:56:07 INFO POST /api/login 200 88
2026-08-27 12:56:08 WARNING POST /api/orders 401 867
2026-08-27 12:56:11 INFO POST /api/orders 200 134
2026-08-27 12:56:14 INFO DELETE /api/users/312 200 1159
2026-08-27 12:56:17 INFO GET /api/users/460 200 154
2026-08-27 12:56:19 INFO PUT /api/products/960 200 811
2026-08-27 12:56:22 INFO POST /api/logout 200 260
2026-08-27 12:56:23 INFO POST /api/login 200 376
2026-08-27 12:56:25 INFO POST /api/logout 200 87
2026-08-27 12:56:27 INFO GET /api/products 200 244
2026-08-27 12:56:30 WARNING POST /api/orders 400 2212
2026-08-27 12:56:31 INFO POST /api/orders 200 555
2026-08-27 12:56:32 INFO GET /api/users 200 598
2026-08-27 12:56:33 INFO POST /api/logout 201 772
2026-08-27 12:56:34 WARNING GET /api/products 401 841
2026-08-27 12:56:36 INFO GET /api/users/602 200 1061
2026-08-27 12:56:38 INFO POST /api/login 200 304
2026-08-27 12:56:40 INFO GET /api/orders 200 43
2026-08-27 12:56:41 INFO POST /api/login 201 439
2026-08-27 12:56:42 INFO PUT /api/products/178 200 1415
2026-08-27 12:56:43 ERROR DELETE /api/users/509 500 1675
2026-08-27 12:56:46 INFO DELETE /api/users/457 200 922
2026-08-27 12:56:47 INFO POST /api/login 200 382
2026-08-27 12:56:49 ERROR GET /api/products 503 329
2026-08-27 12:56:51 INFO GET /api/users/398 200 1389
2026-08-27 12:56:52 INFO GET /api/orders 200 712
2026-08-27 12:56:54 INFO POST /api/login 200 553
2026-08-27 12:56:55 WARNING GET /api/health 400 642
2026-08-27 12:56:56 INFO GET /api/orders 200 1056
2026-08-27 12:56:57 WARNING GET /api/health 429 1404
2026-08-27 12:56:58 INFO GET /api/health 200 612
2026-08-27 12:56:59 INFO PUT /api/products/805 200 868
2026-08-27 12:57:01 WARNING GET /api/users/440 429 509
2026-08-27 12:57:02 INFO POST /api/login 200 1018
2026-08-27 12:57:03 INFO GET /api/users 200 1252
2026-08-27 12:57:05 WARNING DELETE /api/users/503 401 1452
2026-08-27 12:57:06 INFO GET /api/users/384 200 1315
2026-08-27 12:57:07 INFO POST /api/orders 200 169
2026-08-27 12:57:08 INFO GET /api/health 200 741
2026-08-27 12:57:11 INFO GET /api/users 200 103
2026-08-27 12:57:13 INFO GET /api/health 200 756
2026-08-27 12:57:14 INFO POST /api/login 200 592
2026-08-27 12:57:15 INFO GET /api/products 200 938
2026-08-27 12:57:16 INFO GET /api/health 201 586
2026-08-27 12:57:17 INFO GET /api/users 200 826
2026-08-27 12:57:19 INFO GET /api/users 200 147
2026-08-27 12:57:22 INFO GET /api/products 200 555
2026-08-27 12:57:23 ERROR GET /api/users 503 1630
2026-08-27 12:57:26 INFO GET /api/users/323 200 222
2026-08-27 12:57:29 INFO GET /api/users 200 977
2026-08-27 12:57:30 INFO DELETE /api/users/247 200 1256
2026-08-27 12:57:32 INFO GET /api/orders 200 478
2026-08-27 12:57:33 ERROR POST /api/login 503 905
2026-08-27 12:57:35 INFO GET /api/users 201 969
2026-08-27 12:57:36 INFO GET /api/users/195 200 1228
2026-08-27 12:57:39 WARNING GET /api/orders 429 1368
2026-08-27 12:57:42 WARNING PUT /api/products/39 400 2022
2026-08-27 12:57:43 INFO DELETE /api/users/523 200 59
2026-08-27 12:57:44 INFO GET /api/users 200 765
2026-08-27 12:57:45 WARNING GET /api/users/70 400 1596
2026-08-27 12:57:46 INFO PUT /api/products/648 200 709
2026-08-27 12:57:47 WARNING GET /api/orders 400 2112
2026-08-27 12:57:48 WARNING GET /api/orders 400 2186
2026-08-27 12:57:50 ERROR PUT /api/products/96 500 894
2026-08-27 12:57:53 INFO GET /api/orders 200 1131
2026-08-27 12:57:54 INFO GET /api/health 200 233
2026-08-27 12:57:56 INFO GET /api/orders 201 549
2026-08-27 12:57:57 INFO GET /api/users/675 200 827
2026-08-27 12:57:59 INFO GET /api/products 200 515
2026-08-27 12:58:00 ERROR POST /api/logout 500 1059
2026-08-27 12:58:01 INFO POST /api/orders 200 1060
2026-08-27 12:58:02 INFO GET /api/products 200 1023
2026-08-27 12:58:04 WARNING DELETE /api/users/54 404 1940
2026-08-27 12:58:05 INFO PUT /api/products/498 200 1360
2026-08-27 12:58:07 WARNING GET /api/users/540 401 2352
2026-08-27 12:58:08 INFO GET /api/orders 200 1202
2026-08-27 12:58:09 INFO GET /api/orders 200 206
2026-08-27 12:58:10 INFO GET /api/products 200 774
2026-08-27 12:58:11 INFO GET /api/users/662 200 834
2026-08-27 12:58:13 WARNING DELETE /api/users/629 429 2393
2026-08-27 12:58:14 INFO POST /api/login 200 154
2026-08-27 12:58:17 INFO GET /api/health 200 618
2026-08-27 12:58:18 INFO GET /api/orders 200 430
2026-08-27 12:58:20 INFO GET /api/health 200 1269
2026-08-27 12:58:21 INFO POST /api/login 200 373
2026-08-27 12:58:24 WARNING GET /api/products 400 1168
2026-08-27 12:58:25 ERROR GET /api/orders 500 2103
2026-08-27 12:58:27 INFO GET /api/users/919 200 655
2026-08-27 12:58:28 INFO GET /api/orders 200 1082
2026-08-27 12:58:30 WARNING POST /api/login 404 1095
2026-08-27 12:58:31 INFO POST /api/login 200 1116
2026-08-27 12:58:33 INFO DELETE /api/users/289 200 1441
2026-08-27 12:58:34 WARNING POST /api/login 429 1288
2026-08-27 12:58:37 INFO GET /api/health 200 1275
2026-08-27 12:58:38 INFO POST /api/logout 200 1151
2026-08-27 12:58:41 WARNING POST /api/logout 429 808
2026-08-27 12:58:44 INFO POST /api/login 200 881
2026-08-27 12:58:47 INFO GET /api/health 200 1393
2026-08-27 12:58:48 INFO GET /api/users/236 200 48
2026-08-27 12:58:49 INFO GET /api/products 200 1284
2026-08-27 12:58:52 ERROR POST /api/login 503 750
2026-08-27 12:58:55 INFO GET /api/users/249 200 967
2026-08-27 12:58:57 INFO GET /api/products 200 959
2026-08-27 12:58:59 WARNING GET /api/orders 404 641
2026-08-27 12:59:01 INFO DELETE /api/users/342 200 1316
2026-08-27 12:59:03 INFO DELETE /api/users/330 200 628
2026-08-27 12:59:06 INFO GET /api/users/472 200 1357
2026-08-27 12:59:07 INFO GET /api/users/136 200 808
2026-08-27 12:59:08 WARNING GET /api/orders 404 1515
2026-08-27 12:59:10 INFO POST /api/orders 200 880
2026-08-27 12:59:11 INFO POST /api/orders 200 554
2026-08-27 12:59:12 INFO PUT /api/products/805 200 344
2026-08-27 12:59:13 ERROR GET /api/orders 503 2238
2026-08-27 12:59:14 INFO GET /api/orders 200 856
2026-08-27 12:59:15 INFO PUT /api/products/203 200 976
2026-08-27 12:59:16 INFO GET /api/health 200 520
2026-08-27 12:59:17 INFO POST /api/logout 200 829
2026-08-27 12:59:18 INFO PUT /api/products/28 200 719
2026-08-27 12:59:21 WARNING POST /api/orders 401 1952
2026-08-27 12:59:23 INFO DELETE /api/users/626 200 729
2026-08-27 12:59:24 INFO DELETE /api/users/479 200 492
2026-08-27 12:59:25 INFO GET /api/health 201 991
2026-08-27 12:59:27 INFO GET /api/health 200 1347
2026-08-27 12:59:29 INFO GET /api/products 200 301
2026-08-27 12:59:30 INFO POST /api/login 200 606
2026-08-27 12:59:32 INFO DELETE /api/users/391 200 1295
2026-08-27 12:59:33 INFO PUT /api/products/731 200 774
2026-08-27 12:59:34 INFO POST /api/orders 200 996
2026-08-27 12:59:35 INFO DELETE /api/users/6 200 366
2026-08-27 12:59:36 INFO DELETE /api/users/605 200 855
2026-08-27 12:59:39 INFO DELETE /api/users/538 200 812
2026-08-27 12:59:42 INFO POST /api/orders 200 105
2026-08-27 12:59:45 INFO GET /api/users 200 257
2026-08-27 12:59:46 INFO GET /api/users 200 1081
2026-08-27 12:59:48 INFO GET /api/health 200 1065
2026-08-27 12:59:50 INFO GET /api/products 200 277
2026-08-27 12:59:53 INFO DELETE /api/users/236 200 905
2026-08-27 12:59:54 INFO GET /api/users/548 200 721
2026-08-27 12:59:55 INFO POST /api/login 200 1047
2026-08-27 12:59:56 INFO GET /api/users 200 1205
2026-08-27 12:59:57 WARNING GET /api/health 401 956
2026-08-27 12:59:58 INFO POST /api/logout 200 542
2026-08-27 12:59:59 INFO POST /api/orders 200 1438
2026-08-27 13:00:02 INFO DELETE /api/users/935 200 95
2026-08-27 13:00:03 INFO POST /api/login 200 909
2026-08-27 13:00:04 INFO GET /api/users/300 200 415
2026-08-27 13:00:05 INFO GET /api/health 200 405
2026-08-27 13:00:06 INFO PUT /api/products/73 200 126
2026-08-27 13:00:07 INFO GET /api/health 200 1321
2026-08-27 13:00:10 INFO POST /api/orders 200 893
2026-08-27 13:00:11 INFO GET /api/orders 200 258
2026-08-27 13:00:12 INFO POST /api/login 200 1144
2026-08-27 13:00:15 INFO GET /api/users/537 200 1485
2026-08-27 13:00:18 INFO GET /api/users 200 671
2026-08-27 13:00:19 INFO DELETE /api/users/952 200 969
2026-08-27 13:00:22 WARNING POST /api/orders 400 1700
2026-08-27 13:00:25 INFO GET /api/users 200 938
2026-08-27 13:00:26 INFO DELETE /api/users/301 200 1291
2026-08-27 13:00:27 INFO POST /api/login 200 1028
2026-08-27 13:00:29 INFO GET /api/orders 200 875
2026-08-27 13:00:30 INFO GET /api/products 200 1192
2026-08-27 13:00:31 ERROR GET /api/orders 500 361
2026-08-27 13:00:32 WARNING GET /api/orders 400 1542
2026-08-27 13:00:33 WARNING POST /api/logout 401 2464
2026-08-27 13:00:35 WARNING GET /api/users 404 2243
2026-08-27 13:00:36 WARNING GET /api/orders 404 2402
2026-08-27 13:00:37 INFO PUT /api/products/230 200 677
2026-08-27 13:00:39 WARNING GET /api/products 429 1784
2026-08-27 13:00:41 INFO DELETE /api/users/507 200 531
2026-08-27 13:00:42 WARNING POST /api/logout 429 2108
2026-08-27 13:00:43 INFO GET /api/users/640 200 1077
2026-08-27 13:00:44 INFO GET /api/health 200 1347
2026-08-27 13:00:45 INFO GET /api/users 200 1499
2026-08-27 13:00:47 INFO PUT /api/products/421 200 764
2026-08-27 13:00:49 INFO POST /api/orders 200 643
2026-08-27 13:00:51 INFO GET /api/products 200 630
2026-08-27 13:00:52 ERROR GET /api/orders 503 1381
2026-08-27 13:00:53 WARNING DELETE /api/users/196 404 430
2026-08-27 13:00:56 INFO POST /api/orders 200 479
2026-08-27 13:00:59 INFO POST /api/orders 200 373
2026-08-27 13:01:00 INFO PUT /api/products/24 200 1466
2026-08-27 13:01:01 WARNING POST /api/login 401 753
2026-08-27 13:01:02 INFO GET /api/users/376 200 712
2026-08-27 13:01:05 INFO POST /api/logout 200 292
2026-08-27 13:01:08 INFO PUT /api/products/441 200 808
2026-08-27 13:01:09 INFO DELETE /api/users/336 200 786
2026-08-27 13:01:10 ERROR GET /api/health 500 1306
2026-08-27 13:01:13 INFO PUT /api/products/78 200 515
2026-08-27 13:01:16 INFO GET /api/products 200 352
2026-08-27 13:01:18 INFO GET /api/products 200 799
2026-08-27 13:01:21 INFO GET /api/users 200 1212
2026-08-27 13:01:22 INFO POST /api/orders 200 1008
2026-08-27 13:01:23 ERROR GET /api/users/140 503 1029
2026-08-27 13:01:24 INFO DELETE /api/users/353 200 265
2026-08-27 13:01:27 INFO GET /api/users 200 365
2026-08-27 13:01:28 INFO GET /api/orders 200 1287
2026-08-27 13:01:29 WARNING GET /api/users 404 518
2026-08-27 13:01:30 INFO POST /api/logout 200 441
2026-08-27 13:01:31 INFO POST /api/logout 200 657
2026-08-27 13:01:32 INFO POST /api/orders 200 116
2026-08-27 13:01:34 INFO GET /api/health 200 1347
2026-08-27 13:01:35 INFO GET /api/users 200 889
2026-08-27 13:01:36 INFO POST /api/logout 200 1215
2026-08-27 13:01:37 INFO GET /api/users/297 200 963
2026-08-27 13:01:38 INFO GET /api/users 200 1143
2026-08-27 13:01:39 ERROR POST /api/orders 500 1547
2026-08-27 13:01:42 INFO GET /api/health 200 322
2026-08-27 13:01:43 INFO GET /api/orders 200 46
2026-08-27 13:01:46 INFO DELETE /api/users/703 200 625
2026-08-27 13:01:48 INFO POST /api/orders 200 198
2026-08-27 13:01:49 ERROR POST /api/logout 503 835
2026-08-27 13:01:50 INFO GET /api/orders 200 1390
2026-08-27 13:01:51 INFO POST /api/orders 200 1360
2026-08-27 13:01:54 INFO GET /api/orders 200 1327
2026-08-27 13:01:55 INFO POST /api/orders 200 80
2026-08-27 13:01:56 INFO POST /api/login 200 427
2026-08-27 13:01:57 INFO PUT /api/products/34 201 417
2026-08-27 13:01:58 INFO POST /api/logout 200 689
2026-08-27 13:02:01 WARNING GET /api/users/525 429 2224
2026-08-27 13:02:02 INFO GET /api/users 200 485
2026-08-27 13:02:03 INFO POST /api/login 200 1087
2026-08-27 13:02:05 ERROR PUT /api/products/242 500 1167
2026-08-27 13:02:08 ERROR POST /api/login 500 455
2026-08-27 13:02:10 INFO GET /api/orders 200 1181
2026-08-27 13:02:12 INFO GET /api/health 200 830
2026-08-27 13:02:14 INFO POST /api/logout 200 1422
2026-08-27 13:02:15 INFO GET /api/products 200 1142
2026-08-27 13:02:18 INFO PUT /api/products/56 200 1138
2026-08-27 13:02:19 ERROR GET /api/health 500 875
2026-08-27 13:02:20 INFO POST /api/login 200 485
2026-08-27 13:02:23 INFO GET /api/users/20 200 897
2026-08-27 13:02:24 INFO GET /api/products 200 1069
2026-08-27 13:02:27 INFO GET /api/users 200 1149
2026-08-27 13:02:29 WARNING PUT /api/products/767 429 1582
2026-08-27 13:02:31 WARNING POST /api/logout 400 1845
2026-08-27 13:02:32 INFO GET /api/users 200 711
2026-08-27 13:02:33 WARNING POST /api/orders 404 2281
2026-08-27 13:02:36 INFO GET /api/orders 200 1383
2026-08-27 13:02:37 WARNING GET /api/users/207 401 770
2026-08-27 13:02:38 ERROR GET /api/orders 500 512
2026-08-27 13:02:39 INFO GET /api/products 200 1223
2026-08-27 13:02:40 INFO POST /api/login 200 710
2026-08-27 13:02:41 INFO GET /api/users/350 200 1468
2026-08-27 13:02:43 INFO POST /api/logout 200 1222
2026-08-27 13:02:46 INFO GET /api/users/601 200 406
2026-08-27 13:02:47 INFO DELETE /api/users/82 200 1392
2026-08-27 13:02:48 INFO GET /api/health 200 249
2026-08-27 13:02:49 ERROR POST /api/logout 503 2214
2026-08-27 13:02:50 INFO GET /api/users 200 594
2026-08-27 13:02:51 INFO POST /api/login 200 275
2026-08-27 13:02:54 INFO POST /api/login 200 1032
2026-08-27 13:02:55 INFO GET /api/orders 200 597
2026-08-27 13:02:56 INFO GET /api/users 200 1012
2026-08-27 13:02:57 INFO GET /api/health 200 974
2026-08-27 13:03:00 INFO POST /api/orders 200 623
2026-08-27 13:03:03 INFO PUT /api/products/500 200 668
2026-08-27 13:03:04 INFO DELETE /api/users/356 200 963
2026-08-27 13:03:06 WARNING GET /api/users/482 429 2378
2026-08-27 13:03:07 INFO GET /api/users 200 417
2026-08-27 13:03:08 INFO GET /api/users/912 200 1417
2026-08-27 13:03:09 WARNING POST /api/orders 400 952
2026-08-27 13:03:10 ERROR GET /api/orders 503 902
2026-08-27 13:03:11 WARNING POST /api/orders 404 1506
2026-08-27 13:03:13 INFO PUT /api/products/169 200 207
2026-08-27 13:03:14 ERROR GET /api/users/728 500 1362
2026-08-27 13:03:15 INFO GET /api/users 200 215
2026-08-27 13:03:18 WARNING DELETE /api/users/647 429 1611
2026-08-27 13:03:21 ERROR DELETE /api/users/327 503 1209
2026-08-27 13:03:23 INFO POST /api/orders 200 813
2026-08-27 13:03:25 INFO GET /api/users/837 200 453
2026-08-27 13:03:26 INFO POST /api/orders 200 100
2026-08-27 13:03:27 INFO DELETE /api/users/350 200 857
2026-08-27 13:03:28 INFO POST /api/orders 200 62
2026-08-27 13:03:29 INFO POST /api/orders 200 1050
2026-08-27 13:03:30 INFO DELETE /api/users/140 200 1021
2026-08-27 13:03:32 INFO GET /api/users/163 200 722
2026-08-27 13:03:34 INFO POST /api/logout 200 390
2026-08-27 13:03:35 INFO GET /api/health 200 413
2026-08-27 13:03:38 INFO POST /api/orders 200 1377
2026-08-27 13:03:39 INFO GET /api/products 200 769
2026-08-27 13:03:42 WARNING GET /api/users/770 429 2401
2026-08-27 13:03:44 INFO GET /api/users/588 200 985
2026-08-27 13:03:45 WARNING POST /api/login 429 2040
2026-08-27 13:03:48 INFO PUT /api/products/658 200 1075
2026-08-27 13:03:49 INFO GET /api/products 200 1271
2026-08-27 13:03:50 ERROR GET /api/health 503 455
2026-08-27 13:03:52 ERROR POST /api/logout 500 1405
2026-08-27 13:03:53 INFO GET /api/orders 200 226
2026-08-27 13:03:54 INFO PUT /api/products/810 200 92
2026-08-27 13:03:57 INFO GET /api/products 200 1387
2026-08-27 13:03:58 INFO DELETE /api/users/701 200 596
2026-08-27 13:04:01 INFO GET /api/products 200 105
2026-08-27 13:04:02 INFO GET /api/users 200 909
2026-08-27 13:04:03 INFO PUT /api/products/870 200 605
2026-08-27 13:04:05 INFO GET /api/users 200 761
2026-08-27 13:04:06 INFO POST /api/login 200 989
2026-08-27 13:04:08 INFO GET /api/users 200 170
2026-08-27 13:04:09 INFO GET /api/products 200 333
2026-08-27 13:04:10 WARNING DELETE /api/users/690 404 1587
2026-08-27 13:04:11 INFO POST /api/orders 200 122
2026-08-27 13:04:12 ERROR GET /api/orders 500 782
2026-08-27 13:04:14 INFO PUT /api/products/162 200 989
2026-08-27 13:04:15 INFO GET /api/orders 200 918
2026-08-27 13:04:16 INFO GET /api/products 200 1013
2026-08-27 13:04:17 INFO POST /api/orders 200 1333
2026-08-27 13:04:20 INFO DELETE /api/users/75 200 1164
2026-08-27 13:04:21 ERROR DELETE /api/users/9 500 2351
2026-08-27 13:04:22 INFO PUT /api/products/329 200 878
2026-08-27 13:04:24 WARNING GET /api/users 429 1503
2026-08-27 13:04:25 INFO POST /api/login 200 459
2026-08-27 13:04:26 INFO POST /api/login 200 790
2026-08-27 13:04:28 INFO GET /api/products 200 786
2026-08-27 13:04:29 INFO GET /api/users/506 200 836
2026-08-27 13:04:30 INFO POST /api/orders 201 1313
2026-08-27 13:04:31 INFO GET /api/users/528 200 139
2026-08-27 13:04:33 INFO PUT /api/products/119 200 1075
2026-08-27 13:04:34 INFO POST /api/orders 200 1462
2026-08-27 13:04:35 INFO GET /api/health 200 194
2026-08-27 13:04:37 INFO DELETE /api/users/594 200 770
2026-08-27 13:04:39 INFO GET /api/users/908 200 1196
2026-08-27 13:04:40 INFO DELETE /api/users/895 200 913
2026-08-27 13:04:42 WARNING POST /api/orders 404 415
2026-08-27 13:04:43 ERROR GET /api/products 500 1168
2026-08-27 13:04:46 WARNING PUT /api/products/403 400 2221
2026-08-27 13:04:47 INFO GET /api/users 200 844
2026-08-27 13:04:49 INFO PUT /api/products/699 200 1105
2026-08-27 13:04:52 INFO POST /api/logout 200 342
2026-08-27 13:04:54 INFO POST /api/orders 200 452
2026-08-27 13:04:56 INFO PUT /api/products/740 200 1471
2026-08-27 13:04:57 INFO GET /api/users 200 70
2026-08-27 13:04:59 INFO GET /api/users/498 200 797
2026-08-27 13:05:00 INFO GET /api/products 200 1448
2026-08-27 13:05:01 INFO POST /api/login 200 538
2026-08-27 13:05:03 INFO GET /api/health 200 1011
2026-08-27 13:05:04 INFO GET /api/users/630 200 884
2026-08-27 13:05:05 WARNING GET /api/users/668 404 592
2026-08-27 13:05:06 INFO GET /api/users/113 200 954
2026-08-27 13:05:07 INFO POST /api/logout 200 227
2026-08-27 13:05:08 INFO PUT /api/products/248 200 228
2026-08-27 13:05:09 WARNING GET /api/health 429 656
2026-08-27 13:05:11 INFO GET /api/orders 200 1417
2026-08-27 13:05:14 INFO GET /api/orders 200 186
2026-08-27 13:05:15 WARNING GET /api/users/39 401 1077
2026-08-27 13:05:16 WARNING GET /api/products 404 967
2026-08-27 13:05:19 INFO POST /api/orders 200 443
2026-08-27 13:05:20 INFO DELETE /api/users/419 200 1364
2026-08-27 13:05:21 INFO DELETE /api/users/38 200 452
2026-08-27 13:05:24 ERROR GET /api/users/22 503 1087
2026-08-27 13:05:25 INFO POST /api/orders 200 444
2026-08-27 13:05:27 INFO DELETE /api/users/624 200 82
2026-08-27 13:05:28 INFO GET /api/products 200 157
2026-08-27 13:05:29 INFO GET /api/health 200 260
2026-08-27 13:05:30 INFO GET /api/health 200 1048
2026-08-27 13:05:33 INFO GET /api/orders 200 1500
2026-08-27 13:05:34 INFO POST /api/orders 200 104
2026-08-27 13:05:35 INFO GET /api/health 200 1452
2026-08-27 13:05:37 WARNING GET /api/orders 404 669
2026-08-27 13:05:38 INFO GET /api/health 200 1271
2026-08-27 13:05:41 INFO POST /api/logout 200 596
2026-08-27 13:05:42 INFO POST /api/orders 200 302
2026-08-27 13:05:44 INFO GET /api/users 200 1158
2026-08-27 13:05:47 INFO GET /api/orders 200 1320
2026-08-27 13:05:48 INFO POST /api/orders 200 938
2026-08-27 13:05:49 INFO GET /api/products 200 605
2026-08-27 13:05:51 INFO GET /api/products 200 164
2026-08-27 13:05:52 WARNING GET /api/products 429 1146
2026-08-27 13:05:53 INFO POST /api/orders 200 165
2026-08-27 13:05:54 INFO GET /api/users/200 200 412
2026-08-27 13:05:55 WARNING DELETE /api/users/23 429 414
2026-08-27 13:05:56 WARNING GET /api/orders 400 1123
2026-08-27 13:05:57 INFO GET /api/orders 200 70
2026-08-27 13:06:00 INFO GET /api/users 200 870
2026-08-27 13:06:03 INFO GET /api/users 200 809
2026-08-27 13:06:04 INFO POST /api/login 200 1331
2026-08-27 13:06:07 INFO GET /api/users 200 918
2026-08-27 13:06:08 WARNING POST /api/orders 404 2184
2026-08-27 13:06:09 WARNING PUT /api/products/709 401 933
2026-08-27 13:06:10 WARNING GET /api/users 429 412
2026-08-27 13:06:11 INFO POST /api/orders 200 367
2026-08-27 13:06:12 INFO GET /api/orders 200 498
2026-08-27 13:06:13 INFO POST /api/login 200 993
2026-08-27 13:06:14 ERROR GET /api/users/329 500 1173
2026-08-27 13:06:17 INFO GET /api/products 200 909
2026-08-27 13:06:18 INFO POST /api/login 200 796
2026-08-27 13:06:19 INFO PUT /api/products/679 200 993
2026-08-27 13:06:22 WARNING GET /api/users/453 400 2126
2026-08-27 13:06:23 INFO GET /api/products 200 729
2026-08-27 13:06:26 INFO DELETE /api/users/509 200 75
2026-08-27 13:06:28 INFO POST /api/orders 200 1037
2026-08-27 13:06:29 INFO GET /api/users/393 200 110
2026-08-27 13:06:31 INFO GET /api/products 200 1263
2026-08-27 13:06:34 ERROR POST /api/login 500 1287
2026-08-27 13:06:35 INFO GET /api/users 200 1440
2026-08-27 13:06:37 INFO GET /api/orders 200 626
2026-08-27 13:06:40 INFO GET /api/users/286 200 147
2026-08-27 13:06:41 INFO GET /api/products 200 1036
2026-08-27 13:06:44 INFO POST /api/login 200 384
2026-08-27 13:06:45 INFO DELETE /api/users/282 200 1451
2026-08-27 13:06:48 INFO PUT /api/products/109 200 937
2026-08-27 13:06:50 INFO GET /api/orders 200 801
2026-08-27 13:06:52 WARNING GET /api/users 400 376
2026-08-27 13:06:53 WARNING GET /api/orders 401 883
2026-08-27 13:06:54 INFO GET /api/orders 200 932
2026-08-27 13:06:55 INFO GET /api/orders 200 989
2026-08-27 13:06:56 INFO POST /api/login 201 944
2026-08-27 13:06:57 INFO GET /api/products 201 1002
2026-08-27 13:06:59 INFO DELETE /api/users/229 200 951
2026-08-27 13:07:00 INFO POST /api/logout 200 1345
2026-08-27 13:07:01 INFO POST /api/login 200 1486
2026-08-27 13:07:02 ERROR POST /api/orders 503 1332
2026-08-27 13:07:03 INFO GET /api/health 200 1287
2026-08-27 13:07:04 WARNING GET /api/orders 429 872
2026-08-27 13:07:06 WARNING POST /api/orders 404 2218
2026-08-27 13:07:08 INFO PUT /api/products/287 200 762
2026-08-27 13:07:09 INFO DELETE /api/users/368 200 111
2026-08-27 13:07:10 WARNING DELETE /api/users/793 400 2371
2026-08-27 13:07:11 INFO GET /api/users 200 414
2026-08-27 13:07:12 INFO POST /api/logout 200 1286
2026-08-27 13:07:13 INFO GET /api/health 200 659
2026-08-27 13:07:16 INFO POST /api/logout 200 537
2026-08-27 13:07:17 INFO POST /api/orders 200 1397
2026-08-27 13:07:19 INFO GET /api/health 200 300
2026-08-27 13:07:20 INFO GET /api/orders 200 216
2026-08-27 13:07:21 INFO PUT /api/products/191 200 1339
2026-08-27 13:07:22 WARNING GET /api/products 404 1587
2026-08-27 13:07:25 WARNING GET /api/orders 404 342
2026-08-27 13:07:26 WARNING POST /api/logout 401 1573
2026-08-27 13:07:27 INFO POST /api/login 200 1121
2026-08-27 13:07:30 INFO POST /api/login 200 256
2026-08-27 13:07:31 INFO DELETE /api/users/685 200 932
2026-08-27 13:07:33 INFO GET /api/users/993 200 572
2026-08-27 13:07:34 INFO GET /api/health 200 1053
2026-08-27 13:07:35 INFO GET /api/orders 200 135
2026-08-27 13:07:37 INFO PUT /api/products/209 200 877
2026-08-27 13:07:38 INFO DELETE /api/users/954 200 1141
2026-08-27 13:07:39 INFO GET /api/users 201 474
2026-08-27 13:07:40 INFO POST /api/login 200 1175
2026-08-27 13:07:42 WARNING DELETE /api/users/963 400 857
2026-08-27 13:07:44 WARNING PUT /api/products/912 404 1331
2026-08-27 13:07:45 INFO GET /api/users/264 200 1153
2026-08-27 13:07:47 INFO GET /api/users/676 200 386
2026-08-27 13:07:48 WARNING GET /api/users/450 404 2399
2026-08-27 13:07:51 WARNING DELETE /api/users/362 400 2346
2026-08-27 13:07:52 INFO DELETE /api/users/358 200 877
2026-08-27 13:07:55 INFO DELETE /api/users/359 200 1370
2026-08-27 13:07:56 INFO GET /api/health 201 1389
2026-08-27 13:07:59 WARNING POST /api/logout 429 2040
2026-08-27 13:08:00 INFO POST /api/orders 200 322
2026-08-27 13:08:01 INFO POST /api/logout 200 740
2026-08-27 13:08:02 INFO DELETE /api/users/763 200 760
2026-08-27 13:08:03 INFO POST /api/logout 200 722
2026-08-27 13:08:06 INFO PUT /api/products/290 200 1045
2026-08-27 13:08:09 INFO DELETE /api/users/71 200 431
2026-08-27 13:08:11 INFO GET /api/products 200 273
2026-08-27 13:08:12 WARNING GET /api/products 404 2335
2026-08-27 13:08:13 INFO DELETE /api/users/594 200 1468
2026-08-27 13:08:16 INFO PUT /api/products/932 200 511
2026-08-27 13:08:17 INFO PUT /api/products/905 200 891
2026-08-27 13:08:19 WARNING GET /api/users/972 401 2076
2026-08-27 13:08:20 WARNING GET /api/users 400 1211
2026-08-27 13:08:23 INFO GET /api/orders 200 1078
2026-08-27 13:08:24 INFO GET /api/orders 200 980
2026-08-27 13:08:25 INFO POST /api/orders 200 1161
2026-08-27 13:08:28 INFO PUT /api/products/770 200 816
2026-08-27 13:08:29 INFO PUT /api/products/886 200 1297
2026-08-27 13:08:30 WARNING GET /api/users 404 1338
2026-08-27 13:08:32 INFO DELETE /api/users/4 200 147
2026-08-27 13:08:34 INFO GET /api/products 200 1138
2026-08-27 13:08:35 INFO POST /api/orders 200 684
2026-08-27 13:08:38 INFO DELETE /api/users/154 200 591
2026-08-27 13:08:41 INFO GET /api/orders 200 557
2026-08-27 13:08:42 WARNING DELETE /api/users/347 429 441
2026-08-27 13:08:44 INFO POST /api/login 200 827
2026-08-27 13:08:45 INFO DELETE /api/users/222 200 99
2026-08-27 13:08:46 INFO POST /api/login 200 1250
2026-08-27 13:08:47 ERROR POST /api/logout 503 1441
2026-08-27 13:08:48 INFO GET /api/orders 200 855
2026-08-27 13:08:49 INFO GET /api/users/898 200 1459
2026-08-27 13:08:50 WARNING PUT /api/products/922 404 1043
2026-08-27 13:08:52 INFO POST /api/logout 200 1000
2026-08-27 13:08:53 INFO GET /api/health 200 769
2026-08-27 13:08:54 WARNING PUT /api/products/516 400 1138
2026-08-27 13:08:55 WARNING GET /api/users 400 2314
2026-08-27 13:08:58 INFO POST /api/logout 200 1067
2026-08-27 13:08:59 INFO POST /api/login 200 790
2026-08-27 13:09:00 WARNING PUT /api/products/748 404 919
2026-08-27 13:09:01 INFO POST /api/login 200 797
2026-08-27 13:09:02 INFO GET /api/users/4 200 251
2026-08-27 13:09:05 INFO GET /api/products 200 229
2026-08-27 13:09:06 INFO PUT /api/products/362 200 633
2026-08-27 13:09:08 INFO GET /api/health 200 1151
2026-08-27 13:09:09 INFO POST /api/login 200 191
2026-08-27 13:09:10 INFO GET /api/health 200 1332
2026-08-27 13:09:11 WARNING PUT /api/products/743 404 1146
2026-08-27 13:09:12 INFO GET /api/orders 201 838
2026-08-27 13:09:13 INFO GET /api/users/71 200 508
2026-08-27 13:09:15 INFO GET /api/users 200 979
2026-08-27 13:09:16 INFO GET /api/users 200 876
2026-08-27 13:09:17 INFO GET /api/health 200 229
2026-08-27 13:09:18 INFO PUT /api/products/591 200 1386
2026-08-27 13:09:19 INFO GET /api/health 200 825
2026-08-27 13:09:21 INFO PUT /api/products/452 200 844
2026-08-27 13:09:24 INFO GET /api/users 200 185
2026-08-27 13:09:26 INFO GET /api/users/304 200 852
2026-08-27 13:09:28 WARNING GET /api/orders 400 1587
2026-08-27 13:09:31 INFO POST /api/logout 200 1040
2026-08-27 13:09:32 INFO GET /api/health 200 1375
2026-08-27 13:09:33 WARNING POST /api/orders 400 2497
2026-08-27 13:09:35 INFO POST /api/logout 200 286
2026-08-27 13:09:36 INFO POST /api/orders 200 797
2026-08-27 13:09:37 INFO GET /api/users/473 200 49
2026-08-27 13:09:38 INFO GET /api/health 200 698
2026-08-27 13:09:39 INFO POST /api/logout 200 1051
2026-08-27 13:09:40 WARNING GET /api/products 400 1512
2026-08-27 13:09:41 WARNING GET /api/orders 429 2455
2026-08-27 13:09:42 INFO DELETE /api/users/224 200 42
2026-08-27 13:09:43 INFO GET /api/users/545 200 1253
2026-08-27 13:09:45 INFO POST /api/orders 200 1136
2026-08-27 13:09:46 WARNING GET /api/users 429 1125
2026-08-27 13:09:47 INFO GET /api/health 200 675
2026-08-27 13:09:50 WARNING GET /api/users/798 400 2158
2026-08-27 13:09:51 INFO POST /api/orders 200 1084
2026-08-27 13:09:53 INFO POST /api/orders 200 758
2026-08-27 13:09:54 INFO GET /api/orders 200 763
2026-08-27 13:09:55 INFO GET /api/health 200 924
2026-08-27 13:09:57 WARNING POST /api/orders 404 633
2026-08-27 13:10:00 ERROR GET /api/health 500 1095
2026-08-27 13:10:02 INFO PUT /api/products/894 200 508
2026-08-27 13:10:05 INFO POST /api/logout 200 1272
2026-08-27 13:10:06 INFO GET /api/users/108 200 1054
2026-08-27 13:10:07 INFO PUT /api/products/570 200 867
2026-08-27 13:10:08 INFO POST /api/login 200 707
2026-08-27 13:10:09 INFO PUT /api/products/945 200 595
2026-08-27 13:10:10 INFO DELETE /api/users/421 200 734
2026-08-27 13:10:12 WARNING GET /api/users/68 404 1916
2026-08-27 13:10:13 INFO GET /api/users/206 200 206
2026-08-27 13:10:16 INFO DELETE /api/users/908 200 1194
2026-08-27 13:10:17 INFO PUT /api/products/926 200 1175
2026-08-27 13:10:20 INFO PUT /api/products/766 200 1313
2026-08-27 13:10:21 INFO POST /api/login 200 1283
2026-08-27 13:10:24 WARNING DELETE /api/users/123 429 373
2026-08-27 13:10:25 INFO GET /api/health 201 53
2026-08-27 13:10:27 WARNING DELETE /api/users/124 429 1896
2026-08-27 13:10:28 INFO GET /api/products 200 325
2026-08-27 13:10:29 INFO POST /api/orders 200 1284
2026-08-27 13:10:30 INFO GET /api/products 200 83
2026-08-27 13:10:32 INFO GET /api/orders 200 1084
2026-08-27 13:10:33 INFO GET /api/users 200 1036
2026-08-27 13:10:34 INFO DELETE /api/users/823 200 591
2026-08-27 13:10:37 ERROR GET /api/users 500 1606
2026-08-27 13:10:40 INFO GET /api/products 200 1089
2026-08-27 13:10:41 INFO POST /api/logout 200 628
2026-08-27 13:10:42 INFO POST /api/orders 200 1365
2026-08-27 13:10:43 ERROR POST /api/orders 503 945
2026-08-27 13:10:44 INFO GET /api/orders 200 404
2026-08-27 13:10:47 INFO GET /api/users/733 200 550
2026-08-27 13:10:48 INFO GET /api/health 200 352
2026-08-27 13:10:49 INFO GET /api/users/606 200 72
2026-08-27 13:10:50 ERROR GET /api/products 500 2116
2026-08-27 13:10:51 INFO POST /api/logout 200 1204
2026-08-27 13:10:52 INFO PUT /api/products/559 200 438
2026-08-27 13:10:53 INFO GET /api/users 200 1460
2026-08-27 13:10:54 WARNING DELETE /api/users/403 401 2307
2026-08-27 13:10:55 INFO POST /api/orders 200 193
2026-08-27 13:10:56 INFO GET /api/products 200 640
2026-08-27 13:10:59 INFO POST /api/logout 200 77
2026-08-27 13:11:00 INFO GET /api/products 200 186
2026-08-27 13:11:01 INFO GET /api/orders 200 252
2026-08-27 13:11:04 INFO POST /api/login 200 55
2026-08-27 13:11:06 INFO PUT /api/products/718 200 86
2026-08-27 13:11:07 INFO GET /api/orders 200 1469
2026-08-27 13:11:08 INFO POST /api/login 200 1069
2026-08-27 13:11:10 WARNING DELETE /api/users/710 404 1572
2026-08-27 13:11:11 INFO POST /api/logout 200 993
2026-08-27 13:11:12 INFO GET /api/users 200 1282
2026-08-27 13:11:13 WARNING GET /api/orders 429 358
2026-08-27 13:11:14 INFO POST /api/orders 200 566
2026-08-27 13:11:15 INFO GET /api/health 200 51
2026-08-27 13:11:18 INFO GET /api/users 200 686
2026-08-27 13:11:19 WARNING GET /api/users 404 876
2026-08-27 13:11:22 INFO GET /api/orders 200 1246
2026-08-27 13:11:23 INFO GET /api/health 200 243
2026-08-27 13:11:24 INFO GET /api/users 200 203
2026-08-27 13:11:25 INFO GET /api/products 200 388
2026-08-27 13:11:26 INFO POST /api/login 200 86
2026-08-27 13:11:27 INFO POST /api/logout 200 1284
2026-08-27 13:11:30 ERROR GET /api/users/52 503 801
2026-08-27 13:11:33 INFO POST /api/logout 200 1143
2026-08-27 13:11:34 INFO POST /api/orders 200 1093
2026-08-27 13:11:35 INFO PUT /api/products/28 200 205
2026-08-27 13:11:36 INFO GET /api/products 200 494
2026-08-27 13:11:38 INFO GET /api/products 200 730
2026-08-27 13:11:39 INFO GET /api/users 200 1008
2026-08-27 13:11:40 WARNING GET /api/products 404 512
2026-08-27 13:11:41 ERROR GET /api/health 500 1131
2026-08-27 13:11:42 INFO DELETE /api/users/42 200 1498
2026-08-27 13:11:43 ERROR GET /api/health 500 412
2026-08-27 13:11:44 WARNING PUT /api/products/176 429 2467
2026-08-27 13:11:47 ERROR GET /api/users 503 865
2026-08-27 13:11:48 INFO POST /api/login 200 1202
2026-08-27 13:11:49 WARNING GET /api/users 429 723
2026-08-27 13:11:52 INFO GET /api/products 200 1239
2026-08-27 13:11:54 WARNING POST /api/logout 401 1588
2026-08-27 13:11:57 INFO POST /api/login 200 824
2026-08-27 13:11:58 ERROR DELETE /api/users/34 500 1182
2026-08-27 13:12:00 INFO GET /api/users 200 341
2026-08-27 13:12:01 WARNING GET /api/users/333 401 2130
2026-08-27 13:12:02 INFO PUT /api/products/749 200 874
2026-08-27 13:12:03 INFO GET /api/health 200 98
2026-08-27 13:12:04 INFO GET /api/users 200 858
2026-08-27 13:12:05 INFO POST /api/orders 200 189
2026-08-27 13:12:06 INFO GET /api/users 200 1054
2026-08-27 13:12:07 WARNING GET /api/health 429 817
2026-08-27 13:12:08 INFO PUT /api/products/667 200 1327
2026-08-27 13:12:11 WARNING POST /api/orders 429 1206
2026-08-27 13:12:12 ERROR PUT /api/products/37 500 399
2026-08-27 13:12:14 INFO GET /api/users 200 898
2026-08-27 13:12:17 INFO PUT /api/products/885 200 396
2026-08-27 13:12:20 INFO GET /api/products 200 1448
2026-08-27 13:12:22 WARNING GET /api/users 429 2472
2026-08-27 13:12:23 INFO POST /api/logout 200 585
2026-08-27 13:12:24 WARNING POST /api/logout 429 1110
2026-08-27 13:12:27 INFO GET /api/products 200 906
2026-08-27 13:12:29 INFO DELETE /api/users/104 200 768
2026-08-27 13:12:32 INFO GET /api/products 200 1066
2026-08-27 13:12:33 ERROR DELETE /api/users/140 503 1497
2026-08-27 13:12:36 ERROR GET /api/products 500 1539
2026-08-27 13:12:37 INFO POST /api/login 200 1175
2026-08-27 13:12:38 INFO POST /api/login 200 280
2026-08-27 13:12:39 INFO GET /api/orders 200 363
2026-08-27 13:12:41 INFO GET /api/users 200 787
2026-08-27 13:12:42 INFO GET /api/health 200 1295
2026-08-27 13:12:45 INFO POST /api/logout 200 485
2026-08-27 13:12:48 INFO GET /api/health 200 470
2026-08-27 13:12:50 WARNING POST /api/orders 404 695
2026-08-27 13:12:51 INFO POST /api/orders 200 1087
2026-08-27 13:12:52 INFO DELETE /api/users/955 200 1242
2026-08-27 13:12:53 INFO DELETE /api/users/190 200 866
2026-08-27 13:12:55 INFO POST /api/login 200 1225
2026-08-27 13:12:56 INFO GET /api/health 200 459
2026-08-27 13:12:57 INFO POST /api/logout 201 317
2026-08-27 13:12:58 INFO POST /api/login 200 1065
2026-08-27 13:12:59 INFO POST /api/orders 200 149
2026-08-27 13:13:00 INFO POST /api/login 201 1436
2026-08-27 13:13:03 INFO GET /api/users/374 200 1372
2026-08-27 13:13:06 INFO POST /api/logout 200 122
2026-08-27 13:13:07 INFO POST /api/logout 200 618
2026-08-27 13:13:08 INFO PUT /api/products/916 200 221
2026-08-27 13:13:09 INFO PUT /api/products/46 200 40
2026-08-27 13:13:10 INFO GET /api/orders 200 737
2026-08-27 13:13:13 INFO DELETE /api/users/540 200 966
2026-08-27 13:13:14 INFO GET /api/users/435 200 449
2026-08-27 13:13:16 INFO POST /api/orders 200 649
2026-08-27 13:13:17 WARNING GET /api/products 400 1033
2026-08-27 13:13:20 WARNING GET /api/products 404 1455
2026-08-27 13:13:21 INFO POST /api/login 200 238
2026-08-27 13:13:22 INFO GET /api/users/54 200 518
2026-08-27 13:13:23 INFO POST /api/login 200 906
2026-08-27 13:13:26 INFO GET /api/orders 200 631
2026-08-27 13:13:27 INFO POST /api/login 200 108
2026-08-27 13:13:29 INFO POST /api/login 200 760
2026-08-27 13:13:30 WARNING PUT /api/products/834 429 1715
2026-08-27 13:13:31 INFO GET /api/orders 200 573
2026-08-27 13:13:34 INFO PUT /api/products/570 200 266
2026-08-27 13:13:35 INFO DELETE /api/users/545 200 1153
2026-08-27 13:13:36 INFO GET /api/health 200 1382
2026-08-27 13:13:37 INFO GET /api/products 200 1024
2026-08-27 13:13:38 WARNING GET /api/users/782 404 2033
2026-08-27 13:13:39 WARNING DELETE /api/users/724 400 853
2026-08-27 13:13:40 INFO GET /api/users/98 200 85
2026-08-27 13:13:42 ERROR PUT /api/products/493 500 1524
2026-08-27 13:13:44 INFO GET /api/health 200 681
2026-08-27 13:13:45 INFO POST /api/login 200 431
2026-08-27 13:13:46 INFO POST /api/orders 200 158
2026-08-27 13:13:48 INFO GET /api/users 200 600
2026-08-27 13:13:49 INFO GET /api/health 200 733
2026-08-27 13:13:50 INFO GET /api/orders 200 870
2026-08-27 13:13:51 INFO GET /api/users/633 200 91
2026-08-27 13:13:53 INFO POST /api/login 200 550
2026-08-27 13:13:55 INFO DELETE /api/users/889 200 142
2026-08-27 13:13:56 WARNING GET /api/products 404 914
2026-08-27 13:13:57 INFO POST /api/orders 200 880
2026-08-27 13:13:58 INFO GET /api/orders 200 927
2026-08-27 13:13:59 INFO GET /api/products 200 99
2026-08-27 13:14:00 INFO GET /api/users/962 201 1138
2026-08-27 13:14:01 INFO GET /api/health 200 1010
2026-08-27 13:14:04 INFO POST /api/login 200 1437
2026-08-27 13:14:05 ERROR GET /api/users/663 500 667
2026-08-27 13:14:08 INFO POST /api/logout 201 925
2026-08-27 13:14:09 INFO GET /api/orders 200 620
2026-08-27 13:14:12 INFO GET /api/orders 200 1290
2026-08-27 13:14:13 INFO GET /api/users 201 545
2026-08-27 13:14:14 INFO GET /api/health 200 354
2026-08-27 13:14:17 INFO GET /api/users 200 528
2026-08-27 13:14:18 INFO GET /api/users 200 545
2026-08-27 13:14:19 INFO POST /api/orders 200 1226
2026-08-27 13:14:20 INFO GET /api/health 200 1188
2026-08-27 13:14:22 INFO GET /api/products 200 822
2026-08-27 13:14:23 INFO GET /api/health 200 702
2026-08-27 13:14:25 INFO DELETE /api/users/478 200 40
2026-08-27 13:14:26 INFO GET /api/users/199 200 330
2026-08-27 13:14:27 INFO POST /api/logout 200 758
2026-08-27 13:14:29 INFO GET /api/users 200 57
2026-08-27 13:14:31 INFO POST /api/logout 200 330
2026-08-27 13:14:33 INFO GET /api/products 200 223
2026-08-27 13:14:36 ERROR POST /api/login 500 2120
2026-08-27 13:14:37 ERROR GET /api/health 503 1782
2026-08-27 13:14:38 INFO GET /api/health 200 1316
2026-08-27 13:14:39 WARNING GET /api/users 400 1028
2026-08-27 13:14:40 INFO GET /api/health 200 569
2026-08-27 13:14:41 INFO GET /api/health 200 1063
2026-08-27 13:14:42 INFO DELETE /api/users/102 200 329
2026-08-27 13:14:43 INFO POST /api/logout 200 161
2026-08-27 13:14:44 INFO POST /api/login 200 120
2026-08-27 13:14:45 INFO GET /api/users 200 485
2026-08-27 13:14:46 INFO POST /api/orders 200 122
2026-08-27 13:14:47 INFO GET /api/users 200 696
2026-08-27 13:14:49 INFO GET /api/orders 200 225
2026-08-27 13:14:50 INFO DELETE /api/users/393 200 400
2026-08-27 13:14:51 INFO GET /api/users/789 200 688
2026-08-27 13:14:52 WARNING POST /api/orders 404 2184
2026-08-27 13:14:53 WARNING POST /api/logout 429 1992
2026-08-27 13:14:56 INFO GET /api/users/328 200 479
2026-08-27 13:14:59 WARNING GET /api/users 404 753
2026-08-27 13:15:00 INFO GET /api/orders 200 341
2026-08-27 13:15:02 INFO GET /api/products 200 264
2026-08-27 13:15:03 WARNING GET /api/users/816 400 1687
2026-08-27 13:15:04 INFO PUT /api/products/991 200 386
2026-08-27 13:15:06 INFO PUT /api/products/637 200 1182
2026-08-27 13:15:07 WARNING DELETE /api/users/254 401 975
2026-08-27 13:15:08 INFO PUT /api/products/911 201 618
2026-08-27 13:15:11 INFO POST /api/login 200 436
2026-08-27 13:15:14 INFO GET /api/users 200 1074
2026-08-27 13:15:17 INFO POST /api/orders 200 1454
2026-08-27 13:15:20 INFO PUT /api/products/642 200 1448
2026-08-27 13:15:21 INFO POST /api/login 200 986
2026-08-27 13:15:23 INFO POST /api/logout 200 1063
2026-08-27 13:15:24 INFO PUT /api/products/891 200 1473
2026-08-27 13:15:26 INFO POST /api/orders 200 1116
2026-08-27 13:15:27 ERROR POST /api/logout 500 2184
2026-08-27 13:15:28 INFO GET /api/users/568 200 1272
2026-08-27 13:15:31 INFO POST /api/logout 200 331
2026-08-27 13:15:32 WARNING GET /api/users 400 1220
2026-08-27 13:15:33 INFO GET /api/products 200 993
2026-08-27 13:15:34 INFO POST /api/logout 200 1054
2026-08-27 13:15:35 INFO POST /api/login 200 923
2026-08-27 13:15:37 INFO GET /api/products 200 99
2026-08-27 13:15:40 INFO GET /api/users/538 200 628
2026-08-27 13:15:41 INFO GET /api/health 200 954
2026-08-27 13:15:42 INFO POST /api/login 200 901
2026-08-27 13:15:45 INFO POST /api/login 200 532
2026-08-27 13:15:48 INFO DELETE /api/users/23 200 463
2026-08-27 13:15:49 INFO DELETE /api/users/99 200 821
2026-08-27 13:15:51 WARNING POST /api/logout 404 2269
2026-08-27 13:15:53 INFO PUT /api/products/923 200 54
2026-08-27 13:15:54 INFO DELETE /api/users/778 200 764
2026-08-27 13:15:57 INFO GET /api/users 200 359
2026-08-27 13:15:58 INFO GET /api/users/728 200 1294
2026-08-27 13:16:00 WARNING GET /api/products 400 2301
2026-08-27 13:16:01 INFO POST /api/login 200 292
2026-08-27 13:16:03 INFO GET /api/health 200 297
2026-08-27 13:16:04 ERROR GET /api/users 500 1304
2026-08-27 13:16:05 INFO POST /api/logout 200 546
2026-08-27 13:16:06 INFO GET /api/orders 200 1019
2026-08-27 13:16:09 INFO GET /api/products 200 580
2026-08-27 13:16:10 INFO GET /api/users/968 200 380
2026-08-27 13:16:11 INFO GET /api/orders 200 937
2026-08-27 13:16:12 INFO GET /api/products 200 626
2026-08-27 13:16:13 INFO GET /api/products 200 918
2026-08-27 13:16:14 ERROR POST /api/orders 500 1918
2026-08-27 13:16:15 ERROR PUT /api/products/862 500 455
2026-08-27 13:16:17 WARNING GET /api/products 404 2076
2026-08-27 13:16:18 INFO GET /api/orders 200 1335
2026-08-27 13:16:19 INFO GET /api/users/315 200 519
2026-08-27 13:16:22 INFO PUT /api/products/328 200 837
2026-08-27 13:16:25 INFO GET /api/health 200 740
2026-08-27 13:16:26 INFO POST /api/logout 200 1065
2026-08-27 13:16:27 INFO POST /api/login 200 580
2026-08-27 13:16:29 INFO GET /api/products 200 671
2026-08-27 13:16:30 INFO GET /api/products 200 686
2026-08-27 13:16:31 INFO POST /api/logout 200 917
2026-08-27 13:16:32 ERROR DELETE /api/users/191 500 2215
2026-08-27 13:16:35 INFO GET /api/health 200 793
2026-08-27 13:16:36 WARNING GET /api/users 404 2021
2026-08-27 13:16:38 INFO POST /api/orders 200 856
2026-08-27 13:16:39 INFO POST /api/orders 200 133
2026-08-27 13:16:40 INFO GET /api/orders 200 940
2026-08-27 13:16:42 INFO GET /api/health 200 1352
2026-08-27 13:16:43 INFO GET /api/products 200 442
2026-08-27 13:16:44 INFO POST /api/login 200 753
2026-08-27 13:16:45 INFO POST /api/login 200 545
2026-08-27 13:16:46 INFO GET /api/orders 200 286
2026-08-27 13:16:49 INFO GET /api/users/468 200 791
2026-08-27 13:16:52 INFO PUT /api/products/831 200 1190
2026-08-27 13:16:54 INFO POST /api/login 201 362
2026-08-27 13:16:56 ERROR POST /api/logout 500 1130
2026-08-27 13:16:59 ERROR POST /api/orders 500 696
2026-08-27 13:17:02 INFO GET /api/users/928 200 556
2026-08-27 13:17:03 INFO GET /api/products 200 556
2026-08-27 13:17:06 INFO GET /api/orders 200 1286
2026-08-27 13:17:08 INFO GET /api/products 200 766
2026-08-27 13:17:09 WARNING POST /api/logout 400 2266
2026-08-27 13:17:10 INFO GET /api/users 200 940
2026-08-27 13:17:11 INFO GET /api/users 200 157
2026-08-27 13:17:13 INFO POST /api/logout 200 1458
2026-08-27 13:17:14 INFO POST /api/login 200 1440
2026-08-27 13:17:15 INFO GET /api/users 200 445
2026-08-27 13:17:16 INFO GET /api/orders 200 392
2026-08-27 13:17:19 INFO POST /api/orders 200 396
2026-08-27 13:17:21 INFO GET /api/users 200 853
2026-08-27 13:17:23 WARNING GET /api/health 401 993
2026-08-27 13:17:24 INFO GET /api/health 200 819
2026-08-27 13:17:27 INFO GET /api/products 201 767
2026-08-27 13:17:29 INFO DELETE /api/users/934 200 1099
2026-08-27 13:17:30 INFO GET /api/users/269 200 835
2026-08-27 13:17:32 INFO PUT /api/products/859 200 855
2026-08-27 13:17:33 INFO GET /api/health 200 711
2026-08-27 13:17:35 INFO POST /api/login 200 250
2026-08-27 13:17:38 INFO DELETE /api/users/1 200 948
2026-08-27 13:17:41 WARNING GET /api/health 400 1494
2026-08-27 13:17:42 WARNING GET /api/users/363 401 2481
2026-08-27 13:17:45 WARNING GET /api/health 429 1673
2026-08-27 13:17:46 INFO PUT /api/products/628 200 140
2026-08-27 13:17:47 INFO DELETE /api/users/465 200 174
2026-08-27 13:17:48 INFO GET /api/health 200 630
2026-08-27 13:17:51 ERROR GET /api/health 503 1745
2026-08-27 13:17:52 INFO GET /api/health 200 490
2026-08-27 13:17:53 INFO POST /api/logout 200 1192
2026-08-27 13:17:56 INFO GET /api/users 200 404
2026-08-27 13:17:57 INFO GET /api/products 200 1246
2026-08-27 13:17:59 INFO GET /api/users/843 200 360
2026-08-27 13:18:02 INFO GET /api/users/342 200 597
2026-08-27 13:18:05 INFO POST /api/login 200 1300
2026-08-27 13:18:07 INFO GET /api/users/853 200 969
2026-08-27 13:18:08 INFO DELETE /api/users/342 200 1479
2026-08-27 13:18:11 INFO PUT /api/products/699 200 112
2026-08-27 13:18:12 INFO POST /api/orders 200 558
2026-08-27 13:18:15 INFO POST /api/orders 200 280
2026-08-27 13:18:17 INFO GET /api/users/716 200 109
2026-08-27 13:18:18 INFO POST /api/orders 200 988
2026-08-27 13:18:19 INFO POST /api/logout 200 937
2026-08-27 13:18:22 WARNING GET /api/users/82 400 2029
2026-08-27 13:18:23 INFO GET /api/products 200 1387
2026-08-27 13:18:24 INFO GET /api/users/101 200 566
2026-08-27 13:18:25 INFO GET /api/products 200 78
2026-08-27 13:18:26 INFO PUT /api/products/735 200 258
2026-08-27 13:18:27 INFO GET /api/orders 200 453
2026-08-27 13:18:28 INFO POST /api/logout 200 839
2026-08-27 13:18:30 INFO POST /api/login 200 293
2026-08-27 13:18:31 INFO PUT /api/products/61 200 959
2026-08-27 13:18:34 WARNING POST /api/logout 401 301
2026-08-27 13:18:35 INFO PUT /api/products/304 200 755
2026-08-27 13:18:36 INFO GET /api/users/855 200 1073
2026-08-27 13:18:38 INFO GET /api/health 200 1096
2026-08-27 13:18:40 INFO GET /api/products 200 1400
2026-08-27 13:18:43 INFO POST /api/login 200 1348
2026-08-27 13:18:45 INFO POST /api/logout 200 267
2026-08-27 13:18:47 INFO GET /api/orders 200 1430
2026-08-27 13:18:48 ERROR GET /api/products 503 1494
2026-08-27 13:18:51 INFO DELETE /api/users/690 200 47
2026-08-27 13:18:52 INFO GET /api/orders 200 948
2026-08-27 13:18:53 INFO GET /api/orders 200 1163
2026-08-27 13:18:54 INFO POST /api/login 200 709
2026-08-27 13:18:55 INFO GET /api/products 200 1011
2026-08-27 13:18:56 INFO POST /api/orders 201 1188
2026-08-27 13:18:59 INFO GET /api/products 200 1426
2026-08-27 13:19:02 WARNING GET /api/orders 400 581
2026-08-27 13:19:03 INFO GET /api/health 200 1123
2026-08-27 13:19:04 INFO GET /api/users/236 200 622
2026-08-27 13:19:05 INFO POST /api/orders 200 519
2026-08-27 13:19:07 INFO GET /api/products 200 751
2026-08-27 13:19:08 WARNING DELETE /api/users/10 400 962
2026-08-27 13:19:10 INFO GET /api/orders 200 866
2026-08-27 13:19:11 INFO GET /api/users/569 201 248
2026-08-27 13:19:12 INFO PUT /api/products/568 200 1288
2026-08-27 13:19:13 INFO POST /api/login 200 692
2026-08-27 13:19:15 INFO POST /api/logout 200 1222
2026-08-27 13:19:16 WARNING GET /api/products 429 2070
2026-08-27 13:19:18 INFO POST /api/login 200 438
2026-08-27 13:19:19 INFO PUT /api/products/187 200 1086
2026-08-27 13:19:21 INFO GET /api/health 200 1138
2026-08-27 13:19:23 ERROR PUT /api/products/912 500 1436
2026-08-27 13:19:24 INFO GET /api/users 200 711
2026-08-27 13:19:27 INFO GET /api/health 201 1484
2026-08-27 13:19:29 INFO GET /api/health 200 1267
2026-08-27 13:19:30 INFO DELETE /api/users/125 200 176
2026-08-27 13:19:31 INFO POST /api/orders 200 649
2026-08-27 13:19:32 ERROR DELETE /api/users/761 500 434
2026-08-27 13:19:34 WARNING GET /api/health 404 1737
2026-08-27 13:19:36 ERROR GET /api/health 500 1094
2026-08-27 13:19:37 INFO GET /api/products 200 1263
2026-08-27 13:19:40 INFO GET /api/products 200 1073
2026-08-27 13:19:41 INFO GET /api/orders 200 438
2026-08-27 13:19:44 ERROR POST /api/logout 500 1896
2026-08-27 13:19:46 WARNING GET /api/users/528 429 2184
2026-08-27 13:19:47 WARNING GET /api/users/845 400 1535
2026-08-27 13:19:50 INFO POST /api/login 200 251
2026-08-27 13:19:53 INFO GET /api/health 200 117
2026-08-27 13:19:55 INFO GET /api/orders 200 80
2026-08-27 13:19:56 INFO POST /api/logout 200 1019
2026-08-27 13:19:59 INFO GET /api/users 200 637
2026-08-27 13:20:00 INFO GET /api/orders 200 447
2026-08-27 13:20:01 INFO GET /api/products 200 376
2026-08-27 13:20:03 INFO GET /api/health 200 1043
2026-08-27 13:20:04 INFO GET /api/users 200 141
2026-08-27 13:20:07 INFO PUT /api/products/851 200 279
2026-08-27 13:20:08 INFO POST /api/login 201 1376
2026-08-27 13:20:10 INFO DELETE /api/users/107 200 1338
2026-08-27 13:20:11 INFO POST /api/logout 200 158
2026-08-27 13:20:12 INFO POST /api/logout 200 457
2026-08-27 13:20:14 WARNING GET /api/users 404 1259
2026-08-27 13:20:16 INFO POST /api/login 200 71
2026-08-27 13:20:17 INFO PUT /api/products/277 200 662
2026-08-27 13:20:20 WARNING POST /api/logout 401 2062
2026-08-27 13:20:23 INFO POST /api/logout 200 469
2026-08-27 13:20:24 INFO GET /api/orders 200 1450
2026-08-27 13:20:26 INFO POST /api/orders 200 818
2026-08-27 13:20:27 ERROR POST /api/orders 500 2358
2026-08-27 13:20:28 WARNING PUT /api/products/564 429 948
2026-08-27 13:20:31 INFO GET /api/users 200 590
2026-08-27 13:20:32 INFO GET /api/users 200 862
2026-08-27 13:20:33 INFO GET /api/orders 200 729
2026-08-27 13:20:35 INFO GET /api/products 200 673
2026-08-27 13:20:36 WARNING GET /api/users 429 2125
2026-08-27 13:20:38 WARNING POST /api/logout 404 562
2026-08-27 13:20:40 WARNING POST /api/logout 429 1048
2026-08-27 13:20:41 INFO GET /api/orders 200 1018
2026-08-27 13:20:43 INFO GET /api/users 200 677
2026-08-27 13:20:44 INFO POST /api/logout 200 1353
2026-08-27 13:20:46 INFO DELETE /api/users/302 200 506
2026-08-27 13:20:49 WARNING PUT /api/products/142 429 1351
2026-08-27 13:20:50 INFO POST /api/orders 200 861
2026-08-27 13:20:51 INFO DELETE /api/users/196 200 905
2026-08-27 13:20:52 INFO POST /api/orders 200 49
2026-08-27 13:20:53 INFO PUT /api/products/512 200 1162
2026-08-27 13:20:54 INFO GET /api/products 200 865
2026-08-27 13:20:55 INFO GET /api/users/182 200 666
2026-08-27 13:20:56 INFO PUT /api/products/956 200 82
2026-08-27 13:20:57 INFO DELETE /api/users/81 200 331
2026-08-27 13:20:58 WARNING POST /api/login 429 1659
2026-08-27 13:21:01 INFO POST /api/orders 200 927
2026-08-27 13:21:03 INFO POST /api/orders 200 381
2026-08-27 13:21:06 INFO GET /api/users 200 1241
2026-08-27 13:21:09 WARNING GET /api/users/242 404 2219
2026-08-27 13:21:12 INFO GET /api/orders 200 1390
2026-08-27 13:21:15 INFO PUT /api/products/421 200 539
2026-08-27 13:21:17 INFO GET /api/health 200 686
2026-08-27 13:21:19 INFO PUT /api/products/121 200 476
2026-08-27 13:21:20 INFO GET /api/health 200 684
2026-08-27 13:21:21 INFO DELETE /api/users/583 200 1484
2026-08-27 13:21:22 INFO GET /api/health 200 1256
2026-08-27 13:21:23 INFO GET /api/products 200 140
2026-08-27 13:21:24 INFO POST /api/logout 200 627
2026-08-27 13:21:25 WARNING POST /api/login 400 1919
2026-08-27 13:21:26 INFO POST /api/orders 200 776
2026-08-27 13:21:27 INFO GET /api/users 200 853
2026-08-27 13:21:30 INFO PUT /api/products/325 200 1040
2026-08-27 13:21:32 INFO POST /api/login 200 1229
2026-08-27 13:21:35 WARNING GET /api/products 401 1972
2026-08-27 13:21:36 INFO GET /api/health 200 601
2026-08-27 13:21:37 INFO DELETE /api/users/816 200 548
2026-08-27 13:21:38 INFO POST /api/logout 200 160
2026-08-27 13:21:39 INFO GET /api/orders 200 1441
2026-08-27 13:21:41 WARNING GET /api/health 404 1798
2026-08-27 13:21:42 INFO DELETE /api/users/290 200 1235
2026-08-27 13:21:43 INFO PUT /api/products/434 200 1224
2026-08-27 13:21:45 INFO GET /api/users/207 200 1277
2026-08-27 13:21:48 INFO GET /api/products 200 1428
2026-08-27 13:21:51 INFO GET /api/health 200 1230
2026-08-27 13:21:52 INFO GET /api/users 200 795
2026-08-27 13:21:53 WARNING GET /api/orders 400 301
2026-08-27 13:21:56 WARNING POST /api/login 401 2065
2026-08-27 13:21:58 INFO POST /api/logout 200 1323
2026-08-27 13:22:00 INFO GET /api/health 200 324
2026-08-27 13:22:01 ERROR GET /api/users 500 2208
2026-08-27 13:22:04 WARNING GET /api/users/886 400 1935
2026-08-27 13:22:05 INFO GET /api/users 200 410
2026-08-27 13:22:07 INFO DELETE /api/users/970 200 109
2026-08-27 13:22:08 INFO GET /api/orders 200 755
2026-08-27 13:22:11 INFO DELETE /api/users/425 200 677
2026-08-27 13:22:12 WARNING GET /api/products 429 1892
2026-08-27 13:22:14 INFO DELETE /api/users/31 200 1164
2026-08-27 13:22:16 INFO GET /api/users 200 1153
2026-08-27 13:22:17 INFO POST /api/login 200 874
2026-08-27 13:22:18 ERROR GET /api/health 503 369
2026-08-27 13:22:21 INFO GET /api/users 201 731
2026-08-27 13:22:22 INFO POST /api/orders 200 153
2026-08-27 13:22:23 WARNING GET /api/products 429 400
2026-08-27 13:22:25 ERROR POST /api/logout 500 955
2026-08-27 13:22:26 WARNING POST /api/login 404 1022
2026-08-27 13:22:27 INFO POST /api/logout 200 258
2026-08-27 13:22:29 INFO POST /api/logout 200 1251
2026-08-27 13:22:30 WARNING GET /api/products 429 1630
2026-08-27 13:22:31 INFO GET /api/users/854 200 226
2026-08-27 13:22:34 INFO GET /api/users 200 666
2026-08-27 13:22:36 INFO GET /api/products 200 1430
2026-08-27 13:22:37 WARNING GET /api/users/951 401 1281
2026-08-27 13:22:40 WARNING GET /api/orders 400 855
2026-08-27 13:22:41 INFO POST /api/logout 200 363
2026-08-27 13:22:42 INFO GET /api/orders 200 463
2026-08-27 13:22:43 INFO GET /api/orders 200 606
2026-08-27 13:22:44 INFO POST /api/orders 200 1442
2026-08-27 13:22:45 INFO POST /api/orders 200 1074
2026-08-27 13:22:46 WARNING GET /api/orders 429 1277
2026-08-27 13:22:47 ERROR PUT /api/products/521 503 1035
2026-08-27 13:22:48 INFO DELETE /api/users/309 200 939
2026-08-27 13:22:49 WARNING GET /api/users/930 400 609
2026-08-27 13:22:50 INFO PUT /api/products/593 200 465
2026-08-27 13:22:52 INFO POST /api/logout 200 1337
2026-08-27 13:22:55 INFO DELETE /api/users/912 200 180
2026-08-27 13:22:56 INFO GET /api/products 200 1492
2026-08-27 13:22:57 INFO GET /api/users 200 435
2026-08-27 13:22:58 WARNING DELETE /api/users/781 404 2076
2026-08-27 13:22:59 INFO POST /api/orders 200 938
2026-08-27 13:23:00 INFO POST /api/orders 200 164
2026-08-27 13:23:01 INFO POST /api/logout 200 724
2026-08-27 13:23:03 INFO GET /api/health 200 870
2026-08-27 13:23:04 INFO GET /api/products 200 102
2026-08-27 13:23:05 INFO PUT /api/products/271 200 1102
2026-08-27 13:23:07 INFO GET /api/users 200 405
2026-08-27 13:23:08 INFO GET /api/orders 200 767
2026-08-27 13:23:09 INFO GET /api/products 200 1428
2026-08-27 13:23:10 INFO DELETE /api/users/77 200 1293
2026-08-27 13:23:13 WARNING GET /api/users 429 353
2026-08-27 13:23:14 ERROR GET /api/health 503 1266
2026-08-27 13:23:15 INFO GET /api/users/803 200 823
2026-08-27 13:23:16 INFO GET /api/users 200 870
2026-08-27 13:23:18 INFO POST /api/orders 201 938
2026-08-27 13:23:20 INFO GET /api/health 200 901
2026-08-27 13:23:21 INFO GET /api/orders 200 1321
2026-08-27 13:23:22 INFO GET /api/products 200 119
2026-08-27 13:23:24 WARNING GET /api/users 400 1616
2026-08-27 13:23:25 INFO DELETE /api/users/833 200 745
2026-08-27 13:23:26 INFO POST /api/login 200 476
2026-08-27 13:23:28 WARNING POST /api/orders 429 773
2026-08-27 13:23:30 INFO GET /api/health 200 311
2026-08-27 13:23:31 INFO GET /api/orders 200 1398
2026-08-27 13:23:32 INFO GET /api/users 200 796
2026-08-27 13:23:34 INFO GET /api/users 200 1071
2026-08-27 13:23:37 INFO GET /api/users 200 744
2026-08-27 13:23:40 INFO DELETE /api/users/945 200 835
2026-08-27 13:23:43 INFO GET /api/health 201 1026
2026-08-27 13:23:44 ERROR GET /api/orders 500 447
2026-08-27 13:23:45 INFO POST /api/orders 200 97
2026-08-27 13:23:48 INFO GET /api/health 200 1230
2026-08-27 13:23:50 INFO GET /api/health 200 232
2026-08-27 13:23:51 INFO PUT /api/products/13 200 445
2026-08-27 13:23:52 INFO POST /api/logout 200 693
2026-08-27 13:23:53 INFO PUT /api/products/336 200 664
2026-08-27 13:23:54 INFO PUT /api/products/169 200 350
2026-08-27 13:23:55 INFO GET /api/products 200 768
2026-08-27 13:23:57 WARNING POST /api/orders 401 1520
2026-08-27 13:23:59 WARNING POST /api/orders 401 1786
2026-08-27 13:24:00 ERROR POST /api/orders 500 641
2026-08-27 13:24:03 ERROR POST /api/logout 503 2215
2026-08-27 13:24:04 INFO POST /api/orders 200 406
2026-08-27 13:24:05 INFO GET /api/users 200 1137
2026-08-27 13:24:06 INFO GET /api/users 200 1227
2026-08-27 13:24:08 INFO PUT /api/products/765 200 1048
2026-08-27 13:24:09 WARNING GET /api/orders 400 1024
2026-08-27 13:24:10 INFO GET /api/products 200 650
2026-08-27 13:24:12 ERROR POST /api/orders 500 370
2026-08-27 13:24:13 INFO POST /api/login 200 960
2026-08-27 13:24:16 INFO DELETE /api/users/453 200 1355
2026-08-27 13:24:17 INFO GET /api/users/76 200 205
2026-08-27 13:24:19 INFO GET /api/users/6 200 800
2026-08-27 13:24:20 INFO GET /api/products 200 169
2026-08-27 13:24:21 ERROR GET /api/orders 500 1893
2026-08-27 13:24:23 INFO POST /api/orders 200 690
2026-08-27 13:24:24 INFO DELETE /api/users/221 200 428
2026-08-27 13:24:25 INFO GET /api/users/855 200 1204
2026-08-27 13:24:26 INFO GET /api/orders 200 1179
2026-08-27 13:24:29 INFO POST /api/orders 200 900
2026-08-27 13:24:31 INFO POST /api/login 200 139
2026-08-27 13:24:32 WARNING GET /api/orders 400 1218
2026-08-27 13:24:35 INFO GET /api/health 200 1121
2026-08-27 13:24:37 INFO POST /api/orders 200 1368
2026-08-27 13:24:38 WARNING GET /api/orders 404 2493
2026-08-27 13:24:39 INFO GET /api/health 200 186
2026-08-27 13:24:40 INFO POST /api/orders 200 404
2026-08-27 13:24:43 INFO PUT /api/products/905 200 89
2026-08-27 13:24:44 INFO GET /api/users/31 200 820
2026-08-27 13:24:47 WARNING POST /api/logout 401 2074
2026-08-27 13:24:50 INFO DELETE /api/users/906 200 395
2026-08-27 13:24:51 INFO PUT /api/products/246 200 1347
2026-08-27 13:24:53 INFO GET /api/users 200 587
2026-08-27 13:24:54 INFO GET /api/users 200 287
2026-08-27 13:24:55 INFO POST /api/orders 200 153
2026-08-27 13:24:58 INFO POST /api/orders 200 449
2026-08-27 13:24:59 ERROR POST /api/login 500 927
2026-08-27 13:25:00 INFO GET /api/products 200 566
2026-08-27 13:25:03 INFO GET /api/products 200 120
2026-08-27 13:25:06 INFO GET /api/products 200 980
2026-08-27 13:25:08 INFO GET /api/products 200 542
2026-08-27 13:25:09 INFO POST /api/logout 200 94
2026-08-27 13:25:11 INFO POST /api/logout 200 1121
2026-08-27 13:25:12 INFO GET /api/health 200 353
2026-08-27 13:25:14 INFO GET /api/health 200 92
2026-08-27 13:25:17 WARNING POST /api/orders 429 1112
2026-08-27 13:25:20 INFO POST /api/login 200 1029
2026-08-27 13:25:22 INFO POST /api/orders 200 953
2026-08-27 13:25:24 ERROR POST /api/login 500 1071
2026-08-27 13:25:25 INFO POST /api/login 200 858
2026-08-27 13:25:26 WARNING GET /api/orders 429 1578
2026-08-27 13:25:27 INFO POST /api/login 200 1049
2026-08-27 13:25:28 WARNING PUT /api/products/210 429 1066
2026-08-27 13:25:29 INFO DELETE /api/users/393 200 789
2026-08-27 13:25:30 INFO GET /api/orders 200 1193
2026-08-27 13:25:31 INFO POST /api/login 200 1312
2026-08-27 13:25:32 INFO GET /api/users 200 1087
2026-08-27 13:25:33 WARNING GET /api/users 401 2109
2026-08-27 13:25:34 INFO GET /api/orders 201 491
2026-08-27 13:25:36 INFO PUT /api/products/713 200 133
2026-08-27 13:25:37 INFO POST /api/orders 200 432
2026-08-27 13:25:38 WARNING GET /api/products 429 2388
2026-08-27 13:25:41 INFO GET /api/users 200 1197
2026-08-27 13:25:42 WARNING GET /api/health 404 1207
2026-08-27 13:25:44 INFO POST /api/orders 200 1301
2026-08-27 13:25:45 INFO GET /api/products 200 975
2026-08-27 13:25:46 WARNING GET /api/health 404 2193
2026-08-27 13:25:48 INFO GET /api/health 200 637
2026-08-27 13:25:49 INFO PUT /api/products/143 200 570
2026-08-27 13:25:50 INFO PUT /api/products/6 200 139
2026-08-27 13:25:52 INFO POST /api/login 200 226
2026-08-27 13:25:53 INFO GET /api/users/824 200 1418
2026-08-27 13:25:54 INFO POST /api/orders 200 536
2026-08-27 13:25:55 INFO POST /api/orders 200 1149
2026-08-27 13:25:58 WARNING GET /api/products 401 1479
2026-08-27 13:25:59 INFO GET /api/users/379 200 964
2026-08-27 13:26:00 INFO POST /api/orders 200 774
2026-08-27 13:26:01 ERROR GET /api/products 503 530
2026-08-27 13:26:02 INFO PUT /api/products/456 200 1128
2026-08-27 13:26:05 INFO GET /api/users/293 200 1304
2026-08-27 13:26:07 INFO PUT /api/products/637 200 409
2026-08-27 13:26:10 INFO POST /api/orders 200 236
2026-08-27 13:26:13 INFO GET /api/users 200 175
2026-08-27 13:26:14 WARNING DELETE /api/users/187 404 1734
2026-08-27 13:26:17 INFO GET /api/health 200 1295
2026-08-27 13:26:18 INFO GET /api/users/214 200 649
2026-08-27 13:26:19 ERROR PUT /api/products/302 503 880
2026-08-27 13:26:20 INFO GET /api/products 200 784
2026-08-27 13:26:21 INFO GET /api/orders 200 724
2026-08-27 13:26:22 INFO POST /api/orders 200 973
2026-08-27 13:26:23 INFO GET /api/users/783 200 178
2026-08-27 13:26:24 INFO GET /api/orders 200 1123
2026-08-27 13:26:27 INFO GET /api/users/431 200 615
2026-08-27 13:26:28 INFO POST /api/orders 200 109
2026-08-27 13:26:31 INFO POST /api/logout 200 1179
2026-08-27 13:26:34 INFO GET /api/orders 200 1266
2026-08-27 13:26:36 INFO POST /api/login 201 699
2026-08-27 13:26:37 INFO POST /api/logout 201 1423
2026-08-27 13:26:38 INFO POST /api/logout 200 1286
2026-08-27 13:26:40 INFO POST /api/login 200 1308
2026-08-27 13:26:41 WARNING GET /api/users 404 2296
2026-08-27 13:26:44 INFO POST /api/login 200 586
2026-08-27 13:26:45 INFO GET /api/users/351 200 74
2026-08-27 13:26:47 WARNING GET /api/orders 400 1402
2026-08-27 13:26:49 INFO DELETE /api/users/53 200 554
2026-08-27 13:26:50 WARNING GET /api/health 400 813
2026-08-27 13:26:51 INFO DELETE /api/users/829 200 1264
2026-08-27 13:26:54 INFO POST /api/login 200 891
2026-08-27 13:26:57 INFO GET /api/products 200 1435
2026-08-27 13:27:00 INFO GET /api/products 200 483
2026-08-27 13:27:01 INFO POST /api/login 200 988
2026-08-27 13:27:02 INFO DELETE /api/users/265 200 297
2026-08-27 13:27:04 INFO GET /api/health 200 501
2026-08-27 13:27:05 INFO GET /api/users 200 345
2026-08-27 13:27:06 INFO DELETE /api/users/510 200 189
2026-08-27 13:27:08 INFO GET /api/health 200 912
2026-08-27 13:27:11 INFO PUT /api/products/140 200 1140
2026-08-27 13:27:13 WARNING GET /api/users/991 400 724
2026-08-27 13:27:14 INFO POST /api/logout 200 1300
2026-08-27 13:27:16 INFO GET /api/products 200 563
2026-08-27 13:27:17 INFO POST /api/logout 200 384
2026-08-27 13:27:18 INFO GET /api/orders 200 633
2026-08-27 13:27:19 INFO GET /api/orders 200 840
2026-08-27 13:27:20 INFO GET /api/health 200 415
2026-08-27 13:27:21 WARNING GET /api/products 429 1415
2026-08-27 13:27:23 WARNING GET /api/products 404 1309
2026-08-27 13:27:26 WARNING DELETE /api/users/552 400 2059
2026-08-27 13:27:27 INFO GET /api/users 200 1244
2026-08-27 13:27:28 INFO GET /api/health 200 485
2026-08-27 13:27:29 ERROR GET /api/users 500 1872
2026-08-27 13:27:32 INFO GET /api/orders 200 916
2026-08-27 13:27:34 INFO POST /api/login 200 668
2026-08-27 13:27:35 ERROR DELETE /api/users/25 500 1475
2026-08-27 13:27:37 INFO GET /api/users 200 1225
2026-08-27 13:27:38 INFO GET /api/users/615 200 54
2026-08-27 13:27:40 WARNING GET /api/health 404 595
2026-08-27 13:27:43 WARNING GET /api/users/480 400 1698
2026-08-27 13:27:44 INFO GET /api/users 200 1321
2026-08-27 13:27:45 INFO GET /api/orders 200 1386
2026-08-27 13:27:47 INFO GET /api/users/565 200 885
2026-08-27 13:27:50 WARNING GET /api/health 404 1306
2026-08-27 13:27:53 INFO GET /api/orders 200 453
2026-08-27 13:27:54 INFO PUT /api/products/367 200 846
2026-08-27 13:27:56 INFO GET /api/users/803 200 363
2026-08-27 13:27:59 INFO POST /api/login 201 674
2026-08-27 13:28:01 INFO GET /api/health 200 1165
2026-08-27 13:28:02 INFO PUT /api/products/352 200 586
2026-08-27 13:28:03 INFO PUT /api/products/761 200 549
2026-08-27 13:28:04 INFO GET /api/products 200 497
2026-08-27 13:28:05 INFO GET /api/orders 200 658
2026-08-27 13:28:07 INFO GET /api/health 200 1111
2026-08-27 13:28:08 INFO GET /api/products 200 810
2026-08-27 13:28:09 INFO POST /api/login 200 840
2026-08-27 13:28:11 INFO PUT /api/products/69 200 383
2026-08-27 13:28:14 INFO POST /api/logout 200 561
2026-08-27 13:28:15 INFO GET /api/users 200 883
2026-08-27 13:28:16 INFO POST /api/logout 200 533
2026-08-27 13:28:18 INFO DELETE /api/users/765 200 1310
2026-08-27 13:28:19 INFO POST /api/orders 201 1286
2026-08-27 13:28:20 ERROR POST /api/logout 500 1681
2026-08-27 13:28:22 INFO GET /api/health 200 615
2026-08-27 13:28:23 INFO POST /api/orders 200 597
2026-08-27 13:28:26 INFO POST /api/login 200 104
2026-08-27 13:28:27 INFO DELETE /api/users/776 200 1132
2026-08-27 13:28:28 INFO POST /api/login 200 185
2026-08-27 13:28:29 INFO GET /api/users 200 343
2026-08-27 13:28:31 INFO GET /api/health 200 1062
2026-08-27 13:28:34 INFO POST /api/orders 200 963
2026-08-27 13:28:37 ERROR GET /api/health 500 331
2026-08-27 13:28:38 INFO GET /api/users/642 200 960
2026-08-27 13:28:40 WARNING POST /api/logout 404 846
2026-08-27 13:28:42 WARNING POST /api/login 429 1471
2026-08-27 13:28:44 INFO POST /api/orders 200 1180
2026-08-27 13:28:45 INFO GET /api/orders 200 896
2026-08-27 13:28:46 INFO GET /api/health 200 526
2026-08-27 13:28:49 INFO GET /api/users/286 200 676
2026-08-27 13:28:52 INFO GET /api/products 200 911
2026-08-27 13:28:54 WARNING GET /api/users 429 1163
2026-08-27 13:28:55 INFO PUT /api/products/199 200 896
2026-08-27 13:28:57 WARNING POST /api/login 400 450
2026-08-27 13:28:59 WARNING DELETE /api/users/929 400 1450
2026-08-27 13:29:00 INFO POST /api/logout 200 191
2026-08-27 13:29:01 INFO GET /api/health 200 917
2026-08-27 13:29:02 INFO POST /api/login 200 691
2026-08-27 13:29:05 INFO POST /api/orders 200 1049
2026-08-27 13:29:06 INFO POST /api/login 200 907
2026-08-27 13:29:09 INFO GET /api/products 200 679
2026-08-27 13:29:12 INFO POST /api/logout 201 433
2026-08-27 13:29:13 WARNING DELETE /api/users/370 400 1303
2026-08-27 13:29:16 INFO GET /api/health 200 331
2026-08-27 13:29:19 INFO POST /api/orders 200 431
2026-08-27 13:29:20 INFO POST /api/login 200 1323
2026-08-27 13:29:23 WARNING GET /api/orders 400 1407
2026-08-27 13:29:26 ERROR GET /api/orders 500 1137
2026-08-27 13:29:27 INFO POST /api/orders 200 1200
2026-08-27 13:29:28 INFO POST /api/login 200 660
2026-08-27 13:29:29 INFO DELETE /api/users/392 201 1460
2026-08-27 13:29:30 INFO POST /api/logout 200 347
2026-08-27 13:29:31 INFO GET /api/orders 200 1337
2026-08-27 13:29:33 INFO GET /api/orders 200 794
2026-08-27 13:29:36 INFO PUT /api/products/836 200 993
2026-08-27 13:29:37 WARNING PUT /api/products/755 404 1126
2026-08-27 13:29:39 INFO POST /api/orders 200 1229
2026-08-27 13:29:40 WARNING GET /api/products 429 2320
2026-08-27 13:29:43 INFO POST /api/login 200 627
2026-08-27 13:29:46 ERROR PUT /api/products/362 500 1623
2026-08-27 13:29:47 INFO POST /api/orders 200 302
2026-08-27 13:29:48 INFO GET /api/users 200 1474
2026-08-27 13:29:50 WARNING PUT /api/products/952 400 520
2026-08-27 13:29:51 WARNING GET /api/products 400 1574
2026-08-27 13:29:53 INFO POST /api/logout 201 1434
2026-08-27 13:29:54 INFO PUT /api/products/378 200 1347
2026-08-27 13:29:55 INFO POST /api/orders 200 819
2026-08-27 13:29:56 INFO GET /api/users 200 546
2026-08-27 13:29:57 WARNING GET /api/orders 404 641
2026-08-27 13:29:58 INFO DELETE /api/users/703 200 1079
2026-08-27 13:29:59 INFO POST /api/logout 200 1031
2026-08-27 13:30:00 WARNING GET /api/users/40 400 597
2026-08-27 13:30:03 INFO DELETE /api/users/282 200 833
2026-08-27 13:30:04 INFO GET /api/health 200 1432
2026-08-27 13:30:05 WARNING GET /api/health 400 619
2026-08-27 13:30:06 INFO DELETE /api/users/193 200 1351
2026-08-27 13:30:09 INFO GET /api/users/973 200 86
2026-08-27 13:30:10 INFO POST /api/logout 200 461
2026-08-27 13:30:12 INFO GET /api/products 200 480
2026-08-27 13:30:13 INFO GET /api/health 200 328
2026-08-27 13:30:15 INFO POST /api/orders 200 450
2026-08-27 13:30:16 INFO GET /api/users/664 201 140
2026-08-27 13:30:17 WARNING PUT /api/products/457 401 1545
2026-08-27 13:30:18 INFO PUT /api/products/19 200 317
2026-08-27 13:30:20 INFO GET /api/users 200 1375
2026-08-27 13:30:22 INFO GET /api/users/353 200 96
2026-08-27 13:30:24 ERROR PUT /api/products/561 500 1419
2026-08-27 13:30:26 INFO GET /api/users/661 200 1343
2026-08-27 13:30:29 INFO DELETE /api/users/40 201 153
2026-08-27 13:30:31 INFO GET /api/orders 200 1395
2026-08-27 13:30:33 ERROR DELETE /api/users/512 500 1123
2026-08-27 13:30:34 WARNING POST /api/login 404 1251
2026-08-27 13:30:37 INFO PUT /api/products/760 200 1179
2026-08-27 13:30:38 ERROR GET /api/users/108 500 378
2026-08-27 13:30:39 WARNING PUT /api/products/327 429 457
2026-08-27 13:30:40 INFO POST /api/logout 200 954
2026-08-27 13:30:43 WARNING POST /api/login 400 1056
2026-08-27 13:30:44 WARNING POST /api/orders 400 1368
2026-08-27 13:30:45 WARNING POST /api/orders 404 1718
2026-08-27 13:30:48 INFO GET /api/orders 200 1088
2026-08-27 13:30:50 WARNING POST /api/login 401 338
2026-08-27 13:30:53 INFO POST /api/orders 200 1034
2026-08-27 13:30:54 INFO GET /api/users/412 200 584
2026-08-27 13:30:55 INFO POST /api/logout 201 658
2026-08-27 13:30:58 INFO GET /api/users 200 1189
2026-08-27 13:30:59 INFO GET /api/products 200 887
2026-08-27 13:31:01 INFO GET /api/orders 200 511
2026-08-27 13:31:04 INFO GET /api/products 201 746
2026-08-27 13:31:05 INFO GET /api/products 200 202
2026-08-27 13:31:06 INFO POST /api/login 200 280
2026-08-27 13:31:09 INFO GET /api/users 201 1161
2026-08-27 13:31:10 INFO GET /api/users 200 1364
2026-08-27 13:31:12 INFO POST /api/logout 200 579
2026-08-27 13:31:15 INFO POST /api/logout 200 990
2026-08-27 13:31:17 INFO GET /api/health 200 1204
2026-08-27 13:31:18 WARNING DELETE /api/users/585 429 1583
2026-08-27 13:31:20 INFO GET /api/products 200 384
2026-08-27 13:31:22 INFO GET /api/orders 200 620
2026-08-27 13:31:23 INFO PUT /api/products/561 200 1339
2026-08-27 13:31:24 INFO POST /api/orders 200 1029
2026-08-27 13:31:27 INFO GET /api/users/120 200 434
2026-08-27 13:31:28 INFO PUT /api/products/90 200 503
2026-08-27 13:31:29 INFO POST /api/orders 201 367
2026-08-27 13:31:30 INFO GET /api/products 200 1344
2026-08-27 13:31:31 INFO POST /api/orders 200 1480
2026-08-27 13:31:34 INFO GET /api/users/754 200 1034
2026-08-27 13:31:35 INFO POST /api/orders 200 545
2026-08-27 13:31:36 WARNING PUT /api/products/776 401 1770
2026-08-27 13:31:38 INFO GET /api/products 200 944
2026-08-27 13:31:39 WARNING DELETE /api/users/569 404 1883
2026-08-27 13:31:40 INFO PUT /api/products/1 200 55
2026-08-27 13:31:43 INFO DELETE /api/users/846 200 378
2026-08-27 13:31:44 INFO PUT /api/products/694 200 325
2026-08-27 13:31:46 INFO POST /api/orders 200 1141
2026-08-27 13:31:49 INFO POST /api/login 200 482
2026-08-27 13:31:50 INFO GET /api/products 200 146
2026-08-27 13:31:52 INFO DELETE /api/users/628 200 472
2026-08-27 13:31:53 INFO DELETE /api/users/704 200 1412
2026-08-27 13:31:54 INFO GET /api/users/664 200 733
2026-08-27 13:31:56 INFO POST /api/orders 201 182
2026-08-27 13:31:58 INFO POST /api/logout 200 744
2026-08-27 13:32:01 INFO POST /api/orders 200 796
2026-08-27 13:32:03 INFO GET /api/orders 200 456
2026-08-27 13:32:04 INFO PUT /api/products/29 200 1135
2026-08-27 13:32:07 WARNING GET /api/health 404 1976
2026-08-27 13:32:08 INFO GET /api/products 200 1230
2026-08-27 13:32:11 INFO POST /api/orders 200 473
2026-08-27 13:32:12 INFO GET /api/health 200 797
2026-08-27 13:32:14 WARNING POST /api/logout 401 669
2026-08-27 13:32:15 INFO POST /api/login 200 958
2026-08-27 13:32:18 ERROR POST /api/logout 500 2263
2026-08-27 13:32:19 INFO GET /api/health 200 1285
2026-08-27 13:32:20 INFO GET /api/users/576 200 633
2026-08-27 13:32:22 ERROR POST /api/logout 500 2191
2026-08-27 13:32:23 INFO PUT /api/products/633 200 1100
2026-08-27 13:32:24 INFO PUT /api/products/276 200 1195
2026-08-27 13:32:25 INFO POST /api/login 200 168
2026-08-27 13:32:28 INFO PUT /api/products/534 200 1093
2026-08-27 13:32:29 WARNING PUT /api/products/400 404 1458
2026-08-27 13:32:30 INFO GET /api/users/785 200 877
2026-08-27 13:32:31 INFO PUT /api/products/848 200 73
2026-08-27 13:32:33 WARNING POST /api/logout 400 1533
2026-08-27 13:32:34 WARNING POST /api/login 401 2077
2026-08-27 13:32:36 WARNING GET /api/orders 401 1017
2026-08-27 13:32:39 WARNING PUT /api/products/849 400 760
2026-08-27 13:32:42 INFO DELETE /api/users/928 200 558
2026-08-27 13:32:43 INFO GET /api/orders 200 1358
2026-08-27 13:32:44 INFO GET /api/users/825 200 655
2026-08-27 13:32:45 INFO GET /api/orders 200 1454
2026-08-27 13:32:46 WARNING GET /api/products 401 1492
2026-08-27 13:32:47 INFO GET /api/users 200 1433
2026-08-27 13:32:48 INFO DELETE /api/users/488 200 810
2026-08-27 13:32:49 INFO GET /api/orders 200 548
2026-08-27 13:32:50 WARNING GET /api/users 429 2138
2026-08-27 13:32:53 INFO POST /api/orders 200 1207
2026-08-27 13:32:54 INFO GET /api/health 200 69
2026-08-27 13:32:55 INFO GET /api/users/482 200 1011
2026-08-27 13:32:56 INFO PUT /api/products/576 200 346
2026-08-27 13:32:57 WARNING POST /api/login 401 2178
2026-08-27 13:32:58 WARNING GET /api/health 404 1535
2026-08-27 13:32:59 INFO POST /api/orders 200 391
2026-08-27 13:33:01 INFO DELETE /api/users/974 200 87
2026-08-27 13:33:02 INFO GET /api/products 200 1487
2026-08-27 13:33:05 WARNING DELETE /api/users/974 429 2241
2026-08-27 13:33:08 INFO POST /api/orders 200 736
2026-08-27 13:33:09 INFO POST /api/logout 200 1065
2026-08-27 13:33:12 INFO PUT /api/products/823 200 338
2026-08-27 13:33:13 INFO GET /api/health 200 1430
2026-08-27 13:33:15 WARNING POST /api/login 404 591
2026-08-27 13:33:16 INFO POST /api/orders 200 726
2026-08-27 13:33:17 INFO POST /api/orders 200 1167
2026-08-27 13:33:18 INFO GET /api/users 200 721
2026-08-27 13:33:19 INFO GET /api/users 200 130
2026-08-27 13:33:22 WARNING POST /api/logout 429 1403
2026-08-27 13:33:23 WARNING POST /api/orders 404 1716
2026-08-27 13:33:25 INFO POST /api/orders 200 1033
2026-08-27 13:33:27 INFO GET /api/orders 200 550
2026-08-27 13:33:29 WARNING GET /api/products 401 983
2026-08-27 13:33:30 INFO POST /api/orders 200 1249
2026-08-27 13:33:32 INFO GET /api/health 200 681
2026-08-27 13:33:33 WARNING PUT /api/products/283 429 2330
2026-08-27 13:33:36 INFO PUT /api/products/552 200 164
2026-08-27 13:33:38 WARNING GET /api/health 429 1288
2026-08-27 13:33:39 INFO GET /api/users 200 885
2026-08-27 13:33:41 WARNING GET /api/products 429 2474
2026-08-27 13:33:42 INFO PUT /api/products/37 200 1249
2026-08-27 13:33:44 INFO POST /api/logout 200 560
2026-08-27 13:33:47 INFO PUT /api/products/175 200 1242
2026-08-27 13:33:48 WARNING POST /api/orders 400 1012
2026-08-27 13:33:49 INFO GET /api/users/862 200 83
2026-08-27 13:33:50 INFO PUT /api/products/50 200 970
2026-08-27 13:33:52 INFO DELETE /api/users/219 200 947
2026-08-27 13:33:53 INFO POST /api/orders 200 1010
2026-08-27 13:33:56 INFO GET /api/users 200 1325
2026-08-27 13:33:59 INFO POST /api/orders 200 1122
2026-08-27 13:34:00 INFO POST /api/logout 200 701
2026-08-27 13:34:02 WARNING GET /api/health 401 986
2026-08-27 13:34:03 ERROR PUT /api/products/779 500 915
2026-08-27 13:34:04 INFO GET /api/users/194 200 1239
2026-08-27 13:34:07 INFO GET /api/users 200 841
2026-08-27 13:34:09 INFO GET /api/orders 200 1326
2026-08-27 13:34:10 INFO PUT /api/products/580 200 1214
2026-08-27 13:34:11 INFO GET /api/health 200 1230
2026-08-27 13:34:12 INFO POST /api/login 200 703
2026-08-27 13:34:15 INFO POST /api/logout 200 1500
2026-08-27 13:34:18 INFO GET /api/products 200 391
2026-08-27 13:34:20 WARNING PUT /api/products/452 401 564
2026-08-27 13:34:21 INFO POST /api/orders 200 620
2026-08-27 13:34:22 INFO GET /api/products 200 546
2026-08-27 13:34:24 INFO GET /api/products 200 207
2026-08-27 13:34:25 INFO GET /api/products 200 776
2026-08-27 13:34:26 INFO POST /api/login 200 1472
2026-08-27 13:34:27 INFO GET /api/orders 200 916
2026-08-27 13:34:29 INFO POST /api/orders 200 1347
2026-08-27 13:34:31 ERROR POST /api/login 500 2470
2026-08-27 13:34:33 INFO DELETE /api/users/580 200 1117
2026-08-27 13:34:34 INFO GET /api/orders 200 1472
2026-08-27 13:34:37 INFO GET /api/products 200 604
2026-08-27 13:34:40 INFO GET /api/users 200 311
2026-08-27 13:34:41 ERROR DELETE /api/users/424 500 1548
2026-08-27 13:34:42 INFO DELETE /api/users/853 200 945
2026-08-27 13:34:43 WARNING PUT /api/products/703 429 456
2026-08-27 13:34:44 WARNING GET /api/products 404 1321
2026-08-27 13:34:46 INFO GET /api/users/801 200 1495
2026-08-27 13:34:48 WARNING DELETE /api/users/645 404 1462
2026-08-27 13:34:50 INFO PUT /api/products/473 200 206
2026-08-27 13:34:51 INFO GET /api/users 200 1457
2026-08-27 13:34:53 INFO GET /api/health 200 1190
2026-08-27 13:34:54 INFO PUT /api/products/433 200 1011
2026-08-27 13:34:55 INFO GET /api/users/882 200 1004
2026-08-27 13:34:56 INFO GET /api/products 200 1451
2026-08-27 13:34:59 INFO PUT /api/products/536 200 1485
2026-08-27 13:35:02 INFO PUT /api/products/992 200 470
2026-08-27 13:35:04 INFO GET /api/users/674 200 505
2026-08-27 13:35:05 WARNING GET /api/users 400 1949
2026-08-27 13:35:06 ERROR POST /api/orders 500 985
2026-08-27 13:35:09 INFO GET /api/orders 200 1373
2026-08-27 13:35:10 INFO GET /api/users 201 502
2026-08-27 13:35:11 INFO GET /api/users 200 944
2026-08-27 13:35:12 WARNING POST /api/orders 401 693
2026-08-27 13:35:13 INFO POST /api/logout 200 659
2026-08-27 13:35:14 INFO POST /api/logout 200 306
2026-08-27 13:35:17 INFO POST /api/orders 200 80
2026-08-27 13:35:19 INFO POST /api/orders 200 893
2026-08-27 13:35:21 INFO GET /api/health 200 963
2026-08-27 13:35:22 INFO GET /api/products 200 195
2026-08-27 13:35:23 INFO GET /api/products 200 706
2026-08-27 13:35:26 INFO GET /api/orders 200 645
2026-08-27 13:35:28 INFO GET /api/users 200 299
2026-08-27 13:35:31 INFO GET /api/users/740 200 798
2026-08-27 13:35:32 INFO GET /api/users 200 764
2026-08-27 13:35:34 INFO POST /api/logout 200 1244
2026-08-27 13:35:35 INFO GET /api/orders 200 215
2026-08-27 13:35:36 INFO GET /api/products 200 1158
2026-08-27 13:35:37 WARNING GET /api/users 429 456
2026-08-27 13:35:38 INFO POST /api/orders 200 674
2026-08-27 13:35:39 INFO GET /api/users/641 200 284
2026-08-27 13:35:40 INFO POST /api/orders 200 1032
2026-08-27 13:35:42 INFO POST /api/login 200 502
2026-08-27 13:35:43 INFO PUT /api/products/88 200 1371
2026-08-27 13:35:44 INFO GET /api/health 200 697
2026-08-27 13:35:45 INFO POST /api/login 200 110
2026-08-27 13:35:47 WARNING DELETE /api/users/275 401 1433
2026-08-27 13:35:50 INFO POST /api/logout 200 201
2026-08-27 13:35:51 INFO GET /api/orders 200 997
2026-08-27 13:35:52 INFO POST /api/logout 200 548
2026-08-27 13:35:55 INFO GET /api/orders 200 1015
2026-08-27 13:35:56 INFO POST /api/login 200 1334
2026-08-27 13:35:57 INFO GET /api/health 200 541
2026-08-27 13:36:00 INFO PUT /api/products/63 200 970
2026-08-27 13:36:01 INFO GET /api/products 200 357
2026-08-27 13:36:02 INFO GET /api/users 200 1193
2026-08-27 13:36:03 INFO GET /api/users 200 1061
2026-08-27 13:36:06 INFO DELETE /api/users/124 200 517
2026-08-27 13:36:07 INFO DELETE /api/users/73 200 1147
2026-08-27 13:36:08 INFO POST /api/login 200 190
2026-08-27 13:36:10 INFO GET /api/health 200 1236
2026-08-27 13:36:11 INFO GET /api/users 200 1290
2026-08-27 13:36:12 INFO POST /api/login 201 971
2026-08-27 13:36:13 INFO POST /api/login 200 1379
2026-08-27 13:36:15 WARNING GET /api/users 404 1776
2026-08-27 13:36:16 WARNING POST /api/logout 429 1411
2026-08-27 13:36:17 INFO DELETE /api/users/886 200 574
2026-08-27 13:36:18 INFO POST /api/login 200 893
2026-08-27 13:36:19 INFO GET /api/users/587 200 1430
2026-08-27 13:36:22 INFO DELETE /api/users/754 200 473
2026-08-27 13:36:23 INFO GET /api/orders 200 1247
2026-08-27 13:36:24 INFO POST /api/orders 200 256
2026-08-27 13:36:26 INFO GET /api/products 200 1277
2026-08-27 13:36:28 WARNING GET /api/products 429 1173
2026-08-27 13:36:29 INFO GET /api/orders 200 544
2026-08-27 13:36:32 WARNING GET /api/users/526 404 1295
2026-08-27 13:36:33 INFO DELETE /api/users/127 200 43
2026-08-27 13:36:34 INFO GET /api/orders 200 234
2026-08-27 13:36:35 WARNING DELETE /api/users/665 404 1387
2026-08-27 13:36:36 INFO GET /api/users/71 200 1300
2026-08-27 13:36:39 INFO POST /api/logout 200 552
2026-08-27 13:36:42 INFO POST /api/login 200 422
2026-08-27 13:36:43 WARNING GET /api/users 400 756
2026-08-27 13:36:44 WARNING POST /api/login 429 1138
2026-08-27 13:36:45 INFO DELETE /api/users/975 200 161
2026-08-27 13:36:46 INFO POST /api/login 200 620
2026-08-27 13:36:49 INFO GET /api/products 200 556
2026-08-27 13:36:52 INFO GET /api/orders 201 322
2026-08-27 13:36:55 INFO GET /api/orders 200 385
2026-08-27 13:36:57 INFO GET /api/orders 200 82
2026-08-27 13:37:00 INFO PUT /api/products/317 200 178
2026-08-27 13:37:01 INFO POST /api/logout 200 93
2026-08-27 13:37:03 INFO POST /api/orders 200 358
2026-08-27 13:37:04 WARNING PUT /api/products/731 429 1079
2026-08-27 13:37:06 INFO GET /api/users/788 200 252
2026-08-27 13:37:07 WARNING POST /api/logout 429 746
2026-08-27 13:37:08 INFO GET /api/users/380 200 124
2026-08-27 13:37:10 INFO PUT /api/products/404 200 727
2026-08-27 13:37:11 INFO DELETE /api/users/492 200 1292
2026-08-27 13:37:13 WARNING POST /api/logout 400 313
2026-08-27 13:37:16 INFO DELETE /api/users/142 200 279
2026-08-27 13:37:17 INFO POST /api/orders 200 687
2026-08-27 13:37:18 INFO GET /api/users/564 201 817
2026-08-27 13:37:21 WARNING DELETE /api/users/806 429 529
2026-08-27 13:37:24 INFO GET /api/products 200 181
2026-08-27 13:37:25 ERROR PUT /api/products/420 500 2373
2026-08-27 13:37:28 WARNING POST /api/login 400 2414
2026-08-27 13:37:29 INFO DELETE /api/users/491 200 1380
2026-08-27 13:37:30 WARNING GET /api/products 400 1718
2026-08-27 13:37:33 INFO DELETE /api/users/983 200 1306
2026-08-27 13:37:35 INFO GET /api/users 200 1186
2026-08-27 13:37:36 INFO PUT /api/products/294 200 456
2026-08-27 13:37:39 INFO GET /api/orders 200 602
2026-08-27 13:37:41 INFO POST /api/logout 200 410
2026-08-27 13:37:42 INFO DELETE /api/users/763 200 381
2026-08-27 13:37:43 INFO POST /api/login 200 487
2026-08-27 13:37:45 INFO DELETE /api/users/159 200 974
2026-08-27 13:37:46 WARNING PUT /api/products/564 429 341
2026-08-27 13:37:47 WARNING GET /api/health 400 2088
2026-08-27 13:37:48 INFO DELETE /api/users/338 201 344
2026-08-27 13:37:51 INFO GET /api/users 200 567
2026-08-27 13:37:52 INFO GET /api/health 200 518
2026-08-27 13:37:53 INFO PUT /api/products/54 200 1070
2026-08-27 13:37:56 INFO GET /api/users/849 200 1371
2026-08-27 13:37:59 INFO POST /api/login 200 1122
2026-08-27 13:38:00 INFO POST /api/login 200 242
2026-08-27 13:38:03 INFO GET /api/orders 200 609
2026-08-27 13:38:06 WARNING GET /api/users 404 1361
2026-08-27 13:38:07 INFO POST /api/orders 200 148
2026-08-27 13:38:08 INFO GET /api/users 200 657
2026-08-27 13:38:09 WARNING GET /api/users/543 401 1473
2026-08-27 13:38:11 INFO GET /api/orders 200 634
2026-08-27 13:38:14 INFO GET /api/users/717 200 521
2026-08-27 13:38:15 INFO POST /api/logout 200 614
2026-08-27 13:38:17 INFO PUT /api/products/389 200 44
2026-08-27 13:38:18 INFO GET /api/users 200 183
2026-08-27 13:38:21 INFO GET /api/users 200 1076
2026-08-27 13:38:24 INFO GET /api/users 200 292
2026-08-27 13:38:25 INFO GET /api/users/359 200 724
2026-08-27 13:38:27 INFO DELETE /api/users/852 200 151
2026-08-27 13:38:30 INFO DELETE /api/users/430 200 987
2026-08-27 13:38:31 INFO GET /api/health 201 1410
2026-08-27 13:38:33 INFO POST /api/logout 200 1186
2026-08-27 13:38:34 ERROR POST /api/login 500 2256
2026-08-27 13:38:35 INFO GET /api/health 200 73
2026-08-27 13:38:36 INFO GET /api/orders 200 850
2026-08-27 13:38:37 INFO PUT /api/products/345 200 456
2026-08-27 13:38:40 INFO GET /api/products 200 754
2026-08-27 13:38:42 INFO GET /api/users/396 200 1129
2026-08-27 13:38:43 INFO GET /api/users/698 200 639
2026-08-27 13:38:44 INFO GET /api/health 200 532
2026-08-27 13:38:45 INFO GET /api/orders 200 519
2026-08-27 13:38:46 INFO GET /api/products 200 40
2026-08-27 13:38:47 INFO GET /api/orders 200 1263
2026-08-27 13:38:48 WARNING GET /api/users/144 429 818
2026-08-27 13:38:49 INFO GET /api/users/255 200 1385
2026-08-27 13:38:52 INFO DELETE /api/users/121 200 1388
2026-08-27 13:38:55 WARNING GET /api/orders 429 1826
2026-08-27 13:38:56 INFO POST /api/orders 200 356
2026-08-27 13:38:57 INFO GET /api/users/445 200 224
2026-08-27 13:38:58 INFO GET /api/orders 200 1470
2026-08-27 13:38:59 INFO GET /api/products 201 269
2026-08-27 13:39:01 INFO POST /api/login 200 968
2026-08-27 13:39:04 WARNING GET /api/users 401 1234
2026-08-27 13:39:07 INFO PUT /api/products/620 200 653
2026-08-27 13:39:08 ERROR PUT /api/products/144 500 2271
2026-08-27 13:39:09 INFO PUT /api/products/68 200 782
2026-08-27 13:39:10 INFO GET /api/users/280 200 451
2026-08-27 13:39:11 INFO GET /api/products 200 804
2026-08-27 13:39:12 INFO POST /api/orders 200 254
2026-08-27 13:39:13 INFO POST /api/login 200 124
2026-08-27 13:39:14 WARNING DELETE /api/users/572 404 894
2026-08-27 13:39:15 INFO GET /api/health 200 605
2026-08-27 13:39:17 ERROR GET /api/users 503 1934
2026-08-27 13:39:18 WARNING POST /api/orders 400 1230
2026-08-27 13:39:19 INFO POST /api/orders 200 934
2026-08-27 13:39:20 INFO GET /api/users/997 200 54
2026-08-27 13:39:23 INFO GET /api/health 200 1034
2026-08-27 13:39:24 INFO GET /api/users 200 316
2026-08-27 13:39:25 WARNING GET /api/users 400 1453
2026-08-27 13:39:27 INFO GET /api/orders 200 1438
2026-08-27 13:39:28 INFO PUT /api/products/539 200 244
2026-08-27 13:39:29 INFO POST /api/login 200 222
2026-08-27 13:39:30 INFO POST /api/logout 200 502
2026-08-27 13:39:32 INFO GET /api/health 200 587
2026-08-27 13:39:33 INFO DELETE /api/users/645 200 433
2026-08-27 13:39:34 INFO GET /api/products 200 1078
2026-08-27 13:39:36 INFO DELETE /api/users/56 200 162
2026-08-27 13:39:38 INFO GET /api/users/381 200 120
2026-08-27 13:39:39 INFO GET /api/health 200 1220
2026-08-27 13:39:42 INFO GET /api/health 200 517
2026-08-27 13:39:44 INFO GET /api/users/569 200 370
2026-08-27 13:39:45 INFO POST /api/login 200 1387
2026-08-27 13:39:46 WARNING GET /api/users 401 2363
2026-08-27 13:39:49 INFO GET /api/users 200 1114
2026-08-27 13:39:51 ERROR GET /api/products 503 1053
2026-08-27 13:39:52 INFO GET /api/products 200 991
2026-08-27 13:39:54 INFO GET /api/products 200 620
2026-08-27 13:39:55 INFO DELETE /api/users/424 200 1489
2026-08-27 13:39:56 WARNING GET /api/products 400 1496
2026-08-27 13:39:57 INFO GET /api/products 201 858
2026-08-27 13:39:58 INFO GET /api/users/940 200 770
2026-08-27 13:39:59 INFO PUT /api/products/918 200 712
2026-08-27 13:40:02 INFO GET /api/products 200 263
2026-08-27 13:40:04 INFO GET /api/health 200 381
2026-08-27 13:40:05 INFO POST /api/orders 200 1361
2026-08-27 13:40:06 ERROR GET /api/users/926 503 904
2026-08-27 13:40:09 ERROR GET /api/products 503 559
2026-08-27 13:40:10 INFO GET /api/orders 200 1250
2026-08-27 13:40:11 INFO DELETE /api/users/386 200 1078
2026-08-27 13:40:12 INFO POST /api/orders 200 1358
2026-08-27 13:40:15 WARNING POST /api/logout 401 537
2026-08-27 13:40:18 INFO GET /api/orders 200 1481
2026-08-27 13:40:19 INFO GET /api/orders 200 488
2026-08-27 13:40:20 INFO GET /api/users 200 1160
2026-08-27 13:40:23 ERROR GET /api/orders 500 523
2026-08-27 13:40:26 INFO PUT /api/products/404 200 525
2026-08-27 13:40:28 INFO PUT /api/products/682 200 1372
2026-08-27 13:40:30 ERROR GET /api/orders 500 1425
2026-08-27 13:40:32 INFO POST /api/orders 200 859
2026-08-27 13:40:33 INFO POST /api/orders 200 819
2026-08-27 13:40:34 INFO DELETE /api/users/909 200 362
2026-08-27 13:40:35 INFO GET /api/health 200 511
2026-08-27 13:40:36 WARNING GET /api/products 404 1445
2026-08-27 13:40:37 INFO DELETE /api/users/537 200 884
2026-08-27 13:40:40 INFO DELETE /api/users/3 200 1103
2026-08-27 13:40:41 INFO POST /api/logout 200 136
2026-08-27 13:40:44 ERROR GET /api/orders 500 1776
2026-08-27 13:40:45 INFO DELETE /api/users/479 200 1391
2026-08-27 13:40:46 INFO GET /api/health 200 1005
2026-08-27 13:40:47 INFO DELETE /api/users/493 200 1073
2026-08-27 13:40:50 INFO POST /api/login 200 485
2026-08-27 13:40:51 INFO POST /api/orders 200 560
2026-08-27 13:40:52 INFO GET /api/users/227 200 92
2026-08-27 13:40:53 INFO GET /api/health 200 1117
2026-08-27 13:40:55 WARNING GET /api/products 429 1002
2026-08-27 13:40:57 ERROR PUT /api/products/284 503 2352
2026-08-27 13:40:58 WARNING GET /api/products 401 1129
2026-08-27 13:40:59 INFO POST /api/login 200 1122
2026-08-27 13:41:00 INFO POST /api/logout 200 677
2026-08-27 13:41:01 WARNING POST /api/orders 400 721
2026-08-27 13:41:02 INFO GET /api/health 200 779
2026-08-27 13:41:03 INFO PUT /api/products/365 200 855
2026-08-27 13:41:04 WARNING GET /api/health 429 1294
2026-08-27 13:41:07 INFO PUT /api/products/712 200 741
2026-08-27 13:41:09 INFO DELETE /api/users/801 200 1257
2026-08-27 13:41:10 INFO DELETE /api/users/836 201 824
2026-08-27 13:41:11 INFO DELETE /api/users/5 200 942
2026-08-27 13:41:14 INFO GET /api/health 201 1483
2026-08-27 13:41:17 WARNING POST /api/login 404 696
2026-08-27 13:41:18 INFO POST /api/orders 200 569
2026-08-27 13:41:19 ERROR GET /api/products 500 1004
2026-08-27 13:41:20 INFO POST /api/orders 200 1326
2026-08-27 13:41:23 INFO DELETE /api/users/54 200 1399
2026-08-27 13:41:24 INFO POST /api/orders 200 1227
2026-08-27 13:41:27 WARNING DELETE /api/users/352 429 867
2026-08-27 13:41:29 INFO GET /api/health 200 955
2026-08-27 13:41:30 WARNING DELETE /api/users/372 429 2300
2026-08-27 13:41:31 WARNING GET /api/orders 404 758
2026-08-27 13:41:33 WARNING POST /api/orders 429 1496
2026-08-27 13:41:35 INFO GET /api/products 200 711
2026-08-27 13:41:36 INFO POST /api/login 200 945
2026-08-27 13:41:39 ERROR POST /api/login 503 420
2026-08-27 13:41:41 INFO GET /api/users 200 387
2026-08-27 13:41:42 INFO DELETE /api/users/901 200 1189
2026-08-27 13:41:43 INFO DELETE /api/users/238 200 901
2026-08-27 13:41:44 INFO GET /api/users 200 1066
2026-08-27 13:41:45 WARNING GET /api/products 404 1916
2026-08-27 13:41:46 INFO GET /api/users 200 78
2026-08-27 13:41:48 INFO PUT /api/products/839 200 1248
2026-08-27 13:41:51 WARNING POST /api/login 400 1712
2026-08-27 13:41:54 INFO GET /api/users/32 200 573
2026-08-27 13:41:55 ERROR GET /api/users/138 503 1348
2026-08-27 13:41:56 INFO GET /api/users 200 448
2026-08-27 13:41:57 INFO GET /api/users/403 200 723
2026-08-27 13:42:00 INFO GET /api/products 200 894
2026-08-27 13:42:03 INFO GET /api/products 200 1393
2026-08-27 13:42:05 INFO DELETE /api/users/183 200 553
2026-08-27 13:42:07 INFO GET /api/orders 200 236
2026-08-27 13:42:08 INFO GET /api/health 200 789
2026-08-27 13:42:09 INFO POST /api/logout 200 1384
2026-08-27 13:42:11 INFO GET /api/health 200 703
2026-08-27 13:42:12 INFO GET /api/users/951 200 62
2026-08-27 13:42:15 INFO DELETE /api/users/68 200 1039
2026-08-27 13:42:16 INFO GET /api/users 200 1238
2026-08-27 13:42:19 INFO GET /api/orders 200 1110
2026-08-27 13:42:22 INFO POST /api/orders 200 1030
2026-08-27 13:42:23 INFO GET /api/users 200 378
2026-08-27 13:42:24 INFO GET /api/users/321 200 219
2026-08-27 13:42:27 WARNING GET /api/orders 404 863
2026-08-27 13:42:28 INFO GET /api/health 200 828
2026-08-27 13:42:30 INFO POST /api/orders 200 160
2026-08-27 13:42:31 INFO GET /api/health 200 620
2026-08-27 13:42:32 INFO POST /api/login 200 1284
2026-08-27 13:42:34 INFO DELETE /api/users/732 200 1139
2026-08-27 13:42:35 INFO POST /api/logout 200 1231
2026-08-27 13:42:36 INFO POST /api/orders 200 150
2026-08-27 13:42:39 INFO GET /api/products 200 709
2026-08-27 13:42:40 INFO POST /api/orders 200 790
2026-08-27 13:42:41 INFO POST /api/login 200 1461
2026-08-27 13:42:42 WARNING DELETE /api/users/556 404 791
2026-08-27 13:42:44 INFO POST /api/orders 200 850
2026-08-27 13:42:45 INFO PUT /api/products/964 200 102
2026-08-27 13:42:46 INFO POST /api/logout 200 243
2026-08-27 13:42:47 INFO GET /api/health 200 631
2026-08-27 13:42:48 INFO GET /api/users 200 764
2026-08-27 13:42:49 INFO GET /api/orders 200 1454
2026-08-27 13:42:51 INFO GET /api/orders 200 1464
2026-08-27 13:42:53 INFO DELETE /api/users/888 200 224
2026-08-27 13:42:54 INFO POST /api/logout 200 936
2026-08-27 13:42:55 INFO GET /api/orders 200 880
2026-08-27 13:42:56 WARNING GET /api/products 401 1950
2026-08-27 13:42:57 INFO PUT /api/products/913 200 219
2026-08-27 13:42:58 WARNING GET /api/orders 404 1473
2026-08-27 13:43:00 INFO PUT /api/products/649 201 220
2026-08-27 13:43:02 INFO GET /api/orders 200 184
2026-08-27 13:43:03 WARNING GET /api/users/921 404 2167
2026-08-27 13:43:06 INFO DELETE /api/users/945 200 804
2026-08-27 13:43:07 INFO POST /api/logout 200 790
2026-08-27 13:43:08 INFO GET /api/users 200 77
2026-08-27 13:43:11 INFO PUT /api/products/211 200 56
2026-08-27 13:43:14 WARNING POST /api/orders 401 1689
2026-08-27 13:43:15 INFO GET /api/orders 200 646
2026-08-27 13:43:17 INFO GET /api/users/355 200 1007
2026-08-27 13:43:20 INFO POST /api/orders 201 1415
2026-08-27 13:43:23 WARNING PUT /api/products/735 404 1373
2026-08-27 13:43:25 WARNING POST /api/orders 404 1742
2026-08-27 13:43:28 INFO PUT /api/products/552 200 595
2026-08-27 13:43:29 INFO GET /api/users 200 125
2026-08-27 13:43:32 INFO DELETE /api/users/206 200 1245
2026-08-27 13:43:34 INFO POST /api/logout 201 320
2026-08-27 13:43:35 WARNING POST /api/logout 404 1212
2026-08-27 13:43:36 WARNING GET /api/users/662 404 1961
2026-08-27 13:43:37 INFO GET /api/health 200 1013
2026-08-27 13:43:40 ERROR DELETE /api/users/861 500 906
2026-08-27 13:43:43 INFO GET /api/users 200 1096
2026-08-27 13:43:44 INFO DELETE /api/users/920 200 1234
2026-08-27 13:43:45 WARNING GET /api/health 400 618
2026-08-27 13:43:48 INFO POST /api/login 200 1091
2026-08-27 13:43:49 INFO POST /api/logout 200 472
2026-08-27 13:43:50 WARNING GET /api/health 404 2420
2026-08-27 13:43:51 WARNING PUT /api/products/337 400 330
2026-08-27 13:43:52 INFO GET /api/orders 200 872
2026-08-27 13:43:54 INFO GET /api/users 200 1488
2026-08-27 13:43:55 INFO POST /api/orders 200 680
2026-08-27 13:43:56 INFO GET /api/users 200 974
2026-08-27 13:43:59 INFO POST /api/login 200 977
2026-08-27 13:44:02 INFO POST /api/logout 200 533
2026-08-27 13:44:05 INFO PUT /api/products/787 200 808
2026-08-27 13:44:06 INFO PUT /api/products/580 200 835
2026-08-27 13:44:09 INFO POST /api/login 200 535
2026-08-27 13:44:10 ERROR GET /api/users 500 2162
2026-08-27 13:44:11 ERROR POST /api/orders 503 1057
2026-08-27 13:44:13 INFO POST /api/login 200 989
2026-08-27 13:44:16 INFO GET /api/products 201 258
2026-08-27 13:44:17 WARNING GET /api/health 401 942
2026-08-27 13:44:18 INFO DELETE /api/users/684 200 1197
2026-08-27 13:44:19 WARNING POST /api/logout 404 939
2026-08-27 13:44:20 ERROR GET /api/products 500 2239
2026-08-27 13:44:21 INFO GET /api/orders 201 1108
2026-08-27 13:44:22 INFO POST /api/logout 200 59
2026-08-27 13:44:24 INFO POST /api/logout 200 1183
2026-08-27 13:44:25 INFO POST /api/login 200 647
2026-08-27 13:44:26 INFO POST /api/logout 200 1048
2026-08-27 13:44:29 INFO GET /api/products 200 1343
2026-08-27 13:44:30 INFO GET /api/users 200 403
2026-08-27 13:44:31 INFO POST /api/orders 200 444
2026-08-27 13:44:34 INFO POST /api/logout 200 1356
2026-08-27 13:44:35 WARNING PUT /api/products/551 400 1207
2026-08-27 13:44:36 INFO POST /api/orders 200 612
2026-08-27 13:44:37 INFO GET /api/health 200 993
2026-08-27 13:44:39 INFO GET /api/products 200 1364
2026-08-27 13:44:41 INFO PUT /api/products/593 200 1427
2026-08-27 13:44:43 WARNING GET /api/health 404 1356
2026-08-27 13:44:44 WARNING GET /api/products 401 1053
2026-08-27 13:44:47 INFO DELETE /api/users/537 201 150
2026-08-27 13:44:48 INFO POST /api/login 200 732
2026-08-27 13:44:49 INFO GET /api/health 200 1077
2026-08-27 13:44:50 INFO DELETE /api/users/816 200 279
2026-08-27 13:44:51 INFO POST /api/logout 200 259
2026-08-27 13:44:52 INFO POST /api/orders 200 563
2026-08-27 13:44:55 INFO GET /api/health 200 175
2026-08-27 13:44:57 INFO GET /api/health 200 1268
2026-08-27 13:45:00 INFO DELETE /api/users/985 200 953
2026-08-27 13:45:03 WARNING GET /api/orders 401 953
2026-08-27 13:45:04 INFO POST /api/login 200 852
2026-08-27 13:45:05 INFO GET /api/products 200 982
2026-08-27 13:45:06 INFO GET /api/users 200 417
2026-08-27 13:45:09 INFO GET /api/users 200 685
2026-08-27 13:45:10 INFO GET /api/users/948 200 842
2026-08-27 13:45:12 INFO GET /api/orders 200 1180
2026-08-27 13:45:13 WARNING GET /api/health 429 1102
2026-08-27 13:45:14 INFO DELETE /api/users/254 200 119
2026-08-27 13:45:15 INFO POST /api/orders 200 641
2026-08-27 13:45:16 INFO GET /api/users/14 200 461
2026-08-27 13:45:18 INFO POST /api/login 200 254
2026-08-27 13:45:19 WARNING POST /api/logout 400 588
2026-08-27 13:45:22 INFO POST /api/login 200 100
2026-08-27 13:45:24 INFO GET /api/products 200 207
2026-08-27 13:45:25 INFO POST /api/login 200 1043
2026-08-27 13:45:26 INFO GET /api/orders 200 1059
2026-08-27 13:45:27 ERROR GET /api/users/652 503 2008
2026-08-27 13:45:29 INFO POST /api/orders 200 806
2026-08-27 13:45:31 ERROR GET /api/users/550 503 2073
2026-08-27 13:45:34 WARNING DELETE /api/users/954 404 1181
2026-08-27 13:45:35 ERROR GET /api/users/353 503 1083
2026-08-27 13:45:36 INFO GET /api/products 200 193
2026-08-27 13:45:37 ERROR GET /api/orders 500 1907
2026-08-27 13:45:38 WARNING POST /api/logout 404 2056
2026-08-27 13:45:40 INFO GET /api/users 200 334
2026-08-27 13:45:41 WARNING DELETE /api/users/983 400 1866
2026-08-27 13:45:44 INFO POST /api/login 200 206
2026-08-27 13:45:45 INFO POST /api/login 200 1315
2026-08-27 13:45:46 INFO GET /api/orders 200 611
2026-08-27 13:45:47 INFO GET /api/orders 200 1021
2026-08-27 13:45:48 INFO GET /api/users/212 200 1228
2026-08-27 13:45:49 INFO GET /api/users/734 200 1029
2026-08-27 13:45:50 INFO POST /api/orders 200 214
2026-08-27 13:45:51 INFO POST /api/login 200 158
2026-08-27 13:45:53 INFO POST /api/login 200 1240
2026-08-27 13:45:56 INFO POST /api/orders 200 140
2026-08-27 13:45:57 INFO GET /api/users/340 200 422
2026-08-27 13:45:59 INFO POST /api/orders 200 1362
2026-08-27 13:46:01 WARNING GET /api/users/233 404 2273
2026-08-27 13:46:04 WARNING GET /api/products 429 905
2026-08-27 13:46:05 INFO GET /api/health 200 1040
2026-08-27 13:46:08 INFO GET /api/health 200 245
2026-08-27 13:46:09 WARNING GET /api/products 401 1681
2026-08-27 13:46:12 INFO POST /api/logout 200 885
2026-08-27 13:46:14 INFO GET /api/health 200 1199
2026-08-27 13:46:17 INFO GET /api/orders 200 355
2026-08-27 13:46:19 INFO GET /api/orders 200 403
2026-08-27 13:46:20 WARNING GET /api/users 400 2110
2026-08-27 13:46:21 INFO POST /api/logout 200 1154
2026-08-27 13:46:23 ERROR GET /api/products 500 2354
2026-08-27 13:46:24 WARNING PUT /api/products/680 400 2414
2026-08-27 13:46:25 WARNING POST /api/login 401 745
2026-08-27 13:46:26 INFO GET /api/products 200 968
2026-08-27 13:46:27 INFO GET /api/users/137 200 1467
2026-08-27 13:46:29 INFO GET /api/products 200 386
2026-08-27 13:46:30 INFO GET /api/products 200 304
2026-08-27 13:46:31 INFO POST /api/login 200 1130
2026-08-27 13:46:33 WARNING POST /api/orders 401 1425
2026-08-27 13:46:34 INFO PUT /api/products/276 200 866
2026-08-27 13:46:35 INFO GET /api/health 200 1045
2026-08-27 13:46:36 INFO DELETE /api/users/674 200 700
2026-08-27 13:46:37 WARNING PUT /api/products/262 429 1653
2026-08-27 13:46:38 INFO GET /api/users 200 454
2026-08-27 13:46:39 INFO POST /api/orders 200 1114
2026-08-27 13:46:40 WARNING GET /api/health 404 1930
2026-08-27 13:46:41 WARNING PUT /api/products/912 429 828
2026-08-27 13:46:42 INFO GET /api/users/576 200 1298
2026-08-27 13:46:43 WARNING PUT /api/products/245 400 1010
2026-08-27 13:46:45 INFO POST /api/login 200 1451
2026-08-27 13:46:46 WARNING GET /api/orders 400 1205
2026-08-27 13:46:47 INFO GET /api/health 200 746
2026-08-27 13:46:48 INFO GET /api/orders 200 1398
2026-08-27 13:46:51 INFO POST /api/orders 200 1289
2026-08-27 13:46:52 INFO POST /api/logout 200 1128
2026-08-27 13:46:53 INFO GET /api/health 200 377
2026-08-27 13:46:55 WARNING GET /api/health 401 897
2026-08-27 13:46:58 INFO GET /api/users 200 760
2026-08-27 13:46:59 INFO GET /api/orders 200 1417
2026-08-27 13:47:00 ERROR GET /api/users 500 1214
2026-08-27 13:47:01 INFO POST /api/login 200 914
2026-08-27 13:47:03 WARNING GET /api/orders 400 1165
2026-08-27 13:47:04 INFO GET /api/users/271 200 925
2026-08-27 13:47:07 WARNING DELETE /api/users/62 401 1328
2026-08-27 13:47:08 INFO GET /api/health 200 1317
2026-08-27 13:47:09 INFO GET /api/health 200 1050
2026-08-27 13:47:11 INFO GET /api/products 200 418
2026-08-27 13:47:13 INFO POST /api/orders 200 551
2026-08-27 13:47:15 INFO GET /api/users 200 337
2026-08-27 13:47:16 INFO POST /api/login 200 351
2026-08-27 13:47:17 INFO PUT /api/products/821 200 1376
2026-08-27 13:47:20 WARNING GET /api/health 404 911
2026-08-27 13:47:23 INFO GET /api/products 200 1173
2026-08-27 13:47:26 ERROR GET /api/health 500 406
2026-08-27 13:47:28 INFO GET /api/users/266 200 1451
2026-08-27 13:47:29 INFO POST /api/logout 200 1361
2026-08-27 13:47:30 INFO POST /api/logout 200 932
2026-08-27 13:47:31 INFO GET /api/health 200 274
2026-08-27 13:47:32 INFO GET /api/products 200 1396
2026-08-27 13:47:33 ERROR POST /api/orders 500 359
2026-08-27 13:47:34 INFO DELETE /api/users/392 200 315
2026-08-27 13:47:35 INFO GET /api/orders 200 643
2026-08-27 13:47:36 INFO GET /api/health 200 538
2026-08-27 13:47:37 INFO GET /api/users/345 200 176
2026-08-27 13:47:39 INFO GET /api/orders 200 892
2026-08-27 13:47:40 INFO POST /api/logout 200 676
2026-08-27 13:47:43 INFO POST /api/logout 200 973
2026-08-27 13:47:45 INFO GET /api/users 200 1362
2026-08-27 13:47:46 WARNING POST /api/orders 429 1566
2026-08-27 13:47:47 ERROR POST /api/orders 500 554
2026-08-27 13:47:48 INFO GET /api/orders 200 874
2026-08-27 13:47:50 INFO GET /api/health 200 748
2026-08-27 13:47:51 ERROR GET /api/health 500 880
2026-08-27 13:47:52 INFO GET /api/products 200 1029
2026-08-27 13:47:53 INFO DELETE /api/users/271 200 1191
2026-08-27 13:47:54 INFO POST /api/login 200 545
2026-08-27 13:47:55 INFO GET /api/health 200 773
2026-08-27 13:47:56 WARNING PUT /api/products/339 400 2265
2026-08-27 13:47:57 INFO GET /api/users 200 545
2026-08-27 13:47:58 INFO PUT /api/products/978 200 1124
2026-08-27 13:47:59 INFO DELETE /api/users/515 200 771
2026-08-27 13:48:02 INFO GET /api/orders 200 95
2026-08-27 13:48:03 INFO GET /api/users 200 993
2026-08-27 13:48:04 WARNING POST /api/logout 404 1946
2026-08-27 13:48:05 INFO GET /api/products 200 1443
2026-08-27 13:48:06 INFO POST /api/orders 201 768
2026-08-27 13:48:09 INFO GET /api/orders 200 1353
2026-08-27 13:48:12 INFO GET /api/users/926 201 56
2026-08-27 13:48:14 INFO POST /api/login 200 1395
2026-08-27 13:48:16 INFO DELETE /api/users/219 200 59
2026-08-27 13:48:18 INFO POST /api/login 200 808
2026-08-27 13:48:19 INFO POST /api/orders 200 1422
2026-08-27 13:48:20 WARNING DELETE /api/users/813 400 456
2026-08-27 13:48:21 INFO GET /api/products 200 1244
2026-08-27 13:48:23 INFO PUT /api/products/173 200 240
2026-08-27 13:48:24 INFO PUT /api/products/61 200 473
2026-08-27 13:48:25 INFO GET /api/orders 200 655
2026-08-27 13:48:28 INFO GET /api/users 200 56
2026-08-27 13:48:29 INFO POST /api/logout 200 1259
2026-08-27 13:48:30 INFO GET /api/orders 200 1263
2026-08-27 13:48:31 INFO GET /api/users/814 200 133
2026-08-27 13:48:32 WARNING POST /api/logout 404 2286
2026-08-27 13:48:35 INFO PUT /api/products/711 200 366
2026-08-27 13:48:37 INFO DELETE /api/users/629 200 224
2026-08-27 13:48:38 INFO POST /api/login 200 682
2026-08-27 13:48:39 WARNING DELETE /api/users/940 404 2093
2026-08-27 13:48:42 INFO DELETE /api/users/460 200 1098
2026-08-27 13:48:43 INFO POST /api/login 200 640
2026-08-27 13:48:45 INFO GET /api/users 200 450
2026-08-27 13:48:46 INFO POST /api/login 200 110
2026-08-27 13:48:47 INFO GET /api/users 200 352
2026-08-27 13:48:48 INFO DELETE /api/users/734 200 968
2026-08-27 13:48:50 INFO POST /api/login 200 430
2026-08-27 13:48:51 INFO POST /api/login 200 232
2026-08-27 13:48:52 INFO POST /api/logout 200 830
2026-08-27 13:48:53 INFO POST /api/orders 200 1492
2026-08-27 13:48:55 INFO GET /api/orders 200 879
2026-08-27 13:48:58 INFO GET /api/health 200 259
2026-08-27 13:48:59 INFO GET /api/users/877 200 1186
2026-08-27 13:49:00 WARNING GET /api/orders 400 1407
2026-08-27 13:49:01 INFO POST /api/logout 200 1186
2026-08-27 13:49:02 INFO GET /api/health 200 98
2026-08-27 13:49:03 INFO GET /api/products 200 77
2026-08-27 13:49:06 INFO GET /api/health 200 243
2026-08-27 13:49:09 INFO DELETE /api/users/515 200 1353
2026-08-27 13:49:10 INFO GET /api/users 200 519
2026-08-27 13:49:11 INFO GET /api/users/941 200 549
2026-08-27 13:49:14 INFO DELETE /api/users/622 200 795
2026-08-27 13:49:15 INFO GET /api/users 200 964
2026-08-27 13:49:16 INFO GET /api/users 200 600
2026-08-27 13:49:19 INFO PUT /api/products/754 200 1230
2026-08-27 13:49:21 INFO DELETE /api/users/780 200 438
2026-08-27 13:49:22 INFO GET /api/users 200 1058
2026-08-27 13:49:23 INFO GET /api/orders 200 157
2026-08-27 13:49:24 INFO GET /api/users 200 1381
2026-08-27 13:49:25 WARNING DELETE /api/users/512 400 1351
2026-08-27 13:49:28 INFO GET /api/users 200 343
2026-08-27 13:49:30 INFO GET /api/products 200 1455
2026-08-27 13:49:31 INFO POST /api/orders 200 1105
2026-08-27 13:49:32 WARNING POST /api/login 400 620
2026-08-27 13:49:35 INFO PUT /api/products/350 200 826
2026-08-27 13:49:38 INFO GET /api/health 200 319
2026-08-27 13:49:39 INFO GET /api/users 200 1267
2026-08-27 13:49:42 INFO DELETE /api/users/691 201 780
2026-08-27 13:49:43 INFO POST /api/login 200 529
2026-08-27 13:49:44 INFO GET /api/products 200 575
2026-08-27 13:49:46 WARNING POST /api/logout 401 2429
2026-08-27 13:49:47 INFO GET /api/products 200 1363
2026-08-27 13:49:48 WARNING GET /api/users/901 429 832
2026-08-27 13:49:49 INFO GET /api/products 200 427
2026-08-27 13:49:50 INFO GET /api/health 200 332
2026-08-27 13:49:51 WARNING POST /api/login 429 651
2026-08-27 13:49:52 INFO POST /api/logout 200 1266
2026-08-27 13:49:54 INFO POST /api/login 200 758
2026-08-27 13:49:57 INFO GET /api/health 200 1013
2026-08-27 13:49:59 INFO GET /api/orders 200 715
2026-08-27 13:50:00 WARNING DELETE /api/users/539 404 589
2026-08-27 13:50:02 INFO DELETE /api/users/438 200 1306
2026-08-27 13:50:03 ERROR POST /api/orders 500 539
2026-08-27 13:50:05 INFO GET /api/health 200 285
2026-08-27 13:50:07 INFO GET /api/users 200 1263
2026-08-27 13:50:10 INFO GET /api/health 200 1294
2026-08-27 13:50:11 INFO GET /api/orders 200 770
2026-08-27 13:50:13 INFO GET /api/users 200 669
2026-08-27 13:50:15 INFO DELETE /api/users/103 200 405
2026-08-27 13:50:17 WARNING GET /api/users 400 361
2026-08-27 13:50:20 INFO POST /api/orders 200 925
2026-08-27 13:50:21 INFO POST /api/login 200 981
2026-08-27 13:50:22 INFO POST /api/orders 200 664
2026-08-27 13:50:23 WARNING POST /api/logout 400 718
2026-08-27 13:50:24 INFO GET /api/health 200 543
2026-08-27 13:50:27 INFO POST /api/orders 200 1470
2026-08-27 13:50:29 INFO DELETE /api/users/1 200 1393
2026-08-27 13:50:30 ERROR POST /api/orders 500 1626
2026-08-27 13:50:33 INFO POST /api/logout 200 1437
2026-08-27 13:50:35 WARNING GET /api/users 400 1190
2026-08-27 13:50:36 INFO GET /api/orders 200 1107
2026-08-27 13:50:37 INFO POST /api/orders 200 981
2026-08-27 13:50:38 INFO GET /api/health 200 1420
2026-08-27 13:50:40 INFO POST /api/logout 200 1476
2026-08-27 13:50:42 INFO PUT /api/products/102 200 1295
2026-08-27 13:50:45 WARNING POST /api/orders 400 1689
2026-08-27 13:50:47 INFO GET /api/health 200 1186
2026-08-27 13:50:50 INFO POST /api/orders 200 51
2026-08-27 13:50:52 INFO DELETE /api/users/218 200 1367
2026-08-27 13:50:54 WARNING POST /api/logout 429 736
2026-08-27 13:50:57 INFO POST /api/logout 200 1174
2026-08-27 13:50:59 INFO POST /api/logout 200 295
2026-08-27 13:51:00 INFO GET /api/products 200 420
2026-08-27 13:51:02 WARNING GET /api/orders 429 1048
2026-08-27 13:51:03 INFO PUT /api/products/847 200 800
2026-08-27 13:51:04 INFO POST /api/logout 200 617
2026-08-27 13:51:07 ERROR POST /api/orders 503 345
2026-08-27 13:51:09 INFO GET /api/health 200 1055
2026-08-27 13:51:10 INFO GET /api/health 200 327
2026-08-27 13:51:12 INFO POST /api/orders 200 922
2026-08-27 13:51:13 WARNING GET /api/users 400 659
2026-08-27 13:51:14 INFO PUT /api/products/365 200 751
2026-08-27 13:51:17 INFO GET /api/products 200 833
2026-08-27 13:51:18 INFO POST /api/login 200 389
2026-08-27 13:51:19 INFO GET /api/orders 201 291
2026-08-27 13:51:21 INFO POST /api/logout 200 1182
2026-08-27 13:51:22 INFO GET /api/products 200 1405
2026-08-27 13:51:25 INFO GET /api/orders 200 722
2026-08-27 13:51:28 ERROR GET /api/health 500 1651
2026-08-27 13:51:29 INFO GET /api/products 201 72
2026-08-27 13:51:32 INFO GET /api/orders 200 1023
2026-08-27 13:51:33 INFO PUT /api/products/664 200 954
2026-08-27 13:51:36 WARNING POST /api/orders 400 2079
2026-08-27 13:51:37 INFO PUT /api/products/878 201 626
2026-08-27 13:51:40 INFO POST /api/orders 200 780
2026-08-27 13:51:41 INFO GET /api/health 200 82
2026-08-27 13:51:43 INFO GET /api/users/209 200 1032
2026-08-27 13:51:44 INFO GET /api/users/605 200 1024
2026-08-27 13:51:45 INFO GET /api/orders 200 368
2026-08-27 13:51:46 INFO GET /api/products 200 1355
2026-08-27 13:51:47 INFO POST /api/login 200 434
2026-08-27 13:51:48 INFO DELETE /api/users/748 200 58
2026-08-27 13:51:49 ERROR PUT /api/products/394 500 1040
2026-08-27 13:51:50 INFO POST /api/logout 200 268
2026-08-27 13:51:51 INFO GET /api/health 200 1486
2026-08-27 13:51:52 WARNING GET /api/products 404 1759
2026-08-27 13:51:53 INFO DELETE /api/users/991 200 1057
2026-08-27 13:51:54 INFO GET /api/health 200 1481
2026-08-27 13:51:57 INFO GET /api/orders 200 255
2026-08-27 13:51:58 INFO GET /api/health 200 231
2026-08-27 13:51:59 INFO GET /api/health 200 631
2026-08-27 13:52:00 INFO POST /api/orders 200 59
2026-08-27 13:52:01 INFO GET /api/orders 200 1421
2026-08-27 13:52:02 INFO PUT /api/products/119 200 655
2026-08-27 13:52:03 ERROR GET /api/users 503 1726
2026-08-27 13:52:05 INFO GET /api/products 200 1242
2026-08-27 13:52:07 INFO GET /api/health 200 886
2026-08-27 13:52:08 WARNING GET /api/health 401 391
2026-08-27 13:52:09 INFO GET /api/health 200 276
2026-08-27 13:52:10 INFO PUT /api/products/596 200 417
2026-08-27 13:52:12 INFO GET /api/users/96 200 730
2026-08-27 13:52:13 INFO GET /api/health 200 1288
2026-08-27 13:52:14 WARNING POST /api/orders 404 717
2026-08-27 13:52:17 WARNING GET /api/users/993 401 2359
2026-08-27 13:52:18 WARNING GET /api/orders 401 914
2026-08-27 13:52:21 INFO GET /api/orders 200 835
2026-08-27 13:52:22 WARNING GET /api/users/993 400 1042
2026-08-27 13:52:23 INFO PUT /api/products/569 200 997
2026-08-27 13:52:24 INFO GET /api/health 200 1452
2026-08-27 13:52:25 INFO GET /api/users 201 1036
2026-08-27 13:52:27 WARNING POST /api/orders 401 2220
2026-08-27 13:52:28 INFO POST /api/login 200 195
2026-08-27 13:52:29 INFO GET /api/health 200 833
2026-08-27 13:52:30 INFO GET /api/users/544 200 1295
2026-08-27 13:52:32 WARNING GET /api/users/590 429 1616
2026-08-27 13:52:34 WARNING GET /api/users 401 746
2026-08-27 13:52:37 INFO POST /api/login 200 771
2026-08-27 13:52:38 INFO POST /api/login 200 133
2026-08-27 13:52:40 INFO GET /api/health 200 373
2026-08-27 13:52:43 INFO DELETE /api/users/23 200 63
2026-08-27 13:52:46 INFO PUT /api/products/54 200 502
2026-08-27 13:52:47 INFO POST /api/orders 200 702
2026-08-27 13:52:50 INFO GET /api/orders 200 909
2026-08-27 13:52:51 WARNING DELETE /api/users/179 400 1238
2026-08-27 13:52:52 INFO GET /api/users/837 201 1349
2026-08-27 13:52:55 INFO POST /api/login 200 462
2026-08-27 13:52:57 WARNING GET /api/health 429 935
2026-08-27 13:52:58 INFO POST /api/logout 200 947
2026-08-27 13:52:59 INFO GET /api/orders 200 954
2026-08-27 13:53:00 INFO DELETE /api/users/178 200 732
2026-08-27 13:53:01 INFO PUT /api/products/324 200 1051
2026-08-27 13:53:04 INFO POST /api/orders 200 1023
2026-08-27 13:53:05 INFO DELETE /api/users/86 200 697
2026-08-27 13:53:07 INFO PUT /api/products/549 201 1057
2026-08-27 13:53:09 INFO GET /api/health 200 878
2026-08-27 13:53:11 WARNING PUT /api/products/581 400 929
2026-08-27 13:53:12 INFO GET /api/users 200 225
2026-08-27 13:53:13 INFO GET /api/health 200 1261
2026-08-27 13:53:16 INFO GET /api/users 200 134
2026-08-27 13:53:19 INFO GET /api/users 200 533
2026-08-27 13:53:21 INFO PUT /api/products/733 200 898
2026-08-27 13:53:22 INFO GET /api/health 200 1319
2026-08-27 13:53:23 INFO PUT /api/products/422 200 924
2026-08-27 13:53:24 INFO GET /api/health 200 1103
2026-08-27 13:53:26 WARNING GET /api/products 404 318
2026-08-27 13:53:29 INFO POST /api/orders 200 1349
2026-08-27 13:53:32 INFO DELETE /api/users/445 200 923
2026-08-27 13:53:33 WARNING GET /api/users/689 404 1789
2026-08-27 13:53:36 INFO GET /api/users/984 200 515
2026-08-27 13:53:38 INFO POST /api/orders 200 297
2026-08-27 13:53:40 INFO GET /api/orders 200 1474
2026-08-27 13:53:41 INFO GET /api/health 200 1476
2026-08-27 13:53:42 WARNING POST /api/orders 401 302
2026-08-27 13:53:43 INFO GET /api/health 200 731
2026-08-27 13:53:46 INFO POST /api/logout 200 1226
2026-08-27 13:53:47 ERROR GET /api/orders 500 2359
2026-08-27 13:53:48 INFO PUT /api/products/240 200 794
2026-08-27 13:53:49 INFO GET /api/orders 200 559
2026-08-27 13:53:50 INFO GET /api/health 200 236
2026-08-27 13:53:52 INFO POST /api/orders 200 1175
2026-08-27 13:53:53 INFO GET /api/orders 200 513
2026-08-27 13:53:54 INFO GET /api/users/365 200 920
2026-08-27 13:53:56 WARNING DELETE /api/users/977 401 1607
2026-08-27 13:53:59 INFO GET /api/health 200 1413
2026-08-27 13:54:02 INFO GET /api/health 200 125
2026-08-27 13:54:05 INFO GET /api/health 200 381
2026-08-27 13:54:06 INFO POST /api/logout 200 575
2026-08-27 13:54:07 INFO GET /api/users/65 200 679
2026-08-27 13:54:10 INFO PUT /api/products/646 200 992
2026-08-27 13:54:12 INFO DELETE /api/users/754 200 46
2026-08-27 13:54:13 INFO GET /api/orders 200 676
2026-08-27 13:54:14 INFO GET /api/orders 200 417
2026-08-27 13:54:16 INFO POST /api/logout 200 719
2026-08-27 13:54:17 INFO GET /api/users 200 858
2026-08-27 13:54:19 INFO GET /api/users/642 200 321
2026-08-27 13:54:21 INFO POST /api/orders 200 924
2026-08-27 13:54:22 INFO PUT /api/products/445 200 983
2026-08-27 13:54:25 INFO POST /api/logout 200 481
2026-08-27 13:54:26 INFO PUT /api/products/105 200 624
2026-08-27 13:54:27 INFO GET /api/health 200 919
2026-08-27 13:54:28 ERROR GET /api/users 503 1267
2026-08-27 13:54:29 INFO GET /api/products 200 1071
2026-08-27 13:54:30 INFO DELETE /api/users/578 200 359
2026-08-27 13:54:32 INFO GET /api/users/888 200 1393
2026-08-27 13:54:34 INFO POST /api/login 200 1060
2026-08-27 13:54:37 INFO POST /api/orders 200 1331
2026-08-27 13:54:38 INFO POST /api/orders 200 753
2026-08-27 13:54:41 WARNING POST /api/logout 429 2497
2026-08-27 13:54:42 WARNING POST /api/login 404 1671
2026-08-27 13:54:45 INFO GET /api/health 200 572
2026-08-27 13:54:46 ERROR PUT /api/products/523 503 2077
2026-08-27 13:54:48 WARNING GET /api/orders 400 460
2026-08-27 13:54:50 INFO POST /api/logout 200 719
2026-08-27 13:54:51 INFO POST /api/orders 200 548
2026-08-27 13:54:53 INFO PUT /api/products/777 200 149
2026-08-27 13:54:55 INFO POST /api/logout 200 382
2026-08-27 13:54:56 INFO POST /api/login 200 612
2026-08-27 13:54:57 INFO POST /api/login 200 148
2026-08-27 13:54:59 INFO PUT /api/products/587 201 1373
2026-08-27 13:55:02 ERROR GET /api/products 503 675
2026-08-27 13:55:04 WARNING POST /api/logout 400 549
2026-08-27 13:55:05 INFO GET /api/products 201 1424
2026-08-27 13:55:06 INFO POST /api/logout 200 721
2026-08-27 13:55:07 ERROR GET /api/orders 500 506
2026-08-27 13:55:09 INFO GET /api/users/794 200 1102
2026-08-27 13:55:10 INFO POST /api/orders 200 926
2026-08-27 13:55:11 INFO DELETE /api/users/144 200 731
2026-08-27 13:55:12 INFO POST /api/login 200 356
2026-08-27 13:55:13 INFO POST /api/login 201 531
2026-08-27 13:55:14 WARNING DELETE /api/users/812 400 2377
2026-08-27 13:55:17 ERROR GET /api/health 503 859
2026-08-27 13:55:18 INFO PUT /api/products/586 200 618
2026-08-27 13:55:19 INFO GET /api/users/42 200 1115
2026-08-27 13:55:20 INFO POST /api/login 200 1202
2026-08-27 13:55:22 WARNING POST /api/logout 400 1830
2026-08-27 13:55:23 INFO POST /api/login 200 1426
2026-08-27 13:55:24 INFO GET /api/health 200 216
2026-08-27 13:55:27 WARNING DELETE /api/users/428 404 2217
2026-08-27 13:55:28 WARNING POST /api/orders 429 1571
2026-08-27 13:55:31 INFO POST /api/login 200 592
2026-08-27 13:55:34 INFO GET /api/users/980 200 540
2026-08-27 13:55:35 INFO GET /api/orders 201 731
2026-08-27 13:55:36 INFO DELETE /api/users/319 200 1197
2026-08-27 13:55:37 INFO POST /api/logout 200 267
2026-08-27 13:55:39 INFO POST /api/orders 200 677
2026-08-27 13:55:41 INFO GET /api/products 200 1169
2026-08-27 13:55:42 INFO POST /api/login 200 1047
2026-08-27 13:55:45 INFO GET /api/orders 200 654
2026-08-27 13:55:46 WARNING GET /api/orders 400 2489
2026-08-27 13:55:47 INFO POST /api/orders 200 719
2026-08-27 13:55:48 INFO GET /api/health 200 1424
2026-08-27 13:55:50 INFO POST /api/orders 201 1414
2026-08-27 13:55:51 ERROR GET /api/users/5 500 2417
2026-08-27 13:55:54 INFO GET /api/users/347 200 1349
2026-08-27 13:55:55 INFO GET /api/users 200 866
2026-08-27 13:55:56 INFO DELETE /api/users/992 200 85
2026-08-27 13:55:57 INFO PUT /api/products/427 200 165
2026-08-27 13:55:58 WARNING POST /api/login 404 349
2026-08-27 13:55:59 INFO GET /api/health 200 323
2026-08-27 13:56:00 INFO GET /api/products 200 188
2026-08-27 13:56:02 INFO GET /api/users/869 200 324
2026-08-27 13:56:03 INFO POST /api/logout 200 1288
2026-08-27 13:56:04 INFO POST /api/orders 200 43
2026-08-27 13:56:05 INFO POST /api/logout 200 241
2026-08-27 13:56:07 INFO POST /api/logout 200 972
2026-08-27 13:56:09 INFO POST /api/logout 200 670
2026-08-27 13:56:11 INFO POST /api/orders 200 1314
2026-08-27 13:56:12 INFO GET /api/orders 200 1478
2026-08-27 13:56:14 INFO POST /api/orders 200 648
2026-08-27 13:56:16 ERROR GET /api/users 500 2339
2026-08-27 13:56:17 INFO GET /api/users/154 200 351
2026-08-27 13:56:18 INFO POST /api/logout 200 1404
2026-08-27 13:56:19 INFO DELETE /api/users/252 200 1453
2026-08-27 13:56:20 INFO POST /api/orders 200 165
2026-08-27 13:56:21 INFO GET /api/orders 200 1083
2026-08-27 13:56:22 WARNING GET /api/products 400 557
2026-08-27 13:56:24 INFO PUT /api/products/825 200 677
2026-08-27 13:56:25 INFO GET /api/users/836 200 319
2026-08-27 13:56:26 INFO DELETE /api/users/745 200 68
2026-08-27 13:56:27 INFO GET /api/orders 200 45
2026-08-27 13:56:28 INFO GET /api/health 200 1297
2026-08-27 13:56:31 INFO GET /api/products 200 842
2026-08-27 13:56:32 INFO GET /api/orders 200 525
2026-08-27 13:56:35 ERROR POST /api/login 500 440
2026-08-27 13:56:36 INFO GET /api/users 200 119
2026-08-27 13:56:37 INFO GET /api/products 200 1187
2026-08-27 13:56:38 INFO GET /api/orders 200 327
2026-08-27 13:56:39 INFO GET /api/products 200 660
2026-08-27 13:56:41 INFO GET /api/users/745 200 946
2026-08-27 13:56:43 INFO GET /api/products 200 1039
2026-08-27 13:56:44 INFO POST /api/logout 200 1399
2026-08-27 13:56:45 INFO GET /api/orders 200 1246
2026-08-27 13:56:47 WARNING DELETE /api/users/610 404 616
2026-08-27 13:56:48 INFO PUT /api/products/781 200 1192
2026-08-27 13:56:49 WARNING PUT /api/products/884 400 2144
2026-08-27 13:56:50 INFO GET /api/users 200 380
2026-08-27 13:56:53 WARNING POST /api/orders 400 1223
2026-08-27 13:56:54 INFO GET /api/users 200 1199
2026-08-27 13:56:55 INFO GET /api/health 200 162
2026-08-27 13:56:57 INFO POST /api/orders 200 635
2026-08-27 13:56:58 INFO GET /api/users 200 1231
2026-08-27 13:56:59 INFO PUT /api/products/827 200 1423
2026-08-27 13:57:00 INFO POST /api/logout 200 1489
2026-08-27 13:57:02 WARNING DELETE /api/users/878 400 1206
2026-08-27 13:57:03 WARNING GET /api/health 400 1148
2026-08-27 13:57:04 INFO DELETE /api/users/849 200 1072
2026-08-27 13:57:05 INFO GET /api/users/27 200 1146
2026-08-27 13:57:06 INFO GET /api/orders 200 966
2026-08-27 13:57:07 INFO GET /api/orders 201 903
2026-08-27 13:57:08 INFO DELETE /api/users/137 200 829
2026-08-27 13:57:09 INFO GET /api/users 200 342
2026-08-27 13:57:11 WARNING PUT /api/products/350 401 364
2026-08-27 13:57:12 INFO PUT /api/products/876 200 876
2026-08-27 13:57:13 WARNING POST /api/logout 404 1083
2026-08-27 13:57:14 ERROR GET /api/users 500 487
2026-08-27 13:57:15 INFO PUT /api/products/136 200 1407
2026-08-27 13:57:16 WARNING DELETE /api/users/318 404 1173
2026-08-27 13:57:17 INFO POST /api/login 200 949
2026-08-27 13:57:20 INFO GET /api/users 200 136
2026-08-27 13:57:22 WARNING PUT /api/products/31 400 631
2026-08-27 13:57:23 INFO GET /api/users/612 200 651
2026-08-27 13:57:24 WARNING POST /api/logout 404 1211
2026-08-27 13:57:27 INFO GET /api/products 200 1321
2026-08-27 13:57:29 INFO GET /api/health 200 744
2026-08-27 13:57:30 INFO GET /api/users 200 1171
2026-08-27 13:57:31 WARNING GET /api/users 400 1928
2026-08-27 13:57:32 INFO GET /api/orders 200 794
2026-08-27 13:57:33 INFO GET /api/users 200 559
2026-08-27 13:57:35 INFO GET /api/health 200 355
2026-08-27 13:57:36 INFO GET /api/products 200 893
2026-08-27 13:57:39 INFO GET /api/health 200 764
2026-08-27 13:57:40 INFO POST /api/logout 200 663
2026-08-27 13:57:42 INFO POST /api/orders 200 972
2026-08-27 13:57:45 INFO GET /api/users/971 200 299
2026-08-27 13:57:48 WARNING GET /api/products 404 536
2026-08-27 13:57:49 INFO GET /api/orders 200 1106
2026-08-27 13:57:52 INFO GET /api/health 200 1281
2026-08-27 13:57:53 INFO GET /api/products 200 1425
2026-08-27 13:57:55 WARNING DELETE /api/users/484 429 354
2026-08-27 13:57:57 INFO POST /api/login 200 273
2026-08-27 13:57:58 INFO POST /api/orders 200 897
2026-08-27 13:58:00 INFO PUT /api/products/114 200 145
2026-08-27 13:58:03 INFO GET /api/users/151 200 860
2026-08-27 13:58:06 INFO DELETE /api/users/431 200 186
2026-08-27 13:58:09 WARNING POST /api/orders 401 443
2026-08-27 13:58:11 INFO POST /api/orders 200 612
2026-08-27 13:58:12 INFO POST /api/orders 200 726
2026-08-27 13:58:13 INFO GET /api/users/302 201 643
2026-08-27 13:58:14 INFO GET /api/users 201 1338
2026-08-27 13:58:16 INFO POST /api/orders 200 65
2026-08-27 13:58:19 INFO POST /api/login 200 367
2026-08-27 13:58:21 WARNING GET /api/orders 429 871
2026-08-27 13:58:22 INFO GET /api/users 200 1377
2026-08-27 13:58:23 INFO POST /api/logout 201 137
2026-08-27 13:58:24 INFO DELETE /api/users/692 200 240
2026-08-27 13:58:25 INFO POST /api/logout 200 1077
2026-08-27 13:58:27 ERROR POST /api/login 500 1942
2026-08-27 13:58:28 INFO POST /api/orders 200 783
2026-08-27 13:58:29 INFO POST /api/login 200 631
2026-08-27 13:58:30 INFO POST /api/login 200 1264
2026-08-27 13:58:33 INFO POST /api/logout 200 363
2026-08-27 13:58:34 WARNING POST /api/login 400 1812
2026-08-27 13:58:35 ERROR GET /api/health 500 1018
2026-08-27 13:58:36 INFO POST /api/logout 200 184
2026-08-27 13:58:37 INFO GET /api/users 200 467
2026-08-27 13:58:39 INFO POST /api/logout 200 124
2026-08-27 13:58:40 INFO GET /api/users/110 200 1379
2026-08-27 13:58:41 INFO POST /api/logout 200 1433
2026-08-27 13:58:42 INFO POST /api/orders 200 742
2026-08-27 13:58:45 ERROR GET /api/health 500 2499
2026-08-27 13:58:46 WARNING PUT /api/products/208 401 1927
2026-08-27 13:58:47 INFO POST /api/logout 200 459
2026-08-27 13:58:50 INFO DELETE /api/users/421 200 912
2026-08-27 13:58:51 INFO GET /api/users 200 644
2026-08-27 13:58:52 ERROR GET /api/orders 500 2173
2026-08-27 13:58:53 INFO POST /api/orders 200 830
2026-08-27 13:58:54 INFO GET /api/products 200 882
2026-08-27 13:58:56 INFO GET /api/users 200 338
2026-08-27 13:58:59 WARNING PUT /api/products/890 404 1967
2026-08-27 13:59:00 INFO POST /api/orders 200 362
2026-08-27 13:59:01 INFO GET /api/users/960 200 720
2026-08-27 13:59:02 INFO DELETE /api/users/574 200 289
2026-08-27 13:59:03 ERROR POST /api/logout 500 941
2026-08-27 13:59:04 WARNING GET /api/orders 401 961
2026-08-27 13:59:07 INFO GET /api/users/603 200 248
2026-08-27 13:59:08 INFO GET /api/users/389 200 1390
2026-08-27 13:59:10 INFO GET /api/orders 200 686
2026-08-27 13:59:13 INFO GET /api/health 200 464
2026-08-27 13:59:14 INFO GET /api/users 200 708
2026-08-27 13:59:16 WARNING GET /api/users/938 401 1825
2026-08-27 13:59:18 WARNING POST /api/login 400 1983
2026-08-27 13:59:20 INFO POST /api/logout 200 1108
2026-08-27 13:59:23 INFO PUT /api/products/95 200 1348
2026-08-27 13:59:24 WARNING GET /api/health 429 1629
2026-08-27 13:59:27 INFO POST /api/logout 200 921
2026-08-27 13:59:28 INFO GET /api/users/295 200 832
2026-08-27 13:59:29 INFO PUT /api/products/609 200 407
2026-08-27 13:59:30 INFO POST /api/orders 200 203
2026-08-27 13:59:33 WARNING GET /api/products 404 973
2026-08-27 13:59:34 INFO POST /api/login 200 1146
2026-08-27 13:59:37 WARNING GET /api/users 400 1295
2026-08-27 13:59:38 INFO DELETE /api/users/917 200 1296
2026-08-27 13:59:39 WARNING POST /api/logout 400 1871
2026-08-27 13:59:41 INFO GET /api/products 201 442
2026-08-27 13:59:42 INFO GET /api/products 200 1125
2026-08-27 13:59:43 INFO DELETE /api/users/423 200 594
2026-08-27 13:59:44 INFO GET /api/products 200 1064
2026-08-27 13:59:45 INFO DELETE /api/users/53 200 125
2026-08-27 13:59:48 ERROR GET /api/health 500 676
2026-08-27 13:59:50 INFO GET /api/health 200 1321
2026-08-27 13:59:51 INFO POST /api/orders 200 500
2026-08-27 13:59:52 INFO DELETE /api/users/488 200 1201
2026-08-27 13:59:54 INFO POST /api/login 200 1446
2026-08-27 13:59:57 WARNING GET /api/users 400 860
2026-08-27 13:59:58 INFO GET /api/users/163 200 396
2026-08-27 14:00:00 INFO POST /api/orders 200 785
2026-08-27 14:00:01 INFO DELETE /api/users/339 200 594
2026-08-27 14:00:02 INFO POST /api/orders 200 297
2026-08-27 14:00:04 WARNING DELETE /api/users/596 429 1841
2026-08-27 14:00:05 INFO DELETE /api/users/821 200 720
2026-08-27 14:00:08 INFO PUT /api/products/95 200 266
2026-08-27 14:00:11 INFO POST /api/orders 200 78
2026-08-27 14:00:14 INFO POST /api/orders 201 304
2026-08-27 14:00:17 INFO GET /api/users 200 891
2026-08-27 14:00:18 INFO GET /api/health 200 1185
2026-08-27 14:00:19 INFO GET /api/orders 200 44
2026-08-27 14:00:20 INFO GET /api/health 200 788
2026-08-27 14:00:22 WARNING GET /api/users/693 429 1959
2026-08-27 14:00:24 WARNING POST /api/login 400 1847
2026-08-27 14:00:25 INFO PUT /api/products/732 201 999
2026-08-27 14:00:28 INFO POST /api/login 200 1034
2026-08-27 14:00:31 INFO GET /api/products 200 459
2026-08-27 14:00:33 ERROR GET /api/users/683 500 1840
2026-08-27 14:00:36 INFO GET /api/users/757 200 999
2026-08-27 14:00:38 INFO PUT /api/products/264 201 811
2026-08-27 14:00:40 INFO GET /api/users 200 1022
2026-08-27 14:00:41 WARNING POST /api/logout 429 1541
2026-08-27 14:00:42 INFO GET /api/orders 200 1477
2026-08-27 14:00:44 INFO GET /api/health 200 1337
2026-08-27 14:00:46 INFO POST /api/logout 200 640
2026-08-27 14:00:47 INFO POST /api/login 200 1059
2026-08-27 14:00:48 INFO GET /api/orders 200 57
2026-08-27 14:00:50 INFO POST /api/login 200 1021
2026-08-27 14:00:53 INFO POST /api/orders 200 644
2026-08-27 14:00:56 INFO POST /api/orders 200 315
2026-08-27 14:00:57 ERROR POST /api/orders 503 1274
2026-08-27 14:00:59 INFO PUT /api/products/188 200 90
2026-08-27 14:01:00 WARNING GET /api/users 429 1450
2026-08-27 14:01:03 INFO POST /api/login 200 627
2026-08-27 14:01:04 WARNING GET /api/users 404 2213
2026-08-27 14:01:06 WARNING GET /api/health 401 1778
2026-08-27 14:01:08 INFO POST /api/orders 200 118
2026-08-27 14:01:09 ERROR POST /api/login 500 1506
2026-08-27 14:01:10 INFO PUT /api/products/256 200 65
2026-08-27 14:01:12 INFO GET /api/orders 200 1266
2026-08-27 14:01:13 INFO POST /api/login 200 640
2026-08-27 14:01:15 INFO GET /api/users 200 632
2026-08-27 14:01:16 INFO GET /api/orders 200 1039
2026-08-27 14:01:19 INFO POST /api/orders 200 158
2026-08-27 14:01:22 ERROR PUT /api/products/200 500 1011
2026-08-27 14:01:23 INFO PUT /api/products/214 200 283
2026-08-27 14:01:26 WARNING GET /api/health 400 2461
2026-08-27 14:01:27 ERROR POST /api/orders 503 745
2026-08-27 14:01:28 INFO GET /api/users/291 200 727
2026-08-27 14:01:30 ERROR POST /api/logout 500 1037
2026-08-27 14:01:32 INFO POST /api/orders 200 936
2026-08-27 14:01:34 INFO DELETE /api/users/44 200 1397
2026-08-27 14:01:36 INFO GET /api/users 200 1243
2026-08-27 14:01:38 INFO PUT /api/products/156 200 577
2026-08-27 14:01:41 WARNING GET /api/orders 404 978
2026-08-27 14:01:42 INFO GET /api/health 200 872
2026-08-27 14:01:43 WARNING POST /api/logout 400 386
2026-08-27 14:01:44 INFO POST /api/orders 200 612
2026-08-27 14:01:45 INFO GET /api/users/305 200 65
2026-08-27 14:01:47 WARNING POST /api/logout 429 913
2026-08-27 14:01:50 ERROR GET /api/users 500 1247
2026-08-27 14:01:51 WARNING DELETE /api/users/140 401 1872
2026-08-27 14:01:52 WARNING GET /api/orders 404 1928
2026-08-27 14:01:53 INFO POST /api/orders 200 1356
2026-08-27 14:01:54 WARNING PUT /api/products/60 404 1124
2026-08-27 14:01:55 ERROR GET /api/users 500 363
2026-08-27 14:01:58 INFO GET /api/products 200 346
2026-08-27 14:02:01 INFO DELETE /api/users/636 200 929
2026-08-27 14:02:02 INFO GET /api/users/470 200 342
2026-08-27 14:02:03 INFO GET /api/users 200 596
2026-08-27 14:02:04 INFO GET /api/users 200 1293
2026-08-27 14:02:07 INFO GET /api/products 200 640
2026-08-27 14:02:09 INFO GET /api/orders 200 966
2026-08-27 14:02:11 INFO POST /api/orders 201 648
2026-08-27 14:02:13 INFO POST /api/logout 200 1206
2026-08-27 14:02:14 INFO GET /api/health 200 398
2026-08-27 14:02:15 INFO DELETE /api/users/759 200 1349
2026-08-27 14:02:17 INFO GET /api/orders 200 1012
2026-08-27 14:02:19 INFO PUT /api/products/131 200 865
2026-08-27 14:02:20 INFO GET /api/users/164 200 327
2026-08-27 14:02:21 WARNING POST /api/orders 429 900
2026-08-27 14:02:22 INFO DELETE /api/users/393 200 145
2026-08-27 14:02:24 INFO GET /api/orders 201 993
2026-08-27 14:02:25 INFO POST /api/orders 200 1097
2026-08-27 14:02:26 INFO DELETE /api/users/348 200 252
2026-08-27 14:02:27 WARNING GET /api/orders 429 1149
2026-08-27 14:02:28 INFO GET /api/products 200 207
2026-08-27 14:02:29 INFO GET /api/users 200 482
2026-08-27 14:02:30 INFO DELETE /api/users/846 200 1001
2026-08-27 14:02:33 INFO GET /api/users/327 200 1217
2026-08-27 14:02:35 INFO POST /api/orders 200 1263
2026-08-27 14:02:36 INFO POST /api/orders 200 1288
2026-08-27 14:02:37 INFO DELETE /api/users/273 200 529
2026-08-27 14:02:38 WARNING GET /api/products 400 1223
2026-08-27 14:02:40 WARNING PUT /api/products/61 404 1300
2026-08-27 14:02:41 INFO PUT /api/products/869 200 40
2026-08-27 14:02:43 WARNING POST /api/orders 400 828
2026-08-27 14:02:46 INFO POST /api/orders 200 169
2026-08-27 14:02:48 INFO GET /api/users/113 200 554
2026-08-27 14:02:49 INFO GET /api/health 200 1329
2026-08-27 14:02:50 WARNING POST /api/login 401 882
2026-08-27 14:02:51 INFO GET /api/products 200 206
2026-08-27 14:02:52 INFO POST /api/logout 200 137
2026-08-27 14:02:54 INFO DELETE /api/users/645 200 691
2026-08-27 14:02:55 ERROR GET /api/products 500 1101
2026-08-27 14:02:58 INFO POST /api/orders 200 452
2026-08-27 14:03:00 INFO GET /api/orders 200 1293
2026-08-27 14:03:03 INFO GET /api/health 200 185
2026-08-27 14:03:04 INFO POST /api/login 200 854
2026-08-27 14:03:05 INFO POST /api/login 200 847
2026-08-27 14:03:06 ERROR GET /api/products 500 944
2026-08-27 14:03:09 INFO POST /api/login 200 1376
2026-08-27 14:03:11 INFO DELETE /api/users/386 200 1069
2026-08-27 14:03:13 WARNING GET /api/orders 400 640
2026-08-27 14:03:14 INFO POST /api/orders 200 641
2026-08-27 14:03:16 INFO POST /api/orders 200 1164
2026-08-27 14:03:17 WARNING POST /api/login 404 825
2026-08-27 14:03:18 INFO GET /api/products 200 764
2026-08-27 14:03:20 INFO GET /api/products 200 309
2026-08-27 14:03:22 INFO DELETE /api/users/579 200 898
2026-08-27 14:03:23 INFO GET /api/users 200 846
2026-08-27 14:03:25 WARNING DELETE /api/users/423 400 1050
2026-08-27 14:03:28 INFO DELETE /api/users/227 200 708
2026-08-27 14:03:29 INFO DELETE /api/users/974 200 44
2026-08-27 14:03:30 INFO POST /api/orders 200 107
2026-08-27 14:03:31 INFO GET /api/health 200 607
2026-08-27 14:03:32 INFO GET /api/users/794 201 405
2026-08-27 14:03:33 INFO POST /api/orders 200 585
2026-08-27 14:03:36 INFO PUT /api/products/109 200 470
2026-08-27 14:03:37 INFO POST /api/login 200 357
2026-08-27 14:03:38 INFO GET /api/health 200 707
2026-08-27 14:03:39 INFO DELETE /api/users/614 200 724
2026-08-27 14:03:40 INFO POST /api/logout 200 1361
2026-08-27 14:03:42 WARNING GET /api/products 429 1342
2026-08-27 14:03:43 WARNING GET /api/users/261 404 2267
2026-08-27 14:03:45 INFO GET /api/orders 200 170
2026-08-27 14:03:48 WARNING GET /api/orders 400 1760
2026-08-27 14:03:49 INFO GET /api/products 200 1036
2026-08-27 14:03:50 INFO GET /api/users/377 200 839
2026-08-27 14:03:53 INFO GET /api/orders 200 60
2026-08-27 14:03:54 INFO PUT /api/products/307 200 506
2026-08-27 14:03:55 INFO GET /api/orders 200 448
2026-08-27 14:03:58 INFO GET /api/health 200 606
2026-08-27 14:03:59 ERROR POST /api/orders 503 848
2026-08-27 14:04:00 INFO POST /api/orders 200 397
2026-08-27 14:04:01 INFO GET /api/orders 200 664
2026-08-27 14:04:03 INFO POST /api/logout 200 1271
2026-08-27 14:04:04 INFO GET /api/users 200 837
2026-08-27 14:04:06 INFO GET /api/users/579 200 516
2026-08-27 14:04:07 INFO POST /api/logout 200 1167
2026-08-27 14:04:08 INFO DELETE /api/users/684 200 1292
2026-08-27 14:04:09 INFO POST /api/orders 200 275
2026-08-27 14:04:10 WARNING PUT /api/products/650 404 2177
2026-08-27 14:04:11 INFO PUT /api/products/410 201 47
2026-08-27 14:04:14 INFO PUT /api/products/887 200 420
2026-08-27 14:04:15 WARNING POST /api/logout 429 1102
2026-08-27 14:04:16 INFO POST /api/logout 200 1435
2026-08-27 14:04:18 INFO POST /api/logout 200 65
2026-08-27 14:04:19 INFO GET /api/users/81 200 372
2026-08-27 14:04:20 INFO GET /api/orders 200 1075
2026-08-27 14:04:21 INFO POST /api/login 200 555
2026-08-27 14:04:22 INFO POST /api/orders 200 833
2026-08-27 14:04:23 INFO GET /api/users 200 981
2026-08-27 14:04:26 INFO POST /api/orders 200 896
2026-08-27 14:04:29 INFO POST /api/logout 200 584
2026-08-27 14:04:30 INFO POST /api/orders 200 87
2026-08-27 14:04:33 INFO PUT /api/products/49 200 620
2026-08-27 14:04:34 INFO PUT /api/products/351 200 285
2026-08-27 14:04:36 INFO POST /api/login 200 537
2026-08-27 14:04:37 ERROR GET /api/users 500 960
2026-08-27 14:04:38 WARNING POST /api/login 404 2181
2026-08-27 14:04:39 INFO GET /api/users/528 200 466
2026-08-27 14:04:42 WARNING POST /api/logout 400 1325
2026-08-27 14:04:43 INFO POST /api/login 200 518
2026-08-27 14:04:46 WARNING GET /api/users/741 400 1055
2026-08-27 14:04:49 INFO GET /api/users/124 200 1139
2026-08-27 14:04:50 INFO GET /api/users/768 200 1236
2026-08-27 14:04:52 INFO GET /api/products 201 248
2026-08-27 14:04:53 INFO POST /api/logout 200 172
2026-08-27 14:04:55 WARNING DELETE /api/users/403 401 933
2026-08-27 14:04:56 INFO DELETE /api/users/693 200 146
2026-08-27 14:04:57 INFO POST /api/login 200 752
2026-08-27 14:04:58 ERROR GET /api/users/633 500 1584
2026-08-27 14:05:01 INFO POST /api/login 200 850
2026-08-27 14:05:02 INFO PUT /api/products/632 200 125
2026-08-27 14:05:05 INFO POST /api/login 200 1230
2026-08-27 14:05:07 INFO DELETE /api/users/326 200 829
2026-08-27 14:05:09 INFO POST /api/login 200 323
2026-08-27 14:05:10 INFO POST /api/login 201 859
2026-08-27 14:05:12 INFO GET /api/orders 200 332
2026-08-27 14:05:13 INFO PUT /api/products/921 200 586
2026-08-27 14:05:14 INFO GET /api/products 200 1158
2026-08-27 14:05:17 INFO PUT /api/products/507 200 337
2026-08-27 14:05:20 INFO DELETE /api/users/747 200 617
2026-08-27 14:05:21 INFO GET /api/users 200 1097
2026-08-27 14:05:24 WARNING GET /api/users 400 706
2026-08-27 14:05:25 INFO GET /api/orders 200 1193
2026-08-27 14:05:27 INFO POST /api/login 200 1044
2026-08-27 14:05:28 INFO POST /api/logout 200 85
2026-08-27 14:05:31 INFO POST /api/logout 200 996
2026-08-27 14:05:34 INFO POST /api/login 200 1128
2026-08-27 14:05:36 INFO GET /api/orders 200 1004
2026-08-27 14:05:38 INFO DELETE /api/users/18 200 708
2026-08-27 14:05:39 INFO POST /api/orders 200 935
2026-08-27 14:05:40 INFO PUT /api/products/804 200 382
2026-08-27 14:05:41 INFO GET /api/health 200 888
2026-08-27 14:05:44 INFO GET /api/users 200 1008
2026-08-27 14:05:45 INFO GET /api/users/37 200 59
2026-08-27 14:05:46 WARNING GET /api/products 400 1794
2026-08-27 14:05:47 INFO GET /api/products 200 485
2026-08-27 14:05:48 WARNING GET /api/users/788 404 696
2026-08-27 14:05:51 INFO GET /api/orders 200 625
2026-08-27 14:05:52 INFO POST /api/orders 200 496
2026-08-27 14:05:54 INFO GET /api/health 200 728
2026-08-27 14:05:56 INFO POST /api/logout 200 1443
2026-08-27 14:05:57 INFO PUT /api/products/571 201 629
2026-08-27 14:05:58 ERROR POST /api/logout 500 1448
2026-08-27 14:05:59 ERROR POST /api/orders 503 860
2026-08-27 14:06:01 INFO POST /api/login 201 862
2026-08-27 14:06:04 INFO GET /api/orders 200 579
2026-08-27 14:06:05 ERROR POST /api/logout 500 1689
2026-08-27 14:06:06 INFO PUT /api/products/681 200 250
2026-08-27 14:06:08 INFO POST /api/orders 200 1344
2026-08-27 14:06:11 INFO POST /api/login 200 459
2026-08-27 14:06:12 ERROR GET /api/users/184 500 1728
2026-08-27 14:06:13 INFO GET /api/users/328 200 576
2026-08-27 14:06:16 WARNING POST /api/orders 404 1897
2026-08-27 14:06:17 WARNING GET /api/users 400 567
2026-08-27 14:06:18 WARNING POST /api/orders 400 531
2026-08-27 14:06:20 INFO PUT /api/products/896 200 392
2026-08-27 14:06:21 WARNING GET /api/users 404 863
2026-08-27 14:06:22 WARNING POST /api/logout 404 981
2026-08-27 14:06:23 INFO GET /api/users/508 200 1369
2026-08-27 14:06:25 INFO DELETE /api/users/209 200 915
2026-08-27 14:06:27 WARNING GET /api/products 400 2342
2026-08-27 14:06:30 INFO POST /api/logout 200 1454
2026-08-27 14:06:31 INFO DELETE /api/users/363 200 1463
2026-08-27 14:06:34 INFO PUT /api/products/296 200 1431
2026-08-27 14:06:35 INFO PUT /api/products/139 200 1463
2026-08-27 14:06:37 INFO DELETE /api/users/644 200 611
2026-08-27 14:06:40 INFO GET /api/health 200 1358
2026-08-27 14:06:43 INFO GET /api/orders 200 630
2026-08-27 14:06:46 WARNING POST /api/login 404 573
2026-08-27 14:06:48 INFO GET /api/users 200 848
2026-08-27 14:06:49 INFO DELETE /api/users/522 200 952
2026-08-27 14:06:50 INFO GET /api/users 200 180
2026-08-27 14:06:51 WARNING GET /api/users/702 400 1949
2026-08-27 14:06:52 INFO POST /api/orders 201 504
2026-08-27 14:06:55 INFO POST /api/orders 200 153
2026-08-27 14:06:57 INFO GET /api/users 200 550
2026-08-27 14:06:58 INFO POST /api/logout 200 1403
2026-08-27 14:06:59 INFO POST /api/login 200 172
2026-08-27 14:07:00 INFO POST /api/orders 200 183
2026-08-27 14:07:01 WARNING DELETE /api/users/393 400 2429
2026-08-27 14:07:03 INFO GET /api/users 200 204
2026-08-27 14:07:04 INFO GET /api/users/161 200 833
2026-08-27 14:07:05 WARNING PUT /api/products/609 401 1888
2026-08-27 14:07:07 INFO GET /api/users/690 200 198
2026-08-27 14:07:08 WARNING GET /api/health 400 1411
2026-08-27 14:07:09 INFO GET /api/users 200 1005
2026-08-27 14:07:10 WARNING GET /api/products 400 1080
2026-08-27 14:07:13 INFO POST /api/login 200 446
2026-08-27 14:07:14 INFO GET /api/users 200 191
2026-08-27 14:07:15 INFO POST /api/login 200 891
2026-08-27 14:07:18 INFO POST /api/orders 200 1024
2026-08-27 14:07:21 WARNING GET /api/health 404 2147
2026-08-27 14:07:22 ERROR GET /api/orders 500 2013
2026-08-27 14:07:23 INFO POST /api/orders 200 511
2026-08-27 14:07:24 INFO DELETE /api/users/199 200 810
2026-08-27 14:07:26 INFO DELETE /api/users/534 200 522
2026-08-27 14:07:27 INFO GET /api/users 200 1235
2026-08-27 14:07:28 INFO POST /api/logout 200 1384
2026-08-27 14:07:29 INFO GET /api/orders 200 1218
2026-08-27 14:07:30 INFO POST /api/logout 200 892
2026-08-27 14:07:31 INFO POST /api/orders 201 1091
2026-08-27 14:07:32 INFO POST /api/login 200 1132
2026-08-27 14:07:33 INFO POST /api/logout 200 435
2026-08-27 14:07:34 INFO GET /api/users/78 200 248
2026-08-27 14:07:36 WARNING GET /api/users 404 1035
2026-08-27 14:07:37 INFO GET /api/health 200 83
2026-08-27 14:07:40 ERROR POST /api/login 503 2144
2026-08-27 14:07:43 INFO DELETE /api/users/751 200 1223
2026-08-27 14:07:46 INFO POST /api/orders 200 1170
2026-08-27 14:07:47 INFO DELETE /api/users/116 200 1150
2026-08-27 14:07:48 INFO GET /api/orders 200 913
2026-08-27 14:07:49 INFO GET /api/products 200 451
2026-08-27 14:07:51 INFO POST /api/login 200 920
2026-08-27 14:07:52 INFO GET /api/orders 200 1304
2026-08-27 14:07:54 WARNING DELETE /api/users/267 400 2382
2026-08-27 14:07:57 INFO GET /api/products 200 316
2026-08-27 14:07:58 ERROR DELETE /api/users/284 500 1862
2026-08-27 14:07:59 WARNING DELETE /api/users/545 400 2128
2026-08-27 14:08:00 INFO GET /api/users/315 200 883
2026-08-27 14:08:01 INFO POST /api/login 200 73
2026-08-27 14:08:03 ERROR GET /api/orders 500 874
2026-08-27 14:08:04 WARNING GET /api/products 400 2019
2026-08-27 14:08:05 INFO PUT /api/products/83 200 884
2026-08-27 14:08:07 INFO GET /api/orders 200 1150
2026-08-27 14:08:08 WARNING POST /api/logout 404 2036
2026-08-27 14:08:11 INFO GET /api/products 200 858
2026-08-27 14:08:12 INFO GET /api/products 200 1049
2026-08-27 14:08:15 WARNING POST /api/logout 404 2082
2026-08-27 14:08:16 INFO GET /api/health 200 623
2026-08-27 14:08:18 INFO GET /api/orders 200 974
2026-08-27 14:08:19 INFO DELETE /api/users/385 200 1369
2026-08-27 14:08:22 INFO GET /api/users 200 519
2026-08-27 14:08:23 WARNING GET /api/products 404 1842
2026-08-27 14:08:24 INFO GET /api/products 200 190
2026-08-27 14:08:26 INFO POST /api/orders 200 346
2026-08-27 14:08:28 INFO GET /api/orders 200 337
2026-08-27 14:08:29 INFO POST /api/logout 200 923
2026-08-27 14:08:30 INFO POST /api/logout 200 300
2026-08-27 14:08:31 ERROR GET /api/users 500 2077
2026-08-27 14:08:33 INFO GET /api/users/702 200 1430
2026-08-27 14:08:34 INFO GET /api/users 200 620
2026-08-27 14:08:36 INFO POST /api/orders 200 904
2026-08-27 14:08:38 INFO POST /api/login 200 1500
2026-08-27 14:08:39 WARNING POST /api/login 401 1178
2026-08-27 14:08:42 INFO POST /api/login 200 333
2026-08-27 14:08:43 INFO GET /api/users 200 884
2026-08-27 14:08:44 INFO POST /api/login 200 904
2026-08-27 14:08:46 WARNING POST /api/login 429 819
2026-08-27 14:08:47 INFO PUT /api/products/536 200 1136
2026-08-27 14:08:50 ERROR GET /api/orders 500 2170
2026-08-27 14:08:51 WARNING POST /api/logout 401 1594
2026-08-27 14:08:53 ERROR PUT /api/products/719 503 2424
2026-08-27 14:08:54 INFO GET /api/orders 200 698
2026-08-27 14:08:56 INFO GET /api/products 200 365
2026-08-27 14:08:58 INFO GET /api/products 200 735
2026-08-27 14:08:59 INFO POST /api/orders 200 207
2026-08-27 14:09:00 INFO GET /api/orders 200 1269
2026-08-27 14:09:03 INFO GET /api/users 200 1182
2026-08-27 14:09:05 INFO POST /api/login 200 759
2026-08-27 14:09:07 INFO GET /api/users/341 200 538
2026-08-27 14:09:09 INFO GET /api/users/921 200 668
2026-08-27 14:09:11 INFO PUT /api/products/296 200 58
2026-08-27 14:09:14 INFO GET /api/products 200 697
2026-08-27 14:09:15 INFO POST /api/logout 200 1163
2026-08-27 14:09:16 INFO GET /api/users/682 201 456
2026-08-27 14:09:18 WARNING PUT /api/products/821 429 578
2026-08-27 14:09:19 INFO POST /api/login 200 159
2026-08-27 14:09:21 INFO POST /api/logout 200 1349
2026-08-27 14:09:24 WARNING POST /api/orders 401 2063
2026-08-27 14:09:27 INFO GET /api/users/472 200 392
2026-08-27 14:09:28 INFO GET /api/users 200 279
2026-08-27 14:09:29 INFO GET /api/products 200 896
2026-08-27 14:09:30 INFO GET /api/orders 200 1287
2026-08-27 14:09:31 INFO POST /api/logout 200 1054
2026-08-27 14:09:34 INFO GET /api/products 200 871
2026-08-27 14:09:37 INFO GET /api/products 200 874
2026-08-27 14:09:38 INFO POST /api/login 200 1054
2026-08-27 14:09:40 INFO POST /api/login 200 120
2026-08-27 14:09:41 WARNING POST /api/logout 400 1098
2026-08-27 14:09:44 INFO POST /api/logout 200 622
2026-08-27 14:09:46 INFO GET /api/orders 200 579
2026-08-27 14:09:47 INFO POST /api/login 200 477
2026-08-27 14:09:48 INFO POST /api/orders 200 1300
2026-08-27 14:09:51 INFO POST /api/login 200 1427
2026-08-27 14:09:54 WARNING POST /api/logout 429 1257
2026-08-27 14:09:57 INFO POST /api/logout 200 410
2026-08-27 14:09:58 WARNING POST /api/logout 400 1982
2026-08-27 14:09:59 INFO GET /api/users 200 990
2026-08-27 14:10:00 INFO POST /api/logout 200 1173
2026-08-27 14:10:03 INFO POST /api/orders 200 314
2026-08-27 14:10:04 INFO GET /api/orders 200 264
2026-08-27 14:10:07 INFO GET /api/products 200 586
2026-08-27 14:10:09 INFO GET /api/orders 201 554
2026-08-27 14:10:11 INFO GET /api/health 200 594
2026-08-27 14:10:12 INFO PUT /api/products/151 200 999
2026-08-27 14:10:14 WARNING GET /api/health 429 1031
2026-08-27 14:10:16 INFO GET /api/orders 200 1339
2026-08-27 14:10:18 INFO PUT /api/products/16 200 255
2026-08-27 14:10:19 INFO GET /api/orders 200 769
2026-08-27 14:10:20 INFO DELETE /api/users/205 200 1233
2026-08-27 14:10:21 INFO PUT /api/products/775 200 464
2026-08-27 14:10:22 INFO POST /api/login 200 829
2026-08-27 14:10:24 INFO POST /api/logout 200 1220
2026-08-27 14:10:27 INFO DELETE /api/users/612 200 1254
2026-08-27 14:10:28 INFO PUT /api/products/802 200 1492
2026-08-27 14:10:30 INFO GET /api/health 200 962
2026-08-27 14:10:31 INFO POST /api/orders 200 257
2026-08-27 14:10:34 INFO POST /api/logout 200 113
2026-08-27 14:10:37 INFO GET /api/users/404 200 845
2026-08-27 14:10:38 INFO GET /api/users 200 857
2026-08-27 14:10:41 INFO GET /api/products 201 1458
2026-08-27 14:10:42 WARNING GET /api/users 401 1057
2026-08-27 14:10:43 WARNING POST /api/login 400 839
2026-08-27 14:10:44 INFO POST /api/orders 200 975
2026-08-27 14:10:46 INFO GET /api/orders 200 201
2026-08-27 14:10:47 INFO GET /api/users 200 921
2026-08-27 14:10:49 INFO GET /api/products 200 599
2026-08-27 14:10:51 INFO GET /api/orders 200 289
2026-08-27 14:10:53 INFO PUT /api/products/505 200 1086
2026-08-27 14:10:54 ERROR GET /api/orders 500 1055
2026-08-27 14:10:55 INFO GET /api/health 200 1297
2026-08-27 14:10:56 INFO POST /api/logout 200 143
2026-08-27 14:10:57 INFO GET /api/users/279 200 710
2026-08-27 14:10:58 INFO POST /api/logout 200 808
2026-08-27 14:10:59 WARNING GET /api/products 400 1988
2026-08-27 14:11:00 WARNING GET /api/orders 429 731
2026-08-27 14:11:01 INFO POST /api/login 200 295
2026-08-27 14:11:02 WARNING POST /api/logout 400 674
2026-08-27 14:11:03 ERROR DELETE /api/users/584 503 1607
2026-08-27 14:11:05 INFO POST /api/login 201 958
2026-08-27 14:11:06 INFO GET /api/health 200 1379
2026-08-27 14:11:07 INFO POST /api/logout 200 1293
2026-08-27 14:11:09 INFO GET /api/products 200 419
2026-08-27 14:11:10 INFO POST /api/login 200 782
2026-08-27 14:11:11 ERROR DELETE /api/users/318 500 1535
2026-08-27 14:11:12 INFO POST /api/orders 200 232
2026-08-27 14:11:13 INFO POST /api/login 200 88
2026-08-27 14:11:14 INFO DELETE /api/users/227 200 69
2026-08-27 14:11:15 INFO POST /api/logout 200 1225
2026-08-27 14:11:16 INFO GET /api/users/887 200 1455
2026-08-27 14:11:17 INFO GET /api/users 200 1498
2026-08-27 14:11:18 INFO DELETE /api/users/142 200 755
2026-08-27 14:11:19 INFO GET /api/health 200 1162
2026-08-27 14:11:20 INFO GET /api/products 200 1075
2026-08-27 14:11:21 INFO GET /api/users 200 988
2026-08-27 14:11:22 INFO POST /api/orders 200 1276
2026-08-27 14:11:23 INFO POST /api/login 200 1104
2026-08-27 14:11:24 INFO POST /api/logout 200 1416
2026-08-27 14:11:27 INFO POST /api/logout 200 1417
2026-08-27 14:11:28 INFO POST /api/login 200 89
2026-08-27 14:11:29 INFO GET /api/orders 200 306
2026-08-27 14:11:32 INFO PUT /api/products/596 200 710
2026-08-27 14:11:35 INFO POST /api/logout 200 767
2026-08-27 14:11:36 WARNING GET /api/users 400 427
2026-08-27 14:11:37 INFO PUT /api/products/845 200 1060
2026-08-27 14:11:38 INFO PUT /api/products/120 200 823
2026-08-27 14:11:39 INFO POST /api/orders 200 544
2026-08-27 14:11:42 INFO POST /api/login 200 380
2026-08-27 14:11:43 INFO DELETE /api/users/370 200 427
2026-08-27 14:11:44 INFO GET /api/orders 200 1146
2026-08-27 14:11:45 ERROR PUT /api/products/115 500 682
2026-08-27 14:11:46 INFO PUT /api/products/263 200 1267
2026-08-27 14:11:47 INFO GET /api/products 200 893
2026-08-27 14:11:49 INFO GET /api/users/14 200 302
2026-08-27 14:11:50 INFO GET /api/health 200 1235
2026-08-27 14:11:52 INFO POST /api/logout 200 596
2026-08-27 14:11:53 INFO POST /api/logout 200 301
2026-08-27 14:11:55 INFO GET /api/health 200 592
2026-08-27 14:11:56 INFO GET /api/health 200 289
2026-08-27 14:11:57 INFO GET /api/health 200 304
2026-08-27 14:12:00 INFO POST /api/login 200 1227
2026-08-27 14:12:03 INFO DELETE /api/users/613 200 1468
2026-08-27 14:12:04 INFO GET /api/orders 200 1185
2026-08-27 14:12:05 WARNING GET /api/users 401 1458
2026-08-27 14:12:08 INFO GET /api/products 200 936
2026-08-27 14:12:10 INFO POST /api/orders 200 1119
2026-08-27 14:12:11 INFO POST /api/orders 200 681
2026-08-27 14:12:13 INFO PUT /api/products/71 200 163
2026-08-27 14:12:14 INFO GET /api/users/384 201 227
2026-08-27 14:12:16 INFO GET /api/health 200 1374
2026-08-27 14:12:18 INFO GET /api/products 200 1272
2026-08-27 14:12:20 INFO POST /api/logout 200 1486
2026-08-27 14:12:21 INFO POST /api/login 200 503
2026-08-27 14:12:24 INFO DELETE /api/users/89 200 778
2026-08-27 14:12:25 INFO GET /api/users/648 200 860
2026-08-27 14:12:26 INFO GET /api/products 200 1330
2026-08-27 14:12:27 INFO GET /api/health 200 603
2026-08-27 14:12:28 INFO POST /api/login 200 281
2026-08-27 14:12:29 INFO PUT /api/products/315 200 892
2026-08-27 14:12:31 INFO GET /api/users/346 200 558
2026-08-27 14:12:32 WARNING DELETE /api/users/815 404 744
2026-08-27 14:12:33 INFO POST /api/orders 200 350
2026-08-27 14:12:34 INFO DELETE /api/users/798 200 301
2026-08-27 14:12:37 WARNING GET /api/health 404 2469
2026-08-27 14:12:38 ERROR GET /api/users 500 1545
2026-08-27 14:12:40 INFO GET /api/products 200 1116
2026-08-27 14:12:41 INFO POST /api/orders 200 1308
2026-08-27 14:12:42 INFO GET /api/users 200 1119
2026-08-27 14:12:43 INFO GET /api/orders 200 1183
2026-08-27 14:12:44 WARNING POST /api/orders 429 508
2026-08-27 14:12:47 WARNING GET /api/users/120 429 801
2026-08-27 14:12:48 INFO GET /api/users 200 730
2026-08-27 14:12:51 WARNING GET /api/orders 404 1501
2026-08-27 14:12:54 ERROR POST /api/logout 500 1850
2026-08-27 14:12:55 WARNING GET /api/users/688 404 822
2026-08-27 14:12:56 INFO GET /api/users/234 200 71
2026-08-27 14:12:57 INFO GET /api/health 200 137
2026-08-27 14:12:58 INFO GET /api/users/418 201 932
2026-08-27 14:12:59 ERROR GET /api/users 503 2047
2026-08-27 14:13:00 INFO DELETE /api/users/522 200 1325
2026-08-27 14:13:03 WARNING PUT /api/products/883 404 2369
2026-08-27 14:13:06 INFO POST /api/login 200 824
2026-08-27 14:13:08 WARNING POST /api/orders 401 771
2026-08-27 14:13:11 INFO GET /api/users 200 1452
2026-08-27 14:13:14 INFO POST /api/login 200 994
2026-08-27 14:13:15 INFO POST /api/logout 200 1082
2026-08-27 14:13:16 INFO POST /api/login 200 1332
2026-08-27 14:13:18 INFO GET /api/orders 200 627
2026-08-27 14:13:19 INFO POST /api/orders 200 825
2026-08-27 14:13:20 INFO PUT /api/products/560 200 609
2026-08-27 14:13:21 INFO GET /api/users/219 200 562
2026-08-27 14:13:22 INFO GET /api/products 200 81
2026-08-27 14:13:23 WARNING DELETE /api/users/934 404 1771
2026-08-27 14:13:25 INFO GET /api/orders 200 920
2026-08-27 14:13:26 INFO POST /api/login 200 1035
2026-08-27 14:13:27 INFO PUT /api/products/337 200 1185
2026-08-27 14:13:28 WARNING PUT /api/products/939 401 854
2026-08-27 14:13:30 INFO GET /api/health 200 440
2026-08-27 14:13:31 INFO GET /api/orders 200 395
2026-08-27 14:13:33 INFO GET /api/products 200 269
2026-08-27 14:13:36 INFO GET /api/products 200 1007
2026-08-27 14:13:37 INFO GET /api/orders 200 866
2026-08-27 14:13:39 INFO GET /api/users/976 200 1062
2026-08-27 14:13:40 INFO POST /api/orders 200 118
2026-08-27 14:13:41 INFO DELETE /api/users/780 200 531
2026-08-27 14:13:42 ERROR POST /api/logout 503 1133
2026-08-27 14:13:43 INFO PUT /api/products/943 200 1097
2026-08-27 14:13:44 INFO DELETE /api/users/319 201 1069
2026-08-27 14:13:47 INFO GET /api/orders 200 1112
2026-08-27 14:13:48 INFO DELETE /api/users/404 201 394
2026-08-27 14:13:51 INFO GET /api/users 200 572
2026-08-27 14:13:52 INFO GET /api/health 200 1200
2026-08-27 14:13:53 INFO GET /api/products 200 778
2026-08-27 14:13:54 WARNING POST /api/login 400 1177
2026-08-27 14:13:57 INFO DELETE /api/users/425 200 931
2026-08-27 14:13:58 WARNING DELETE /api/users/113 400 911
2026-08-27 14:13:59 INFO GET /api/orders 200 1322
2026-08-27 14:14:00 INFO GET /api/users 200 1194
2026-08-27 14:14:02 ERROR DELETE /api/users/22 503 1495
2026-08-27 14:14:05 INFO POST /api/orders 200 1440
2026-08-27 14:14:06 INFO PUT /api/products/978 200 401
2026-08-27 14:14:07 INFO GET /api/products 200 1361
2026-08-27 14:14:08 INFO POST /api/orders 200 168
2026-08-27 14:14:09 WARNING POST /api/login 400 1765
2026-08-27 14:14:10 INFO GET /api/orders 200 98
2026-08-27 14:14:12 INFO PUT /api/products/176 200 807
2026-08-27 14:14:14 INFO GET /api/orders 200 165
2026-08-27 14:14:15 INFO PUT /api/products/835 200 114
2026-08-27 14:14:16 INFO POST /api/orders 200 524
2026-08-27 14:14:17 INFO GET /api/products 200 351
2026-08-27 14:14:18 INFO POST /api/logout 200 563
2026-08-27 14:14:19 WARNING POST /api/login 429 1558
2026-08-27 14:14:20 ERROR GET /api/users 500 2194
2026-08-27 14:14:21 INFO DELETE /api/users/643 200 1466
2026-08-27 14:14:22 INFO GET /api/health 200 869
2026-08-27 14:14:23 INFO PUT /api/products/223 200 97
2026-08-27 14:14:24 INFO PUT /api/products/564 200 231
2026-08-27 14:14:25 INFO GET /api/orders 200 353
2026-08-27 14:14:28 INFO POST /api/logout 200 516
2026-08-27 14:14:31 INFO POST /api/logout 200 51
2026-08-27 14:14:33 INFO GET /api/users 200 990
2026-08-27 14:14:34 INFO GET /api/users 200 1383
2026-08-27 14:14:37 INFO POST /api/orders 200 509
2026-08-27 14:14:38 INFO DELETE /api/users/183 200 964
2026-08-27 14:14:41 ERROR GET /api/users/943 503 1296
2026-08-27 14:14:42 INFO GET /api/users/687 200 162
2026-08-27 14:14:43 WARNING GET /api/users 401 485
2026-08-27 14:14:44 WARNING POST /api/logout 400 427
2026-08-27 14:14:45 WARNING GET /api/products 429 1850
2026-08-27 14:14:48 ERROR DELETE /api/users/853 500 2111
2026-08-27 14:14:49 INFO PUT /api/products/184 200 282
2026-08-27 14:14:50 INFO POST /api/orders 200 373
2026-08-27 14:14:51 INFO POST /api/logout 200 1191
2026-08-27 14:14:52 INFO POST /api/login 200 1023
2026-08-27 14:14:53 INFO POST /api/orders 200 153
2026-08-27 14:14:55 WARNING POST /api/orders 429 1060
2026-08-27 14:14:56 WARNING GET /api/products 400 483
2026-08-27 14:14:59 INFO POST /api/orders 200 766
2026-08-27 14:15:00 INFO POST /api/orders 200 992
2026-08-27 14:15:02 INFO POST /api/login 200 300
2026-08-27 14:15:03 WARNING PUT /api/products/658 429 687
2026-08-27 14:15:04 INFO GET /api/products 200 723
2026-08-27 14:15:07 INFO GET /api/users 200 1489
2026-08-27 14:15:10 INFO GET /api/users 200 207
2026-08-27 14:15:11 INFO GET /api/orders 200 947
2026-08-27 14:15:12 INFO DELETE /api/users/431 200 698
2026-08-27 14:15:13 INFO GET /api/health 200 1455
2026-08-27 14:15:15 WARNING GET /api/users 404 1482
2026-08-27 14:15:16 INFO POST /api/logout 200 930
2026-08-27 14:15:17 INFO GET /api/health 200 1029
2026-08-27 14:15:18 INFO DELETE /api/users/155 200 652
2026-08-27 14:15:21 INFO GET /api/users 200 501
2026-08-27 14:15:22 INFO POST /api/logout 200 1259
2026-08-27 14:15:24 INFO POST /api/orders 200 430
2026-08-27 14:15:27 INFO POST /api/login 200 1467
2026-08-27 14:15:28 WARNING GET /api/users 429 2373
2026-08-27 14:15:29 INFO GET /api/users 200 1383
2026-08-27 14:15:31 INFO GET /api/products 200 1487
2026-08-27 14:15:32 INFO GET /api/orders 200 1210
2026-08-27 14:15:33 INFO GET /api/users/378 200 1351
2026-08-27 14:15:36 WARNING PUT /api/products/1 429 2012
2026-08-27 14:15:37 INFO GET /api/products 200 966
2026-08-27 14:15:38 INFO GET /api/users 200 784
2026-08-27 14:15:40 INFO GET /api/products 200 50
2026-08-27 14:15:41 INFO POST /api/logout 200 418
2026-08-27 14:15:42 INFO GET /api/orders 200 499
2026-08-27 14:15:43 INFO DELETE /api/users/35 200 1232
2026-08-27 14:15:45 WARNING GET /api/health 400 2048
2026-08-27 14:15:46 INFO GET /api/users/355 200 357
2026-08-27 14:15:47 ERROR GET /api/orders 503 839
2026-08-27 14:15:50 INFO GET /api/users/104 200 540
2026-08-27 14:15:53 INFO GET /api/orders 200 102
2026-08-27 14:15:54 INFO PUT /api/products/148 200 775
2026-08-27 14:15:57 INFO POST /api/login 200 1276
2026-08-27 14:15:58 INFO GET /api/users/190 200 1013
2026-08-27 14:15:59 INFO DELETE /api/users/7 200 724
2026-08-27 14:16:01 INFO POST /api/orders 200 981
2026-08-27 14:16:03 INFO POST /api/orders 200 230
2026-08-27 14:16:06 INFO GET /api/products 200 1015
2026-08-27 14:16:09 INFO DELETE /api/users/692 200 65
2026-08-27 14:16:12 INFO GET /api/users/751 200 605
2026-08-27 14:16:13 INFO POST /api/login 200 390
2026-08-27 14:16:14 INFO DELETE /api/users/798 200 1297
2026-08-27 14:16:15 INFO DELETE /api/users/968 200 341
2026-08-27 14:16:16 WARNING GET /api/products 429 569
2026-08-27 14:16:18 WARNING DELETE /api/users/602 400 2369
2026-08-27 14:16:19 INFO POST /api/login 200 73
2026-08-27 14:16:22 INFO GET /api/health 200 732
2026-08-27 14:16:24 INFO GET /api/orders 200 332
2026-08-27 14:16:25 ERROR GET /api/products 500 2230
2026-08-27 14:16:26 INFO PUT /api/products/421 201 155
2026-08-27 14:16:27 INFO PUT /api/products/48 200 1180
2026-08-27 14:16:29 INFO DELETE /api/users/442 200 814
2026-08-27 14:16:32 INFO GET /api/health 200 164
2026-08-27 14:16:33 ERROR GET /api/users 500 1835
2026-08-27 14:16:34 INFO GET /api/users/375 200 142
2026-08-27 14:16:35 INFO GET /api/products 200 538
2026-08-27 14:16:36 INFO DELETE /api/users/131 200 543
2026-08-27 14:16:39 INFO GET /api/health 200 924
2026-08-27 14:16:40 INFO PUT /api/products/52 200 469
2026-08-27 14:16:41 INFO PUT /api/products/170 200 1315
2026-08-27 14:16:42 INFO POST /api/orders 200 967
2026-08-27 14:16:43 INFO POST /api/login 200 1237
2026-08-27 14:16:45 INFO GET /api/users 200 252
2026-08-27 14:16:46 WARNING PUT /api/products/817 429 1257
2026-08-27 14:16:47 WARNING GET /api/products 429 1797
2026-08-27 14:16:48 INFO GET /api/products 200 447
2026-08-27 14:16:49 INFO PUT /api/products/368 200 635
2026-08-27 14:16:51 INFO GET /api/users 200 314
2026-08-27 14:16:52 INFO GET /api/health 200 1500
2026-08-27 14:16:53 INFO GET /api/orders 200 307
2026-08-27 14:16:54 INFO GET /api/health 200 404
2026-08-27 14:16:56 INFO DELETE /api/users/429 200 203
2026-08-27 14:16:57 INFO GET /api/products 200 337
2026-08-27 14:16:58 INFO POST /api/logout 200 418
2026-08-27 14:16:59 ERROR PUT /api/products/907 500 472
2026-08-27 14:17:00 INFO GET /api/users/965 200 1016
2026-08-27 14:17:01 INFO POST /api/login 200 911
2026-08-27 14:17:02 INFO GET /api/orders 200 528
2026-08-27 14:17:05 INFO GET /api/health 200 1103
2026-08-27 14:17:06 INFO PUT /api/products/646 200 931
2026-08-27 14:17:07 INFO GET /api/health 200 1227
2026-08-27 14:17:08 INFO POST /api/logout 200 602
2026-08-27 14:17:09 INFO GET /api/health 200 993
2026-08-27 14:17:12 ERROR GET /api/users 500 1175
2026-08-27 14:17:13 INFO GET /api/users/190 201 729
2026-08-27 14:17:14 INFO GET /api/users/914 200 1468
2026-08-27 14:17:15 INFO PUT /api/products/890 200 951
2026-08-27 14:17:16 INFO POST /api/orders 200 496
2026-08-27 14:17:19 INFO POST /api/login 200 413
2026-08-27 14:17:22 INFO POST /api/logout 200 741
2026-08-27 14:17:23 WARNING PUT /api/products/206 401 621
2026-08-27 14:17:24 INFO POST /api/orders 200 857
2026-08-27 14:17:25 ERROR PUT /api/products/773 500 2035
2026-08-27 14:17:27 WARNING GET /api/users/207 400 863
2026-08-27 14:17:28 INFO POST /api/logout 200 854
2026-08-27 14:17:29 WARNING DELETE /api/users/55 400 1715
2026-08-27 14:17:32 ERROR GET /api/users/443 500 746
2026-08-27 14:17:35 INFO GET /api/users 200 977
2026-08-27 14:17:36 INFO POST /api/login 200 327
2026-08-27 14:17:37 INFO POST /api/login 200 126
2026-08-27 14:17:40 INFO POST /api/orders 200 303
2026-08-27 14:17:41 INFO POST /api/login 200 1120
2026-08-27 14:17:44 WARNING GET /api/orders 404 2199
2026-08-27 14:17:45 INFO GET /api/users 200 1317
2026-08-27 14:17:48 INFO POST /api/orders 200 1411
2026-08-27 14:17:51 WARNING GET /api/users/516 404 1998
2026-08-27 14:17:54 INFO GET /api/health 200 690
2026-08-27 14:17:56 INFO GET /api/orders 200 997
2026-08-27 14:17:57 INFO GET /api/health 200 346
2026-08-27 14:17:59 WARNING GET /api/users 429 1091
2026-08-27 14:18:00 WARNING GET /api/products 404 1081
2026-08-27 14:18:02 INFO DELETE /api/users/643 200 362
2026-08-27 14:18:04 WARNING GET /api/health 429 1428
2026-08-27 14:18:05 INFO DELETE /api/users/54 200 604
2026-08-27 14:18:06 INFO PUT /api/products/399 200 524
2026-08-27 14:18:07 INFO DELETE /api/users/272 200 414
2026-08-27 14:18:08 WARNING GET /api/health 401 552
2026-08-27 14:18:11 INFO PUT /api/products/475 200 339
2026-08-27 14:18:12 WARNING POST /api/logout 404 464
2026-08-27 14:18:14 INFO PUT /api/products/139 200 1292
2026-08-27 14:18:15 INFO GET /api/products 200 484
2026-08-27 14:18:16 INFO GET /api/orders 200 1140
2026-08-27 14:18:17 INFO GET /api/users 200 88
2026-08-27 14:18:20 INFO GET /api/health 200 691
2026-08-27 14:18:21 WARNING POST /api/logout 429 1288
2026-08-27 14:18:22 ERROR POST /api/logout 503 1118
2026-08-27 14:18:23 INFO GET /api/users/824 200 1194
2026-08-27 14:18:24 INFO GET /api/users/462 200 1395
2026-08-27 14:18:25 INFO GET /api/users 200 143
2026-08-27 14:18:26 INFO POST /api/login 200 360
2026-08-27 14:18:27 INFO DELETE /api/users/366 200 147
2026-08-27 14:18:28 INFO GET /api/users/145 200 805
2026-08-27 14:18:31 INFO POST /api/login 200 463
2026-08-27 14:18:34 ERROR GET /api/orders 500 1188
2026-08-27 14:18:37 INFO POST /api/orders 200 613
2026-08-27 14:18:39 INFO GET /api/orders 200 72
2026-08-27 14:18:40 INFO GET /api/products 201 174
2026-08-27 14:18:41 INFO POST /api/logout 200 808
2026-08-27 14:18:43 INFO GET /api/users 200 737
2026-08-27 14:18:45 INFO GET /api/products 200 1284
2026-08-27 14:18:47 WARNING POST /api/orders 404 2259
2026-08-27 14:18:50 INFO POST /api/logout 201 378
2026-08-27 14:18:52 INFO DELETE /api/users/165 200 630
2026-08-27 14:18:53 INFO POST /api/orders 200 1255
2026-08-27 14:18:55 WARNING GET /api/products 400 614
2026-08-27 14:18:56 INFO POST /api/orders 200 190
2026-08-27 14:18:57 INFO PUT /api/products/213 200 515
2026-08-27 14:19:00 INFO GET /api/users 200 695
2026-08-27 14:19:01 INFO GET /api/users/937 200 815
2026-08-27 14:19:04 INFO POST /api/orders 200 878
2026-08-27 14:19:06 INFO GET /api/products 200 675
2026-08-27 14:19:09 INFO DELETE /api/users/337 200 454
2026-08-27 14:19:11 WARNING POST /api/login 400 454
2026-08-27 14:19:14 INFO DELETE /api/users/695 201 496
2026-08-27 14:19:15 INFO POST /api/login 200 1281
2026-08-27 14:19:16 INFO DELETE /api/users/994 200 1442
2026-08-27 14:19:17 INFO POST /api/orders 200 967
2026-08-27 14:19:18 WARNING POST /api/login 401 1289
2026-08-27 14:19:19 INFO GET /api/health 200 766
2026-08-27 14:19:22 INFO DELETE /api/users/118 200 1152
2026-08-27 14:19:23 INFO GET /api/users/827 200 407
2026-08-27 14:19:24 INFO GET /api/orders 200 615
2026-08-27 14:19:25 WARNING GET /api/users/632 404 723
2026-08-27 14:19:26 WARNING GET /api/users 401 774
2026-08-27 14:19:27 INFO GET /api/health 200 1321
2026-08-27 14:19:28 INFO GET /api/products 200 369
2026-08-27 14:19:30 INFO GET /api/products 200 1326
2026-08-27 14:19:32 INFO GET /api/orders 200 817
2026-08-27 14:19:33 INFO GET /api/health 200 369
2026-08-27 14:19:34 INFO GET /api/products 200 1092
2026-08-27 14:19:35 ERROR GET /api/orders 503 2498
2026-08-27 14:19:36 INFO POST /api/login 200 915
2026-08-27 14:19:37 INFO GET /api/health 201 42
2026-08-27 14:19:40 INFO DELETE /api/users/444 200 1472
2026-08-27 14:19:42 INFO POST /api/logout 200 293
2026-08-27 14:19:43 INFO PUT /api/products/313 200 416
2026-08-27 14:19:44 INFO GET /api/products 200 316
2026-08-27 14:19:45 INFO GET /api/users 200 328
2026-08-27 14:19:47 WARNING GET /api/products 400 802
2026-08-27 14:19:49 WARNING POST /api/orders 429 1311
2026-08-27 14:19:50 INFO GET /api/orders 200 1076
2026-08-27 14:19:51 INFO GET /api/users 200 613
2026-08-27 14:19:54 ERROR GET /api/products 500 2484
2026-08-27 14:19:55 INFO GET /api/products 200 878
2026-08-27 14:19:56 INFO GET /api/orders 200 640
2026-08-27 14:19:57 WARNING GET /api/users/294 400 895
2026-08-27 14:19:58 INFO POST /api/orders 201 143
2026-08-27 14:19:59 INFO DELETE /api/users/165 200 260
2026-08-27 14:20:02 INFO POST /api/logout 200 997
2026-08-27 14:20:05 INFO GET /api/users/607 200 648
2026-08-27 14:20:06 INFO DELETE /api/users/537 200 1155
2026-08-27 14:20:07 WARNING DELETE /api/users/917 404 798
2026-08-27 14:20:10 WARNING PUT /api/products/873 429 1234
2026-08-27 14:20:11 INFO PUT /api/products/590 200 1009
2026-08-27 14:20:12 INFO POST /api/login 200 898
2026-08-27 14:20:13 WARNING GET /api/health 400 1756
2026-08-27 14:20:14 INFO GET /api/users/185 200 1400
2026-08-27 14:20:15 INFO POST /api/login 200 1164
2026-08-27 14:20:16 INFO GET /api/users 200 1254
2026-08-27 14:20:18 ERROR GET /api/products 503 827
2026-08-27 14:20:19 INFO GET /api/products 200 1118
2026-08-27 14:20:22 INFO POST /api/orders 200 67
2026-08-27 14:20:24 INFO GET /api/users/802 200 621
2026-08-27 14:20:25 INFO GET /api/users/206 200 856
2026-08-27 14:20:26 INFO POST /api/orders 200 399
2026-08-27 14:20:28 INFO GET /api/products 200 613
2026-08-27 14:20:31 INFO GET /api/products 200 493
2026-08-27 14:20:33 WARNING GET /api/products 400 385
2026-08-27 14:20:34 INFO GET /api/products 200 1178
2026-08-27 14:20:35 INFO GET /api/health 200 589
2026-08-27 14:20:36 INFO GET /api/health 200 934
2026-08-27 14:20:38 INFO GET /api/products 200 947
2026-08-27 14:20:40 INFO GET /api/health 200 426
2026-08-27 14:20:41 INFO DELETE /api/users/991 200 887
2026-08-27 14:20:42 INFO POST /api/login 200 581
2026-08-27 14:20:43 INFO POST /api/orders 200 504
2026-08-27 14:20:46 INFO POST /api/orders 200 53
2026-08-27 14:20:47 INFO DELETE /api/users/508 200 535
2026-08-27 14:20:50 INFO POST /api/orders 200 194
2026-08-27 14:20:51 INFO PUT /api/products/215 201 144
2026-08-27 14:20:52 INFO POST /api/orders 201 1332
2026-08-27 14:20:55 ERROR DELETE /api/users/105 500 852
2026-08-27 14:20:56 INFO GET /api/users 200 428
2026-08-27 14:20:57 INFO GET /api/health 200 790
2026-08-27 14:21:00 INFO GET /api/health 200 1062
2026-08-27 14:21:01 INFO PUT /api/products/714 200 861
2026-08-27 14:21:03 WARNING PUT /api/products/401 401 1920
2026-08-27 14:21:06 INFO GET /api/users 200 1123
2026-08-27 14:21:08 ERROR POST /api/logout 500 439
2026-08-27 14:21:09 WARNING POST /api/logout 429 1388
2026-08-27 14:21:10 INFO POST /api/logout 200 863
2026-08-27 14:21:11 ERROR GET /api/products 500 1899
2026-08-27 14:21:13 INFO POST /api/logout 200 153
2026-08-27 14:21:15 WARNING GET /api/orders 404 2437
2026-08-27 14:21:16 INFO GET /api/users/889 200 888
2026-08-27 14:21:17 INFO POST /api/orders 200 1092
2026-08-27 14:21:20 INFO PUT /api/products/903 200 1346
2026-08-27 14:21:21 INFO POST /api/orders 200 1069
2026-08-27 14:21:23 INFO GET /api/products 200 1270
2026-08-27 14:21:24 INFO GET /api/products 200 209
2026-08-27 14:21:27 INFO POST /api/logout 200 956
2026-08-27 14:21:28 INFO GET /api/health 200 1482
2026-08-27 14:21:29 INFO GET /api/users/961 201 1199
2026-08-27 14:21:30 INFO PUT /api/products/944 200 1403
2026-08-27 14:21:31 INFO POST /api/orders 200 704
2026-08-27 14:21:32 INFO POST /api/logout 200 778
2026-08-27 14:21:34 INFO POST /api/login 200 1246
2026-08-27 14:21:37 ERROR GET /api/products 503 503
2026-08-27 14:21:39 INFO POST /api/login 200 219
2026-08-27 14:21:40 INFO POST /api/login 200 916
2026-08-27 14:21:41 INFO GET /api/products 200 140
2026-08-27 14:21:43 INFO POST /api/logout 200 714
2026-08-27 14:21:44 INFO DELETE /api/users/565 200 822
2026-08-27 14:21:46 INFO DELETE /api/users/395 200 383
2026-08-27 14:21:49 INFO PUT /api/products/909 200 617
2026-08-27 14:21:52 INFO POST /api/orders 200 368
2026-08-27 14:21:53 INFO POST /api/orders 200 981
2026-08-27 14:21:55 INFO GET /api/orders 200 250
2026-08-27 14:21:57 INFO PUT /api/products/247 200 954
2026-08-27 14:21:58 WARNING GET /api/users/167 404 1306
2026-08-27 14:22:01 INFO DELETE /api/users/62 200 1374
2026-08-27 14:22:02 INFO GET /api/health 200 932
2026-08-27 14:22:04 WARNING POST /api/login 400 558
2026-08-27 14:22:05 WARNING PUT /api/products/534 429 560
2026-08-27 14:22:06 INFO GET /api/orders 200 830
2026-08-27 14:22:08 INFO GET /api/users/740 200 764
2026-08-27 14:22:10 ERROR POST /api/login 500 1870
2026-08-27 14:22:11 INFO POST /api/orders 200 841
2026-08-27 14:22:12 INFO POST /api/login 200 294
2026-08-27 14:22:15 ERROR DELETE /api/users/121 503 1902
2026-08-27 14:22:17 INFO POST /api/orders 201 967
2026-08-27 14:22:18 INFO GET /api/orders 200 1493
2026-08-27 14:22:19 INFO GET /api/health 200 52
2026-08-27 14:22:20 INFO GET /api/orders 200 296
2026-08-27 14:22:21 WARNING GET /api/users/435 401 1769
2026-08-27 14:22:23 INFO POST /api/login 200 63
2026-08-27 14:22:25 INFO GET /api/users 200 1159
2026-08-27 14:22:27 INFO POST /api/login 200 798
2026-08-27 14:22:29 INFO GET /api/users 200 469
2026-08-27 14:22:30 INFO POST /api/login 200 1303
2026-08-27 14:22:31 WARNING GET /api/orders 400 1643
2026-08-27 14:22:32 INFO POST /api/login 200 1205
2026-08-27 14:22:34 INFO POST /api/orders 200 1499
2026-08-27 14:22:35 INFO GET /api/users 200 1212
2026-08-27 14:22:38 INFO DELETE /api/users/824 200 875
2026-08-27 14:22:40 INFO GET /api/users 200 944
2026-08-27 14:22:42 INFO POST /api/orders 200 1149
2026-08-27 14:22:43 WARNING PUT /api/products/367 404 1194
2026-08-27 14:22:44 WARNING DELETE /api/users/215 404 586
2026-08-27 14:22:47 WARNING GET /api/orders 400 2250
2026-08-27 14:22:48 INFO GET /api/products 200 1062
2026-08-27 14:22:51 WARNING GET /api/users/272 429 2020
2026-08-27 14:22:54 INFO POST /api/login 200 855
2026-08-27 14:22:57 INFO POST /api/logout 200 560
2026-08-27 14:22:58 INFO GET /api/health 200 106
2026-08-27 14:22:59 INFO GET /api/health 200 885
2026-08-27 14:23:02 ERROR GET /api/users/157 500 981
2026-08-27 14:23:05 INFO GET /api/users/98 200 1351
2026-08-27 14:23:06 ERROR PUT /api/products/588 500 1179
2026-08-27 14:23:07 INFO GET /api/health 200 628
2026-08-27 14:23:08 INFO GET /api/products 200 449
2026-08-27 14:23:09 INFO POST /api/orders 200 823
2026-08-27 14:23:10 ERROR POST /api/logout 503 1641
2026-08-27 14:23:11 INFO GET /api/health 200 394
2026-08-27 14:23:12 INFO GET /api/users 200 780
2026-08-27 14:23:14 INFO GET /api/users 200 738
2026-08-27 14:23:15 INFO PUT /api/products/399 200 1104
2026-08-27 14:23:16 WARNING GET /api/users 400 1181
2026-08-27 14:23:17 WARNING GET /api/users/462 401 1401
2026-08-27 14:23:18 INFO POST /api/orders 200 916
2026-08-27 14:23:19 INFO GET /api/orders 200 930
2026-08-27 14:23:20 INFO PUT /api/products/286 200 1188
2026-08-27 14:23:23 INFO PUT /api/products/969 200 1147
2026-08-27 14:23:24 INFO GET /api/users 200 125
2026-08-27 14:23:25 INFO GET /api/health 200 512
2026-08-27 14:23:26 INFO POST /api/logout 200 705
2026-08-27 14:23:27 WARNING DELETE /api/users/954 404 1018
2026-08-27 14:23:29 INFO GET /api/products 200 141
2026-08-27 14:23:30 INFO GET /api/health 200 156
2026-08-27 14:23:31 INFO POST /api/logout 200 1426
2026-08-27 14:23:33 INFO POST /api/orders 200 1280
2026-08-27 14:23:34 INFO PUT /api/products/597 200 564
2026-08-27 14:23:35 ERROR GET /api/users 500 1719
2026-08-27 14:23:36 INFO GET /api/orders 200 365
2026-08-27 14:23:38 INFO GET /api/products 200 1351
2026-08-27 14:23:40 INFO GET /api/users/126 200 393
2026-08-27 14:23:42 INFO POST /api/orders 200 381
2026-08-27 14:23:43 INFO GET /api/users 200 706
2026-08-27 14:23:44 WARNING GET /api/products 404 1202
2026-08-27 14:23:45 INFO POST /api/login 200 298
2026-08-27 14:23:46 INFO POST /api/logout 200 986
2026-08-27 14:23:47 INFO GET /api/health 200 249
2026-08-27 14:23:48 INFO GET /api/users/912 200 299
2026-08-27 14:23:51 INFO GET /api/health 200 900
2026-08-27 14:23:53 INFO PUT /api/products/971 200 597
2026-08-27 14:23:56 INFO GET /api/health 200 306
2026-08-27 14:23:57 INFO PUT /api/products/102 200 1395
2026-08-27 14:23:58 INFO POST /api/orders 200 316
2026-08-27 14:23:59 INFO GET /api/users/474 200 520
2026-08-27 14:24:01 INFO POST /api/login 200 849
2026-08-27 14:24:03 INFO GET /api/health 200 190
2026-08-27 14:24:05 INFO GET /api/users 200 126
2026-08-27 14:24:07 INFO GET /api/health 200 181
2026-08-27 14:24:08 ERROR GET /api/users 503 405
2026-08-27 14:24:09 INFO PUT /api/products/743 200 1473
2026-08-27 14:24:10 WARNING POST /api/orders 400 2135
2026-08-27 14:24:12 INFO PUT /api/products/814 200 1257
2026-08-27 14:24:14 INFO POST /api/logout 200 1362
2026-08-27 14:24:16 INFO POST /api/logout 200 595
2026-08-27 14:24:17 INFO GET /api/health 200 320
2026-08-27 14:24:18 INFO GET /api/products 200 542
2026-08-27 14:24:21 WARNING DELETE /api/users/506 429 899
2026-08-27 14:24:24 INFO GET /api/health 200 536
2026-08-27 14:24:25 INFO GET /api/products 200 1482
2026-08-27 14:24:26 ERROR POST /api/orders 503 933
2026-08-27 14:24:27 INFO GET /api/users 200 186
2026-08-27 14:24:28 INFO POST /api/logout 200 1077
2026-08-27 14:24:31 INFO PUT /api/products/612 200 209
2026-08-27 14:24:34 INFO GET /api/users 200 752
2026-08-27 14:24:35 ERROR POST /api/logout 500 1579
2026-08-27 14:24:38 WARNING PUT /api/products/484 404 1452
2026-08-27 14:24:39 INFO GET /api/orders 200 688
2026-08-27 14:24:40 INFO GET /api/orders 200 1257
2026-08-27 14:24:41 INFO PUT /api/products/811 200 209
2026-08-27 14:24:44 WARNING GET /api/health 400 1267
2026-08-27 14:24:45 ERROR GET /api/orders 500 736
2026-08-27 14:24:48 INFO GET /api/orders 200 573
2026-08-27 14:24:49 INFO PUT /api/products/837 200 1300
2026-08-27 14:24:51 INFO GET /api/users 200 382
2026-08-27 14:24:52 INFO DELETE /api/users/305 200 888
2026-08-27 14:24:53 INFO GET /api/users/67 200 401
2026-08-27 14:24:54 INFO GET /api/users 200 1472
2026-08-27 14:24:55 ERROR GET /api/orders 500 391
2026-08-27 14:24:56 INFO GET /api/users 200 533
2026-08-27 14:24:59 INFO GET /api/health 200 453
2026-08-27 14:25:01 INFO GET /api/health 200 783
2026-08-27 14:25:04 INFO GET /api/orders 200 937
2026-08-27 14:25:05 INFO GET /api/users 200 1440
2026-08-27 14:25:08 WARNING PUT /api/products/309 429 1255
2026-08-27 14:25:09 INFO POST /api/logout 200 1325
2026-08-27 14:25:10 INFO GET /api/products 200 832
2026-08-27 14:25:11 INFO PUT /api/products/779 200 993
2026-08-27 14:25:14 INFO GET /api/products 200 651
2026-08-27 14:25:16 INFO DELETE /api/users/383 200 684
2026-08-27 14:25:18 INFO DELETE /api/users/355 200 49
2026-08-27 14:25:19 INFO POST /api/logout 200 971
2026-08-27 14:25:20 WARNING GET /api/health 400 726
2026-08-27 14:25:21 INFO POST /api/login 200 229
2026-08-27 14:25:22 INFO GET /api/users 200 142
2026-08-27 14:25:25 INFO GET /api/users/74 200 113
2026-08-27 14:25:26 INFO PUT /api/products/898 200 943
2026-08-27 14:25:27 INFO PUT /api/products/785 200 914
2026-08-27 14:25:29 INFO DELETE /api/users/671 200 190
2026-08-27 14:25:30 INFO POST /api/login 200 1028
2026-08-27 14:25:31 WARNING PUT /api/products/987 404 1031
2026-08-27 14:25:32 INFO POST /api/orders 200 207
2026-08-27 14:25:33 ERROR GET /api/users 500 671
2026-08-27 14:25:34 INFO DELETE /api/users/337 200 388
2026-08-27 14:25:35 INFO POST /api/orders 200 1178
2026-08-27 14:25:36 INFO GET /api/users 200 836
2026-08-27 14:25:37 WARNING DELETE /api/users/644 400 610
2026-08-27 14:25:38 INFO GET /api/users/829 200 976
2026-08-27 14:25:39 WARNING GET /api/users 429 1010
2026-08-27 14:25:42 WARNING GET /api/users 400 564
2026-08-27 14:25:43 INFO POST /api/logout 200 384
2026-08-27 14:25:44 ERROR PUT /api/products/489 503 1148
2026-08-27 14:25:45 INFO GET /api/users 200 687
2026-08-27 14:25:46 INFO GET /api/products 200 909
2026-08-27 14:25:48 INFO GET /api/health 200 1162
2026-08-27 14:25:49 INFO GET /api/health 200 155
2026-08-27 14:25:50 WARNING POST /api/login 401 408
2026-08-27 14:25:51 INFO GET /api/users 200 1048
2026-08-27 14:25:52 ERROR GET /api/health 500 1242
2026-08-27 14:25:54 ERROR DELETE /api/users/49 503 2275
2026-08-27 14:25:55 INFO POST /api/logout 200 584
2026-08-27 14:25:57 INFO GET /api/users/356 200 644
2026-08-27 14:26:00 INFO PUT /api/products/357 200 598
2026-08-27 14:26:01 INFO POST /api/login 200 94
2026-08-27 14:26:02 INFO GET /api/products 200 388
2026-08-27 14:26:04 INFO GET /api/orders 200 1065
2026-08-27 14:26:07 WARNING PUT /api/products/66 404 777
2026-08-27 14:26:08 INFO GET /api/orders 200 118
2026-08-27 14:26:09 INFO GET /api/orders 200 963
2026-08-27 14:26:10 INFO GET /api/products 200 179
2026-08-27 14:26:11 INFO GET /api/products 200 159
2026-08-27 14:26:12 INFO GET /api/products 200 1190
2026-08-27 14:26:15 WARNING POST /api/orders 401 1930
2026-08-27 14:26:16 INFO GET /api/users/661 200 742
2026-08-27 14:26:18 INFO GET /api/products 200 74
2026-08-27 14:26:19 INFO POST /api/logout 200 509
2026-08-27 14:26:20 INFO PUT /api/products/203 200 1197
2026-08-27 14:26:23 INFO PUT /api/products/669 200 683
2026-08-27 14:26:24 ERROR GET /api/health 500 419
2026-08-27 14:26:27 INFO PUT /api/products/860 200 163
2026-08-27 14:26:30 ERROR POST /api/login 500 886
2026-08-27 14:26:31 INFO GET /api/users/932 200 1165
2026-08-27 14:26:32 WARNING DELETE /api/users/916 401 610
2026-08-27 14:26:34 INFO GET /api/users 200 312
2026-08-27 14:26:37 WARNING PUT /api/products/273 404 1972
2026-08-27 14:26:40 INFO PUT /api/products/978 200 213
2026-08-27 14:26:41 WARNING GET /api/products 400 512
2026-08-27 14:26:43 WARNING DELETE /api/users/751 400 1582
2026-08-27 14:26:44 INFO DELETE /api/users/264 200 1055
2026-08-27 14:26:45 INFO DELETE /api/users/301 200 1278
2026-08-27 14:26:46 INFO POST /api/logout 200 685
2026-08-27 14:26:48 INFO PUT /api/products/503 200 1371
2026-08-27 14:26:50 WARNING GET /api/products 401 303
2026-08-27 14:26:53 INFO GET /api/users/134 200 500
2026-08-27 14:26:55 INFO GET /api/health 200 995
2026-08-27 14:26:58 INFO GET /api/products 200 526
2026-08-27 14:26:59 WARNING GET /api/health 429 1134
2026-08-27 14:27:00 INFO PUT /api/products/977 200 994
2026-08-27 14:27:01 INFO GET /api/users 200 661
2026-08-27 14:27:04 INFO GET /api/health 200 1254
2026-08-27 14:27:07 ERROR POST /api/orders 500 1520
2026-08-27 14:27:08 WARNING GET /api/health 400 1121
2026-08-27 14:27:10 INFO GET /api/orders 200 640
2026-08-27 14:27:11 INFO POST /api/login 200 610
2026-08-27 14:27:14 INFO GET /api/users/880 200 661
2026-08-27 14:27:15 WARNING PUT /api/products/32 401 1527
2026-08-27 14:27:16 WARNING POST /api/login 400 1143
2026-08-27 14:27:19 INFO POST /api/login 200 62
2026-08-27 14:27:20 INFO PUT /api/products/9 200 1144
2026-08-27 14:27:21 INFO GET /api/products 200 1385
2026-08-27 14:27:24 INFO GET /api/users 200 192
2026-08-27 14:27:25 INFO DELETE /api/users/657 200 391
2026-08-27 14:27:26 INFO PUT /api/products/233 200 364
2026-08-27 14:27:27 INFO POST /api/logout 200 114
2026-08-27 14:27:30 INFO GET /api/products 200 166
2026-08-27 14:27:31 ERROR GET /api/users/739 500 438
2026-08-27 14:27:34 WARNING GET /api/users/166 401 1824
2026-08-27 14:27:35 INFO GET /api/orders 200 1500
2026-08-27 14:27:37 ERROR GET /api/products 500 2121
2026-08-27 14:27:38 INFO DELETE /api/users/19 200 808
2026-08-27 14:27:39 WARNING POST /api/orders 404 1881
2026-08-27 14:27:42 INFO POST /api/logout 200 594
2026-08-27 14:27:45 INFO GET /api/users/707 200 682
2026-08-27 14:27:46 INFO GET /api/orders 200 381
2026-08-27 14:27:47 INFO GET /api/users/585 200 102
2026-08-27 14:27:48 INFO GET /api/users/581 200 993
2026-08-27 14:27:51 WARNING GET /api/users 429 1796
2026-08-27 14:27:52 INFO POST /api/orders 200 1212
2026-08-27 14:27:54 INFO PUT /api/products/320 200 692
2026-08-27 14:27:55 INFO DELETE /api/users/263 200 61
2026-08-27 14:27:56 INFO GET /api/health 200 831
2026-08-27 14:27:57 INFO POST /api/orders 200 938
2026-08-27 14:27:59 INFO GET /api/orders 200 570
